Date,Open,High,Low,Close,Volume,ticker
2018-01-02,22.83,23.42,22.65,23.25,2801720,VCB
2018-01-03,23.46,23.55,23.03,23.21,1843870,VCB
2018-01-04,23.12,23.42,22.95,23.42,1990040,VCB
2018-01-05,23.29,23.29,22.78,22.83,2045200,VCB
2018-01-08,22.83,23.46,22.41,23.42,2071140,VCB
2018-01-09,23.68,24.73,23.03,24.73,2853160,VCB
2018-01-10,24.64,25.03,24.22,24.52,2842830,VCB
2018-01-11,24.3,24.86,24.17,24.86,1766240,VCB
2018-01-12,24.52,25.11,24.52,24.52,2525840,VCB
2018-01-15,24.52,25.36,24.09,25.36,2061850,VCB
2018-01-16,25.36,25.49,24.86,25.36,2218380,VCB
2018-01-17,23.76,25.33,23.76,23.76,2077670,VCB
2018-01-18,23.68,24.73,23.63,24.73,2845720,VCB
2018-01-19,24.77,25.96,24.64,25.78,2998270,VCB
2018-01-22,26.21,26.8,26.08,26.76,2300660,VCB
2018-01-25,27.69,28.62,26.96,28.62,4788340,VCB
2018-01-26,29.34,29.59,28.1,29.21,2617800,VCB
2018-01-29,29.59,30.23,28.66,28.75,2281360,VCB
2018-01-30,28.1,28.66,27.99,28.32,2818520,VCB
2018-01-31,28.32,29.13,27.99,28.15,1936300,VCB
2018-02-01,28.07,28.66,27.82,28.15,2166810,VCB
2018-02-02,28.53,28.53,28.15,28.49,1652660,VCB
2018-02-05,27.9,28.32,26.51,26.51,2687810,VCB
2018-02-06,24.69,26.63,24.69,26.21,6724710,VCB
2018-02-07,27.48,27.56,26.55,26.84,1635780,VCB
2018-02-08,26.47,26.84,26.0,26.59,855160,VCB
2018-02-09,24.73,26.34,24.73,25.74,2408810,VCB
2018-02-12,26.21,26.84,25.66,26.84,1847850,VCB
2018-02-13,27.18,27.43,26.88,27.05,1527780,VCB
2018-02-21,27.48,28.7,27.26,27.99,2132410,VCB
2018-02-22,27.73,28.49,27.65,28.23,2352100,VCB
2018-02-23,28.32,30.18,28.19,30.18,4825770,VCB
2018-02-26,31.41,31.41,30.18,30.4,3453290,VCB
2018-02-27,30.82,31.07,30.31,30.94,2249770,VCB
2018-02-28,30.48,31.7,30.44,31.19,3475320,VCB
2018-03-01,30.7,31.54,30.01,30.23,3615670,VCB
2018-03-02,29.59,30.44,29.59,30.36,2525210,VCB
2018-03-05,30.44,30.65,28.75,28.75,2914810,VCB
2018-03-06,29.17,30.23,28.62,30.09,3103920,VCB
2018-03-07,30.23,30.4,28.96,29.43,2277620,VCB
2018-03-08,29.43,29.75,29.09,29.38,1554260,VCB
2018-03-09,29.8,30.23,29.43,30.01,3236520,VCB
2018-03-12,30.44,31.02,30.23,30.44,2899140,VCB
2018-03-13,30.44,30.7,29.84,30.44,2146470,VCB
2018-03-14,30.7,31.41,30.7,31.19,4053460,VCB
2018-03-15,30.85,31.49,30.78,31.19,2111990,VCB
2018-03-16,31.49,31.83,31.32,31.58,5327050,VCB
2018-03-19,31.96,32.34,30.85,31.41,2803610,VCB
2018-03-20,30.98,31.66,30.98,31.28,1836040,VCB
2018-03-21,31.49,31.79,31.07,31.07,2952180,VCB
2018-03-22,31.28,31.28,30.44,30.44,3871380,VCB
2018-03-23,28.96,29.89,28.96,29.55,4563730,VCB
2018-03-26,29.59,30.4,29.43,30.4,1821910,VCB
2018-03-27,30.78,30.82,29.84,30.01,2322350,VCB
2018-03-28,29.55,30.14,29.5,29.8,1643300,VCB
2018-03-29,29.93,30.27,29.63,30.01,1457380,VCB
2018-03-30,30.01,30.18,29.67,29.8,1280140,VCB
2018-04-02,30.01,31.28,29.93,31.28,3055600,VCB
2018-04-03,31.28,31.83,31.07,31.41,3500060,VCB
2018-04-04,31.49,31.62,31.07,31.07,2089100,VCB
2018-04-05,31.19,31.28,30.7,31.07,1763710,VCB
2018-04-06,31.11,31.62,31.02,31.07,2346040,VCB
2018-04-09,31.07,31.41,31.07,31.19,2693260,VCB
2018-04-10,31.49,31.83,31.11,31.49,5026810,VCB
2018-04-11,31.58,31.62,29.59,30.09,3911130,VCB
2018-04-12,29.97,30.23,29.59,29.97,3262970,VCB
2018-04-13,30.14,30.18,28.53,28.7,5148440,VCB
2018-04-16,28.41,28.57,27.52,27.86,3992890,VCB
2018-04-17,27.9,28.32,27.69,28.32,2104840,VCB
2018-04-18,28.66,28.66,27.39,27.39,2005410,VCB
2018-04-19,27.22,27.26,25.78,25.78,4909820,VCB
2018-04-20,25.87,27.05,25.66,27.05,2996320,VCB
2018-04-23,27.26,27.39,25.2,25.2,2876760,VCB
2018-04-24,24.94,25.66,24.52,25.36,4451970,VCB
2018-04-26,25.36,25.91,24.52,24.6,4669710,VCB
2018-04-27,24.6,25.44,24.56,25.36,2940100,VCB
2018-05-02,25.62,25.78,24.43,24.6,2862030,VCB
2018-05-03,24.6,25.24,24.05,25.2,3451890,VCB
2018-05-04,25.44,25.66,24.9,24.94,3234250,VCB
2018-05-07,25.28,26.25,25.07,26.25,3511210,VCB
2018-05-08,25.91,26.29,25.78,25.78,2947160,VCB
2018-05-09,25.66,25.78,25.16,25.16,2787480,VCB
2018-05-10,25.33,25.44,23.5,23.89,4433980,VCB
2018-05-11,23.89,24.52,23.03,24.48,3954360,VCB
2018-05-14,24.6,24.73,24.05,24.64,1522180,VCB
2018-05-15,24.64,25.28,24.6,24.82,2498910,VCB
2018-05-16,24.73,24.9,24.09,24.09,2368960,VCB
2018-05-17,24.09,24.26,23.76,24.01,2079780,VCB
2018-05-18,24.05,24.13,23.16,23.89,2437850,VCB
2018-05-21,23.89,24.26,23.55,23.55,1835620,VCB
2018-05-22,23.21,23.46,21.98,22.58,3235250,VCB
2018-05-23,22.41,23.03,21.98,23.03,2045320,VCB
2018-05-24,23.03,23.16,22.41,22.54,1312180,VCB
2018-05-25,22.58,22.69,21.14,21.14,2718610,VCB
2018-05-28,20.71,20.97,19.79,19.79,4579370,VCB
2018-05-29,20.08,21.14,19.79,21.14,2610350,VCB
2018-05-30,21.56,22.32,21.35,21.98,4432950,VCB
2018-05-31,21.77,23.03,21.73,22.87,3736400,VCB
2018-06-01,22.87,24.3,22.78,24.09,5930650,VCB
2018-06-04,23.89,25.2,23.68,25.07,3837380,VCB
2018-06-05,24.77,25.2,24.39,24.77,3532580,VCB
2018-06-06,24.56,25.24,24.35,24.98,2183260,VCB
2018-06-07,24.94,25.07,24.69,24.82,2538580,VCB
2018-06-08,24.64,25.53,24.64,25.24,2693680,VCB
2018-06-11,25.11,25.49,24.73,24.94,2453150,VCB
2018-06-12,24.73,24.94,23.89,24.52,3024500,VCB
2018-06-13,24.35,25.33,24.35,25.33,2054850,VCB
2018-06-14,25.33,25.33,24.52,24.56,2814340,VCB
2018-06-15,24.3,24.94,24.26,24.94,2557670,VCB
2018-06-18,24.9,24.94,23.68,23.89,2461860,VCB
2018-06-19,23.03,23.89,22.83,23.89,5149160,VCB
2018-06-20,24.09,24.82,23.76,24.56,2767440,VCB
2018-06-21,24.52,24.6,23.84,24.09,1637920,VCB
2018-06-22,23.72,24.82,23.46,24.82,2529630,VCB
2018-06-25,25.36,25.44,24.9,25.11,2415610,VCB
2018-06-26,24.73,25.11,24.52,25.07,1346430,VCB
2018-06-27,24.94,25.57,24.52,24.52,2602270,VCB
2018-06-28,24.09,24.82,24.09,24.48,2114670,VCB
2018-06-29,24.48,24.82,24.01,24.52,1439520,VCB
2018-07-02,24.3,24.69,23.42,24.56,2846420,VCB
2018-07-03,24.64,24.64,23.68,23.68,3355250,VCB
2018-07-04,23.76,23.89,23.12,23.5,2452480,VCB
2018-07-05,23.42,23.5,21.98,21.98,2865870,VCB
2018-07-06,21.6,23.42,21.35,23.25,3443450,VCB
2018-07-09,23.25,23.84,22.83,22.83,1434270,VCB
2018-07-10,23.46,23.46,22.45,22.45,1360490,VCB
2018-07-11,21.94,22.19,21.18,21.64,3312190,VCB
2018-07-12,21.64,22.65,21.35,22.15,1422890,VCB
2018-07-13,22.54,23.21,21.98,23.16,1709410,VCB
2018-07-16,23.25,23.46,22.95,23.21,1302130,VCB
2018-07-17,22.83,23.59,22.83,23.59,1594780,VCB
2018-07-18,23.59,24.3,23.59,24.3,2473610,VCB
2018-07-19,24.39,24.43,23.97,24.01,1704000,VCB
2018-07-20,23.89,24.17,23.29,24.01,2204900,VCB
2018-07-23,24.01,24.69,23.89,23.93,2618240,VCB
2018-07-24,24.09,24.26,23.68,24.09,1683260,VCB
2018-07-25,24.22,24.26,23.38,23.38,1257900,VCB
2018-07-26,23.42,23.97,23.03,23.97,2107890,VCB
2018-07-27,23.97,24.22,23.76,23.89,979280,VCB
2018-07-30,24.09,24.26,23.89,24.22,1288790,VCB
2018-07-31,24.13,25.07,24.01,24.73,3438180,VCB
2018-08-01,24.98,25.03,24.69,24.77,1902040,VCB
2018-08-02,24.6,24.94,24.39,24.94,1855340,VCB
2018-08-03,25.16,25.24,24.56,24.73,1770230,VCB
2018-08-06,24.6,25.2,24.6,24.94,1782410,VCB
2018-08-07,24.86,26.16,24.77,26.0,5488590,VCB
2018-08-08,26.04,26.38,25.78,26.25,2193510,VCB
2018-08-09,26.25,26.51,25.91,25.91,2508810,VCB
2018-08-10,25.78,26.84,25.78,26.84,3849630,VCB
2018-08-13,26.63,26.96,26.29,26.96,2397270,VCB
2018-08-14,26.96,26.96,26.51,26.55,1274800,VCB
2018-08-15,26.71,26.8,25.57,25.62,3238040,VCB
2018-08-16,25.36,25.78,24.9,25.62,3426320,VCB
2018-08-17,25.82,26.59,25.7,26.21,2711770,VCB
2018-08-20,26.21,26.43,25.96,25.96,1601770,VCB
2018-08-21,25.78,26.51,25.78,26.51,1724610,VCB
2018-08-22,26.55,26.63,26.16,26.16,1490660,VCB
2018-08-23,26.21,26.55,26.04,26.47,1301270,VCB
2018-08-24,26.47,26.47,26.12,26.21,1779380,VCB
2018-08-27,26.43,26.84,26.38,26.68,1805900,VCB
2018-08-28,26.84,27.18,26.59,27.05,2588320,VCB
2018-08-29,27.01,27.09,26.68,26.68,1117930,VCB
2018-08-30,26.68,27.14,26.38,26.96,1336350,VCB
2018-08-31,26.96,27.05,26.21,26.43,1949400,VCB
2018-09-04,26.43,26.47,25.74,25.78,2050280,VCB
2018-09-05,25.78,26.12,25.49,25.62,1766180,VCB
2018-09-06,25.62,25.78,25.44,25.49,796450,VCB
2018-09-07,25.4,26.29,25.4,26.21,1595530,VCB
2018-09-10,26.21,26.47,25.82,26.21,1505560,VCB
2018-09-11,26.0,26.68,26.0,26.63,1543540,VCB
2018-09-12,26.71,26.88,26.43,26.47,1590110,VCB
2018-09-13,26.55,26.8,26.47,26.59,1069800,VCB
2018-09-14,26.71,27.22,26.71,27.05,2405940,VCB
2018-09-17,27.05,27.05,26.59,26.59,1007490,VCB
2018-09-18,26.43,26.76,26.34,26.76,1077110,VCB
2018-09-19,26.92,26.92,26.68,26.76,1075000,VCB
2018-09-20,26.76,27.31,26.76,27.22,1709890,VCB
2018-09-21,27.48,27.77,27.05,27.31,4889170,VCB
2018-09-24,27.69,27.77,27.39,27.56,1094970,VCB
2018-09-25,27.39,27.56,27.22,27.22,1031520,VCB
2018-09-26,27.22,27.43,26.96,26.96,2099660,VCB
2018-09-27,26.96,27.14,26.71,26.8,2121040,VCB
2018-09-28,26.92,27.05,26.63,26.63,2104400,VCB
2018-10-01,26.84,26.84,26.43,26.43,1932610,VCB
2018-10-02,26.43,26.68,26.29,26.63,1601040,VCB
2018-10-03,26.8,26.84,26.43,26.63,1034920,VCB
2018-10-04,26.63,27.05,26.55,26.63,2298750,VCB
2018-10-05,26.76,26.97,26.59,26.59,1633520,VCB
2018-10-08,26.55,26.71,26.38,26.38,1347760,VCB
2018-10-09,26.47,26.63,26.38,26.42,868060,VCB
2018-10-10,26.51,26.55,26.29,26.42,781330,VCB
2018-10-11,25.69,25.69,24.62,24.7,3432840,VCB
2018-10-12,24.4,25.64,24.4,25.64,2266290,VCB
2018-10-15,25.6,25.69,25.14,25.31,1155630,VCB
2018-10-16,25.26,25.52,25.22,25.34,1079700,VCB
2018-10-17,25.64,25.64,25.31,25.34,1293490,VCB
2018-10-18,25.26,25.34,24.79,24.84,1605080,VCB
2018-10-19,24.4,25.09,24.4,24.7,1188910,VCB
2018-10-22,25.05,25.18,24.45,24.45,1204690,VCB
2018-10-23,24.4,24.53,23.12,23.9,2346810,VCB
2018-10-24,23.9,24.23,23.76,23.76,1474260,VCB
2018-10-25,22.69,23.64,22.69,23.46,1744120,VCB
2018-10-26,23.94,23.94,22.9,22.9,1220360,VCB
2018-10-29,22.82,23.07,22.48,22.65,1261730,VCB
2018-10-30,22.65,23.25,22.57,23.21,1337430,VCB
2018-10-31,23.21,24.27,23.21,23.81,1245750,VCB
2018-11-01,23.9,23.94,23.46,23.55,1221200,VCB
2018-11-02,23.55,24.1,23.55,24.06,1136910,VCB
2018-11-05,23.94,24.19,23.81,24.19,873020,VCB
2018-11-06,24.4,24.4,23.9,23.9,667710,VCB
2018-11-07,23.9,24.06,23.6,23.76,668290,VCB
2018-11-08,24.27,24.31,23.85,23.85,575720,VCB
2018-11-09,23.64,23.85,23.25,23.25,885690,VCB
2018-11-12,23.12,23.38,22.6,23.38,687980,VCB
2018-11-13,22.82,23.25,22.82,22.95,601520,VCB
2018-11-14,22.95,23.25,22.6,22.77,530120,VCB
2018-11-15,22.77,22.95,22.48,22.86,828510,VCB
2018-11-16,23.12,23.16,22.73,22.77,1227840,VCB
2018-11-19,23.12,23.12,22.77,23.12,1145500,VCB
2018-11-20,23.12,23.12,22.82,23.03,1086240,VCB
2018-11-21,22.73,23.72,22.69,23.72,1908000,VCB
2018-11-22,23.55,23.76,23.42,23.46,961120,VCB
2018-11-23,23.42,23.55,23.12,23.12,897050,VCB
2018-11-26,23.12,23.25,22.99,23.12,673900,VCB
2018-11-27,23.29,23.42,22.77,22.86,1284900,VCB
2018-11-28,22.86,23.6,22.86,23.6,1483680,VCB
2018-11-29,23.81,24.14,23.55,23.55,2360280,VCB
2018-11-30,23.51,23.97,23.46,23.72,1430640,VCB
2018-12-03,24.27,24.84,24.06,24.84,2226730,VCB
2018-12-04,24.75,24.96,24.45,24.66,1367410,VCB
2018-12-05,24.4,24.92,24.19,24.75,2014850,VCB
2018-12-06,24.58,24.84,24.27,24.36,2258320,VCB
2018-12-07,24.58,24.7,24.45,24.49,835390,VCB
2018-12-10,24.49,24.58,24.23,24.36,1050910,VCB
2018-12-11,24.36,24.49,24.06,24.31,1119050,VCB
2018-12-12,24.53,24.84,24.31,24.84,1466430,VCB
2018-12-13,24.96,25.0,24.66,24.66,851900,VCB
2018-12-14,24.62,24.66,24.19,24.19,880580,VCB
2018-12-17,23.97,24.14,23.46,23.46,1787440,VCB
2018-12-18,23.16,23.76,23.16,23.6,1459730,VCB
2018-12-19,23.6,23.72,23.16,23.29,1131780,VCB
2018-12-20,23.25,23.64,23.25,23.38,877260,VCB
2018-12-21,23.34,23.34,23.03,23.34,1690120,VCB
2018-12-24,23.34,23.51,22.73,22.73,864160,VCB
2018-12-25,22.27,22.69,21.83,22.57,1964060,VCB
2018-12-26,22.52,22.9,22.52,22.6,782180,VCB
2018-12-27,23.12,23.25,22.9,22.9,571770,VCB
2018-12-28,23.03,23.34,22.82,22.9,781690,VCB
2019-01-02,23.07,23.25,22.9,22.95,1081640,VCB
2019-01-03,23.12,23.16,22.57,22.95,1071350,VCB
2019-01-04,22.82,23.29,22.52,23.29,1307310,VCB
2019-01-07,23.68,23.76,23.34,23.38,1175810,VCB
2019-01-08,23.55,23.64,23.34,23.55,1318810,VCB
2019-01-09,23.76,24.01,23.46,23.9,1136370,VCB
2019-01-10,23.9,23.9,23.55,23.55,794870,VCB
2019-01-11,23.64,23.76,23.51,23.64,1115410,VCB
2019-01-14,23.64,23.76,23.51,23.68,759980,VCB
2019-01-15,23.68,24.01,23.64,23.94,1071080,VCB
2019-01-16,24.1,24.1,23.55,23.72,706160,VCB
2019-01-17,23.68,23.85,23.6,23.64,460060,VCB
2019-01-18,23.64,23.72,23.46,23.46,542400,VCB
2019-01-21,23.38,24.06,23.34,23.9,870530,VCB
2019-01-22,23.97,23.97,23.64,23.64,398340,VCB
2019-01-23,23.51,23.76,23.51,23.72,514720,VCB
2019-01-24,23.72,23.81,23.55,23.72,463870,VCB
2019-01-25,23.76,24.01,23.72,23.9,1008850,VCB
2019-01-28,23.97,23.97,23.76,23.76,336990,VCB
2019-01-29,23.76,24.27,23.64,24.27,973050,VCB
2019-01-30,24.27,24.49,24.27,24.27,1152720,VCB
2019-01-31,24.31,24.58,24.31,24.31,1147760,VCB
2019-02-01,24.4,24.58,24.19,24.19,827040,VCB
2019-02-11,24.4,24.92,24.31,24.88,1395030,VCB
2019-02-12,24.88,25.26,24.75,25.09,1683680,VCB
2019-02-13,25.09,25.64,25.09,25.6,1853680,VCB
2019-02-14,25.6,25.82,25.52,25.77,1629070,VCB
2019-02-15,25.69,25.69,25.34,25.38,1249180,VCB
2019-02-18,25.47,25.69,25.47,25.69,1027840,VCB
2019-02-19,25.69,25.77,25.26,25.26,1304520,VCB
2019-02-20,25.38,25.52,25.22,25.31,818480,VCB
2019-02-21,25.47,25.73,25.31,25.73,2044240,VCB
2019-02-22,25.77,26.71,25.69,26.55,2502840,VCB
2019-02-25,26.76,27.36,26.68,27.14,2079790,VCB
2019-02-26,27.14,27.18,26.51,26.97,1976570,VCB
2019-02-27,26.88,26.97,26.38,26.51,1148480,VCB
2019-02-28,26.51,26.76,25.9,25.9,2027080,VCB
2019-03-01,26.12,26.63,26.03,26.63,713500,VCB
2019-03-04,26.63,26.97,26.63,26.88,1347480,VCB
2019-03-05,26.88,27.32,26.76,26.97,1576750,VCB
2019-03-06,27.01,27.1,26.51,26.84,1081870,VCB
2019-03-07,26.84,27.32,26.8,27.01,1897450,VCB
2019-03-08,26.71,26.97,26.59,26.88,997370,VCB
2019-03-11,26.76,26.84,26.51,26.8,1020600,VCB
2019-03-12,26.97,27.75,26.84,27.75,2194380,VCB
2019-03-13,27.83,27.92,27.62,27.92,1680350,VCB
2019-03-14,27.92,28.69,27.62,28.69,2271650,VCB
2019-03-15,28.77,28.77,28.25,28.25,2616060,VCB
2019-03-18,28.47,29.03,28.47,28.95,1936700,VCB
2019-03-19,28.95,28.95,28.56,28.6,1390640,VCB
2019-03-20,28.56,28.77,28.34,28.56,2441040,VCB
2019-03-21,28.64,29.07,28.47,28.51,1525770,VCB
2019-03-22,28.6,28.69,28.47,28.64,1375420,VCB
2019-03-25,27.83,28.25,27.4,28.05,1635900,VCB
2019-03-26,28.3,28.47,28.05,28.05,1127550,VCB
2019-03-27,28.21,28.21,27.71,28.05,538180,VCB
2019-03-28,28.12,28.56,28.01,28.56,742470,VCB
2019-03-29,28.69,28.9,28.6,28.81,678050,VCB
2019-04-01,29.07,29.07,28.95,29.03,684060,VCB
2019-04-02,29.11,29.34,28.9,28.9,556970,VCB
2019-04-03,28.9,28.95,28.47,28.77,445650,VCB
2019-04-04,28.99,29.07,28.6,28.99,948960,VCB
2019-04-05,29.03,29.2,29.03,29.16,477530,VCB
2019-04-08,29.16,29.84,29.07,29.84,1121900,VCB
2019-04-09,29.84,29.97,29.71,29.88,759180,VCB
2019-04-10,29.75,29.75,29.45,29.49,719030,VCB
2019-04-11,29.54,29.54,28.99,29.34,405090,VCB
2019-04-12,29.38,29.38,28.95,29.11,355400,VCB
2019-04-16,29.11,29.11,28.43,28.86,404640,VCB
2019-04-17,29.07,29.2,28.69,29.11,516710,VCB
2019-04-18,28.9,29.42,28.9,29.07,554820,VCB
2019-04-19,29.07,29.34,29.07,29.11,232550,VCB
2019-04-22,28.73,29.16,28.69,29.07,313210,VCB
2019-04-23,29.11,29.11,28.3,28.9,1260620,VCB
2019-04-24,28.9,29.63,28.9,29.34,684540,VCB
2019-04-25,29.34,29.34,28.99,28.99,348700,VCB
2019-04-26,29.03,29.25,28.9,29.07,277260,VCB
2019-05-02,28.95,29.07,28.43,28.64,628430,VCB
2019-05-03,28.6,28.77,28.3,28.56,789780,VCB
2019-05-06,28.34,28.6,28.21,28.39,364560,VCB
2019-05-07,28.39,28.69,27.75,28.08,1103060,VCB
2019-05-08,27.66,28.08,27.66,27.87,947120,VCB
2019-05-09,28.01,28.25,27.87,28.05,659180,VCB
2019-05-10,28.05,28.3,27.92,28.08,554370,VCB
2019-05-13,28.17,28.3,28.08,28.21,475420,VCB
2019-05-14,28.01,28.51,28.01,28.51,628480,VCB
2019-05-15,28.56,28.86,28.47,28.6,734230,VCB
2019-05-16,28.6,28.86,28.6,28.6,412210,VCB
2019-05-17,28.6,28.69,28.51,28.6,449040,VCB
2019-05-20,28.6,29.16,28.56,29.03,607060,VCB
2019-05-21,29.07,29.29,28.99,28.99,473170,VCB
2019-05-22,28.77,29.38,28.69,28.77,662700,VCB
2019-05-23,28.86,29.11,28.73,28.95,378440,VCB
2019-05-24,28.81,29.11,28.3,28.47,931250,VCB
2019-05-27,28.69,29.03,28.47,28.86,341320,VCB
2019-05-28,28.69,29.38,28.6,28.86,664400,VCB
2019-05-29,28.95,29.16,28.77,28.9,313510,VCB
2019-05-30,28.9,29.16,28.81,28.99,320900,VCB
2019-05-31,28.9,29.11,28.6,28.77,712090,VCB
2019-06-03,28.47,28.77,27.4,28.47,593660,VCB
2019-06-04,28.25,28.9,28.21,28.77,387780,VCB
2019-06-05,28.77,28.9,28.56,28.56,269120,VCB
2019-06-06,28.56,28.56,27.83,28.21,394550,VCB
2019-06-07,28.47,28.69,27.92,28.08,490880,VCB
2019-06-10,28.6,28.9,28.25,28.56,585460,VCB
2019-06-11,28.47,28.9,28.47,28.86,280100,VCB
2019-06-12,28.86,28.9,28.64,28.69,212910,VCB
2019-06-13,28.69,28.9,28.43,28.81,546960,VCB
2019-06-14,28.9,29.8,28.81,29.63,2478770,VCB
2019-06-17,29.63,30.1,29.54,29.63,1018520,VCB
2019-06-18,29.54,30.19,29.2,30.1,958120,VCB
2019-06-19,29.88,30.27,29.71,29.88,767310,VCB
2019-06-20,29.84,30.62,29.8,30.62,934290,VCB
2019-06-21,30.4,30.82,30.4,30.4,1785930,VCB
2019-06-24,30.62,31.6,30.4,31.25,1407410,VCB
2019-06-25,31.17,31.17,30.82,30.99,390840,VCB
2019-06-26,30.99,31.04,30.19,30.19,918850,VCB
2019-06-27,30.4,30.4,29.71,29.75,1187150,VCB
2019-06-28,29.8,30.82,29.29,30.19,830140,VCB
2019-07-01,30.4,30.79,30.36,30.53,565640,VCB
2019-07-02,30.62,30.62,30.1,30.19,363020,VCB
2019-07-03,30.19,30.4,29.8,29.8,796720,VCB
2019-07-04,29.97,31.04,29.84,31.04,1125010,VCB
2019-07-05,31.04,31.08,30.82,31.08,425620,VCB
2019-07-08,30.82,30.95,30.4,30.53,723300,VCB
2019-07-09,30.62,30.79,30.23,30.79,668550,VCB
2019-07-10,31.04,31.12,30.79,31.04,639160,VCB
2019-07-11,31.08,31.94,31.08,31.68,1286980,VCB
2019-07-12,31.68,31.9,31.51,31.56,926210,VCB
2019-07-15,31.68,32.12,31.56,32.12,1089930,VCB
2019-07-16,32.32,33.4,32.28,33.06,1901200,VCB
2019-07-17,32.75,33.01,32.45,32.62,802350,VCB
2019-07-18,32.5,33.06,32.36,32.71,858680,VCB
2019-07-19,32.5,34.16,32.71,33.82,1316760,VCB
2019-07-22,33.82,34.04,33.69,33.82,930520,VCB
2019-07-23,33.78,33.95,33.6,33.78,626060,VCB
2019-07-24,34.04,34.04,32.75,32.92,1380620,VCB
2019-07-25,32.92,33.31,32.84,33.27,457360,VCB
2019-07-26,33.27,34.12,33.18,33.6,942260,VCB
2019-07-29,33.6,34.69,33.53,34.69,986830,VCB
2019-07-30,35.1,35.32,34.51,34.51,1133490,VCB
2019-07-31,34.25,34.47,34.08,34.34,512820,VCB
2019-08-01,34.34,34.47,34.12,34.47,538850,VCB
2019-08-02,34.12,34.47,33.86,33.86,680000,VCB
2019-08-05,33.91,34.12,33.01,33.14,857570,VCB
2019-08-06,32.71,32.92,32.45,32.67,1172520,VCB
2019-08-07,32.67,33.56,32.67,33.56,567830,VCB
2019-08-08,33.6,34.16,33.45,33.6,612530,VCB
2019-08-09,33.69,33.99,33.56,33.6,638630,VCB
2019-08-12,33.6,33.74,33.06,33.27,475000,VCB
2019-08-13,33.06,33.18,32.5,32.67,809300,VCB
2019-08-14,33.4,33.4,32.67,32.67,354750,VCB
2019-08-15,31.94,33.82,31.94,33.82,510330,VCB
2019-08-16,33.31,33.65,33.31,33.36,551180,VCB
2019-08-19,33.36,33.6,32.84,32.88,692740,VCB
2019-08-20,33.31,33.31,32.84,32.92,453760,VCB
2019-08-21,32.92,34.38,32.84,34.25,1927720,VCB
2019-08-22,34.34,34.43,34.08,34.25,762090,VCB
2019-08-23,34.25,34.34,33.91,33.91,451500,VCB
2019-08-26,33.49,33.65,33.18,33.31,672220,VCB
2019-08-27,33.49,33.74,32.54,32.75,1116480,VCB
2019-08-28,32.88,33.1,32.88,32.97,588810,VCB
2019-08-29,32.92,33.14,32.75,32.88,422240,VCB
2019-08-30,32.92,33.27,32.97,33.27,280130,VCB
2019-09-03,33.31,33.36,32.84,33.31,580830,VCB
2019-09-04,33.18,33.18,32.92,33.1,527770,VCB
2019-09-05,33.06,33.74,33.06,33.22,408900,VCB
2019-09-06,33.4,33.4,32.97,33.1,287990,VCB
2019-09-09,33.1,33.14,32.97,33.06,236440,VCB
2019-09-10,33.06,33.91,33.01,33.27,651950,VCB
2019-09-11,33.1,33.6,33.1,33.49,141450,VCB
2019-09-12,33.6,34.04,33.6,34.04,800240,VCB
2019-09-13,34.16,35.1,34.16,35.06,1408780,VCB
2019-09-16,35.06,35.41,34.6,34.69,697310,VCB
2019-09-17,34.55,34.81,34.47,34.73,896290,VCB
2019-09-18,34.73,35.32,34.47,34.51,809820,VCB
2019-09-19,34.69,34.98,34.47,34.9,527230,VCB
2019-09-20,34.9,35.45,34.69,34.69,2794080,VCB
2019-09-23,34.93,35.06,33.82,33.82,1187100,VCB
2019-09-24,34.04,34.6,33.78,34.51,791470,VCB
2019-09-25,34.25,34.64,33.99,34.55,729340,VCB
2019-09-26,34.55,34.81,34.38,34.69,1040190,VCB
2019-09-27,34.81,35.58,34.6,35.49,1388490,VCB
2019-09-30,35.49,35.67,35.06,35.14,775770,VCB
2019-10-01,35.14,35.79,35.02,35.71,795100,VCB
2019-10-02,35.71,35.84,34.98,35.1,1224650,VCB
2019-10-03,35.02,35.1,34.51,35.1,1003810,VCB
2019-10-04,35.1,35.75,35.02,35.54,1121700,VCB
2019-10-07,35.97,36.18,35.45,35.45,1134390,VCB
2019-10-08,35.45,36.52,35.45,36.43,1461940,VCB
2019-10-09,36.43,36.69,36.18,36.18,860160,VCB
2019-10-10,36.35,36.47,36.18,36.23,753670,VCB
2019-10-11,36.18,36.56,36.14,36.52,730370,VCB
2019-10-14,36.61,36.82,36.39,36.39,620800,VCB
2019-10-15,36.39,36.56,36.27,36.47,648400,VCB
2019-10-16,36.91,36.95,36.69,36.86,668740,VCB
2019-10-17,36.99,36.99,36.31,36.47,1023870,VCB
2019-10-18,36.61,36.73,36.31,36.39,417240,VCB
2019-10-21,36.35,36.35,35.79,36.05,561470,VCB
2019-10-22,36.05,36.73,36.05,36.56,473090,VCB
2019-10-23,36.61,36.73,36.23,36.52,538120,VCB
2019-10-24,36.52,37.25,36.43,37.21,660180,VCB
2019-10-25,37.21,37.89,37.08,37.67,838210,VCB
2019-10-28,37.67,37.76,37.42,37.42,383850,VCB
2019-10-29,37.42,37.47,36.95,36.99,702620,VCB
2019-10-30,36.86,37.76,36.86,37.6,607710,VCB
2019-10-31,37.71,37.89,37.51,37.56,319340,VCB
2019-11-01,37.56,38.28,37.47,38.01,1071470,VCB
2019-11-04,38.24,39.6,38.24,39.39,1091260,VCB
2019-11-05,39.43,39.6,38.84,38.88,616630,VCB
2019-11-06,38.88,39.52,38.84,38.96,673230,VCB
2019-11-07,38.96,39.34,38.96,39.09,360850,VCB
2019-11-08,39.09,39.34,38.88,39.17,416510,VCB
2019-11-11,39.3,39.3,38.96,39.09,423790,VCB
2019-11-12,39.13,39.43,39.09,39.26,595820,VCB
2019-11-13,39.48,39.48,38.54,38.75,706550,VCB
2019-11-14,38.75,39.13,38.62,38.92,375320,VCB
2019-11-15,38.54,38.96,38.28,38.41,565270,VCB
2019-11-18,38.32,38.49,37.47,37.51,700550,VCB
2019-11-19,37.67,38.96,37.67,38.96,526560,VCB
2019-11-20,38.96,38.96,38.32,38.32,516280,VCB
2019-11-21,38.15,38.41,37.47,37.47,1000670,VCB
2019-11-22,36.61,37.89,36.47,36.61,1346230,VCB
2019-11-25,36.61,36.82,35.37,36.18,1445550,VCB
2019-11-26,36.18,36.73,36.18,36.27,727130,VCB
2019-11-27,36.61,37.25,36.52,36.95,484360,VCB
2019-11-28,36.82,36.95,36.35,36.52,494650,VCB
2019-11-29,36.65,36.73,36.39,36.52,318000,VCB
2019-12-02,36.52,36.69,35.54,35.75,438800,VCB
2019-12-03,35.54,36.01,35.1,35.1,635370,VCB
2019-12-04,35.06,36.31,34.9,36.27,376730,VCB
2019-12-05,36.39,36.69,36.23,36.31,378490,VCB
2019-12-06,36.31,36.47,36.14,36.35,256400,VCB
2019-12-09,36.35,36.69,36.14,36.47,400740,VCB
2019-12-10,36.52,36.77,36.39,36.56,512290,VCB
2019-12-11,36.82,36.82,36.47,36.77,415080,VCB
2019-12-12,36.86,37.67,36.82,37.47,464750,VCB
2019-12-13,37.71,37.89,37.47,37.85,746800,VCB
2019-12-16,37.85,37.85,36.39,36.82,665550,VCB
2019-12-17,36.99,37.25,36.52,36.52,266250,VCB
2019-12-18,36.56,37.12,36.52,37.12,845740,VCB
2019-12-19,37.12,37.76,36.82,37.67,1014960,VCB
2019-12-20,37.67,37.89,37.6,37.8,389360,VCB
2019-12-23,38.06,38.96,38.06,38.92,937250,VCB
2019-12-24,38.88,38.88,38.06,38.54,507600,VCB
2019-12-25,38.54,38.92,38.1,38.49,230880,VCB
2019-12-26,38.75,38.75,38.1,38.28,404110,VCB
2019-12-27,38.24,38.75,37.8,38.75,498870,VCB
2019-12-30,39.09,39.83,38.88,39.31,660140,VCB
2019-12-31,39.13,39.35,38.92,38.97,230770,VCB
2020-01-02,38.97,39.48,38.75,39.22,386290,VCB
2020-01-03,39.52,39.66,38.84,38.84,536130,VCB
2020-01-06,38.54,38.66,37.79,37.79,880110,VCB
2020-01-07,37.58,37.97,36.89,37.92,1013270,VCB
2020-01-08,37.54,37.97,37.24,37.58,722280,VCB
2020-01-09,37.88,38.4,37.88,38.32,722670,VCB
2020-01-10,38.32,39.05,37.97,38.66,1526920,VCB
2020-01-13,38.45,38.8,38.45,38.62,1044640,VCB
2020-01-14,38.66,38.88,38.49,38.62,1001130,VCB
2020-01-15,38.71,38.71,38.36,38.58,1471860,VCB
2020-01-16,38.58,39.01,38.4,38.66,1171580,VCB
2020-01-17,38.66,40.82,38.66,40.82,2219790,VCB
2020-01-20,40.82,40.95,40.39,40.6,832190,VCB
2020-01-21,40.56,40.86,40.43,40.6,749590,VCB
2020-01-22,40.6,41.04,40.22,40.35,877710,VCB
2020-01-30,39.78,39.92,37.58,38.4,3541560,VCB
2020-01-31,38.01,38.8,37.88,38.32,1270160,VCB
2020-02-03,36.33,38.97,35.85,38.32,1457070,VCB
2020-02-04,38.45,38.8,37.88,38.8,1118410,VCB
2020-02-05,38.97,39.05,38.36,38.4,731310,VCB
2020-02-06,38.62,39.26,38.36,38.62,889570,VCB
2020-02-07,38.8,39.22,38.45,38.88,1170540,VCB
2020-02-10,38.54,38.66,38.23,38.4,607060,VCB
2020-02-11,38.45,38.66,38.4,38.54,520210,VCB
2020-02-12,38.8,38.8,38.49,38.62,609750,VCB
2020-02-13,38.54,38.66,38.36,38.58,633270,VCB
2020-02-14,38.45,38.8,38.45,38.58,432800,VCB
2020-02-17,38.58,38.84,38.49,38.62,343900,VCB
2020-02-18,38.71,38.71,38.45,38.62,432880,VCB
2020-02-19,38.45,38.66,38.45,38.66,264010,VCB
2020-02-20,38.75,39.05,38.54,38.66,541120,VCB
2020-02-21,38.66,38.66,38.45,38.45,898350,VCB
2020-02-24,37.15,38.01,37.15,37.67,995910,VCB
2020-02-25,37.15,37.58,37.06,37.24,1229530,VCB
2020-02-26,37.15,37.15,36.29,36.71,1163030,VCB
2020-02-27,36.29,36.54,35.81,36.29,1227980,VCB
2020-02-28,34.61,36.03,34.61,35.59,1710080,VCB
2020-03-02,35.2,35.51,35.12,35.33,668980,VCB
2020-03-03,36.07,36.07,35.51,35.51,848270,VCB
2020-03-04,35.42,35.42,34.98,35.29,581530,VCB
2020-03-05,35.51,36.11,35.51,35.9,833710,VCB
2020-03-06,35.85,37.02,35.42,36.5,884750,VCB
2020-03-09,34.12,34.94,33.95,33.95,1209500,VCB
2020-03-10,33.69,34.52,32.57,34.52,1433230,VCB
2020-03-11,34.73,34.73,32.14,33.27,1806190,VCB
2020-03-12,31.1,31.54,30.97,30.97,1582400,VCB
2020-03-13,28.81,31.54,28.81,30.68,1859750,VCB
2020-03-16,30.68,30.68,28.73,28.99,1022550,VCB
2020-03-17,27.47,29.16,27.47,29.16,1364590,VCB
2020-03-18,29.38,30.54,29.38,29.93,1099800,VCB
2020-03-19,29.07,29.67,28.51,28.51,1191150,VCB
2020-03-20,28.51,28.64,26.57,26.57,2763360,VCB
2020-03-23,24.88,25.27,24.71,24.71,1875070,VCB
2020-03-24,24.71,25.23,24.45,25.06,1498070,VCB
2020-03-25,25.92,26.78,25.79,26.78,1835730,VCB
2020-03-26,26.78,27.95,26.57,27.3,1484590,VCB
2020-03-27,27.35,28.47,27.0,27.69,1569620,VCB
2020-03-30,25.96,26.53,25.83,26.35,1637330,VCB
2020-03-31,26.57,27.69,25.92,26.78,957500,VCB
2020-04-01,26.57,28.47,26.57,28.08,1229320,VCB
2020-04-03,28.08,28.64,27.65,28.29,1726690,VCB
2020-04-06,29.16,29.5,28.51,29.38,2111200,VCB
2020-04-07,29.38,29.81,28.85,29.45,1773570,VCB
2020-04-08,28.94,29.45,28.85,29.16,1778380,VCB
2020-04-09,29.38,31.1,29.38,30.68,1795170,VCB
2020-04-10,30.68,31.05,30.07,30.5,1599380,VCB
2020-04-13,30.5,31.01,30.24,30.59,1046830,VCB
2020-04-14,30.46,30.59,29.29,30.19,1944570,VCB
2020-04-15,30.11,30.8,30.11,30.63,1017740,VCB
2020-04-16,30.24,30.76,30.15,30.76,1057050,VCB
2020-04-17,30.88,31.01,30.63,30.84,1473140,VCB
2020-04-20,30.97,31.28,30.59,31.05,1026030,VCB
2020-04-21,30.68,30.88,29.29,30.88,2159110,VCB
2020-04-22,29.81,30.72,29.81,29.93,1612290,VCB
2020-04-23,30.68,30.68,29.72,29.89,1201610,VCB
2020-04-24,29.89,30.07,29.16,29.76,972170,VCB
2020-04-27,30.19,30.19,28.85,28.85,2547060,VCB
2020-04-28,28.85,29.59,28.16,28.94,2052860,VCB
2020-04-29,29.38,29.42,28.94,29.38,1523750,VCB
2020-05-04,29.38,29.42,28.85,29.11,852260,VCB
2020-05-05,29.07,29.25,28.85,28.85,1007640,VCB
2020-05-06,29.07,29.25,28.73,29.2,855770,VCB
2020-05-07,29.29,30.11,29.25,30.11,1936540,VCB
2020-05-08,30.24,32.06,30.15,31.75,3865590,VCB
2020-05-11,32.18,32.18,31.32,32.18,1696160,VCB
2020-05-12,32.22,32.83,32.14,32.66,2199500,VCB
2020-05-13,32.66,33.04,31.1,32.66,1851970,VCB
2020-05-14,32.4,33.0,32.35,32.83,2121750,VCB
2020-05-15,33.0,33.04,32.66,32.83,1596240,VCB
2020-05-18,32.96,34.12,32.74,33.91,1002690,VCB
2020-05-19,34.52,34.61,34.04,34.12,1129270,VCB
2020-05-20,33.86,34.43,33.86,34.39,710200,VCB
2020-05-21,34.56,35.07,34.39,35.07,1425500,VCB
2020-05-22,35.07,35.12,34.56,34.98,805710,VCB
2020-05-25,34.94,35.12,34.91,35.03,708710,VCB
2020-05-26,34.98,35.68,34.98,35.64,740930,VCB
2020-05-27,35.85,36.45,35.81,35.81,817770,VCB
2020-05-28,35.85,36.76,35.85,36.5,1849310,VCB
2020-05-29,36.71,37.15,36.5,36.8,1161180,VCB
2020-06-01,36.93,37.46,36.93,37.37,725310,VCB
2020-06-02,37.54,37.54,37.28,37.41,1009040,VCB
2020-06-03,37.58,37.97,37.54,37.97,462750,VCB
2020-06-04,38.01,38.45,38.01,38.45,450240,VCB
2020-06-05,38.49,38.58,37.58,38.45,810570,VCB
2020-06-08,38.45,38.97,38.19,38.62,802240,VCB
2020-06-09,38.84,38.88,38.62,38.66,417690,VCB
2020-06-10,38.66,38.8,38.58,38.71,793590,VCB
2020-06-11,38.66,38.71,37.58,38.01,1163900,VCB
2020-06-12,35.64,37.37,35.64,36.97,1612920,VCB
2020-06-15,36.97,37.06,35.33,35.42,1218540,VCB
2020-06-16,36.29,36.29,35.59,36.16,802980,VCB
2020-06-17,36.71,36.8,36.2,36.37,737830,VCB
2020-06-18,36.29,37.37,36.25,36.71,1809780,VCB
2020-06-19,36.71,37.15,36.71,36.89,723970,VCB
2020-06-22,36.71,36.97,36.71,36.93,1308600,VCB
2020-06-23,36.93,37.58,36.85,37.15,917230,VCB
2020-06-24,37.15,37.15,36.33,36.59,710160,VCB
2020-06-25,35.73,36.45,35.73,36.16,506650,VCB
2020-06-26,36.33,36.59,35.85,35.99,355930,VCB
2020-06-29,35.99,35.99,35.03,35.2,594140,VCB
2020-06-30,35.64,35.64,34.56,34.69,709990,VCB
2020-07-01,34.69,35.73,34.56,35.73,404440,VCB
2020-07-02,35.94,35.94,34.98,35.68,469040,VCB
2020-07-03,35.64,35.99,35.51,35.85,370340,VCB
2020-07-06,35.85,36.03,35.59,35.81,1218830,VCB
2020-07-07,36.29,36.37,35.99,36.03,1336830,VCB
2020-07-08,35.94,36.03,35.77,35.85,485190,VCB
2020-07-09,36.25,36.25,35.99,36.11,962170,VCB
2020-07-10,36.03,36.11,35.47,35.73,918560,VCB
2020-07-13,36.03,36.07,35.59,35.81,371630,VCB
2020-07-14,35.81,35.85,35.51,35.85,427110,VCB
2020-07-15,35.94,36.2,35.94,36.07,1198530,VCB
2020-07-16,36.2,36.25,35.81,36.07,1091190,VCB
2020-07-17,36.11,36.11,35.77,35.77,628000,VCB
2020-07-20,35.64,35.73,35.29,35.51,696830,VCB
2020-07-21,35.64,35.77,35.29,35.64,681740,VCB
2020-07-22,35.64,35.64,35.51,35.64,625320,VCB
2020-07-23,35.64,35.77,35.47,35.64,1350870,VCB
2020-07-24,35.47,35.55,33.91,34.98,1341540,VCB
2020-07-27,32.83,34.56,32.83,33.27,1274570,VCB
2020-07-28,33.27,34.04,33.04,33.91,910690,VCB
2020-07-29,32.83,33.69,32.44,33.48,833570,VCB
2020-07-30,33.53,33.91,33.39,33.44,937680,VCB
2020-07-31,32.83,33.44,32.83,33.0,672940,VCB
2020-08-03,32.83,34.04,32.83,34.04,422820,VCB
2020-08-04,34.56,35.38,34.3,35.38,616840,VCB
2020-08-05,35.38,35.85,34.73,35.73,778840,VCB
2020-08-06,35.68,35.9,35.38,35.77,802350,VCB
2020-08-07,35.85,35.85,35.59,35.81,518660,VCB
2020-08-10,35.85,35.94,35.38,35.38,576570,VCB
2020-08-11,35.64,35.68,35.33,35.47,312920,VCB
2020-08-12,35.47,35.55,35.38,35.47,310430,VCB
2020-08-13,35.81,35.85,35.42,35.85,385320,VCB
2020-08-14,35.85,35.9,35.38,35.42,820270,VCB
2020-08-17,35.42,35.81,35.29,35.55,389480,VCB
2020-08-18,35.55,35.68,35.29,35.55,331690,VCB
2020-08-19,35.55,35.85,35.42,35.85,586790,VCB
2020-08-20,35.85,36.5,35.85,35.85,1093620,VCB
2020-08-21,35.85,35.94,35.68,35.81,1281740,VCB
2020-08-24,35.85,36.54,35.85,36.25,1530010,VCB
2020-08-25,36.25,36.67,36.25,36.25,1748400,VCB
2020-08-26,36.25,36.25,36.03,36.07,1585740,VCB
2020-08-27,36.07,36.25,35.94,36.07,1003280,VCB
2020-08-28,36.11,36.25,35.99,36.03,1645430,VCB
2020-08-31,36.29,36.5,35.77,35.85,971310,VCB
2020-09-01,35.85,35.99,35.81,35.85,1625600,VCB
2020-09-03,36.16,37.37,36.16,37.24,2503810,VCB
2020-09-04,36.71,37.19,36.63,36.67,2425360,VCB
2020-09-07,36.59,36.76,36.11,36.11,1181750,VCB
2020-09-08,36.11,36.25,35.55,35.64,1985560,VCB
2020-09-09,35.42,35.94,35.2,35.51,1472680,VCB
2020-09-10,35.85,35.99,35.47,35.47,689700,VCB
2020-09-11,35.47,35.68,35.33,35.55,665690,VCB
2020-09-14,35.77,35.9,35.73,35.85,594680,VCB
2020-09-15,35.85,36.07,35.64,35.64,998970,VCB
2020-09-16,35.68,35.9,35.42,35.81,628030,VCB
2020-09-17,35.64,35.85,35.42,35.64,1043250,VCB
2020-09-18,35.59,35.85,35.59,35.81,1188400,VCB
2020-09-21,35.9,36.11,35.85,35.85,1671360,VCB
2020-09-22,35.85,36.45,35.77,36.29,1746960,VCB
2020-09-23,36.37,36.93,36.37,36.89,1395190,VCB
2020-09-24,36.33,37.24,36.33,37.19,1628730,VCB
2020-09-25,37.19,37.24,36.93,37.15,1107270,VCB
2020-09-28,37.06,37.24,36.89,37.15,1254760,VCB
2020-09-29,37.15,37.19,36.2,36.54,1609090,VCB
2020-09-30,36.71,36.71,36.2,36.33,584450,VCB
2020-10-01,36.76,36.76,36.37,36.63,367030,VCB
2020-10-02,36.63,36.71,34.56,36.29,890840,VCB
2020-10-05,36.5,36.71,36.03,36.07,811740,VCB
2020-10-06,36.2,36.45,35.94,36.25,1105060,VCB
2020-10-07,36.11,36.8,35.9,36.71,988270,VCB
2020-10-08,36.93,36.93,36.2,36.63,549140,VCB
2020-10-09,36.5,36.71,36.5,36.63,366200,VCB
2020-10-12,37.15,37.58,36.63,37.11,1574610,VCB
2020-10-13,37.15,37.54,36.93,37.37,814530,VCB
2020-10-14,37.5,38.45,37.46,38.1,1206380,VCB
2020-10-15,38.1,38.28,37.5,38.28,1424740,VCB
2020-10-16,38.23,38.28,37.79,38.1,668850,VCB
2020-10-19,38.01,38.14,37.79,37.79,1052250,VCB
2020-10-20,37.58,37.92,37.54,37.88,1075780,VCB
2020-10-21,37.92,38.28,37.11,37.24,1452050,VCB
2020-10-22,37.19,37.41,36.76,37.41,1320610,VCB
2020-10-23,37.54,37.79,37.46,37.79,657830,VCB
2020-10-26,37.79,37.92,37.15,37.15,911390,VCB
2020-10-27,37.15,37.71,36.93,37.15,1169320,VCB
2020-10-28,37.15,37.37,36.07,36.37,866330,VCB
2020-10-29,36.45,36.63,36.07,36.11,764720,VCB
2020-10-30,36.11,36.45,35.77,35.85,1090610,VCB
2020-11-02,35.85,37.06,35.85,37.06,366300,VCB
2020-11-03,37.06,37.11,36.59,36.71,308550,VCB
2020-11-04,36.71,36.93,36.41,36.71,394660,VCB
2020-11-05,36.93,36.93,36.63,36.71,507960,VCB
2020-11-06,36.76,36.76,36.29,36.71,323160,VCB
2020-11-09,36.71,37.06,36.63,36.93,1007000,VCB
2020-11-10,37.19,37.71,36.76,36.76,1511520,VCB
2020-11-11,36.93,37.41,36.67,36.67,1032520,VCB
2020-11-12,37.02,37.37,36.97,37.32,405350,VCB
2020-11-13,37.41,37.54,37.24,37.54,417840,VCB
2020-11-16,37.67,37.92,36.71,37.06,1250340,VCB
2020-11-17,37.06,37.83,36.93,37.83,548250,VCB
2020-11-18,37.83,37.88,37.58,37.83,906810,VCB
2020-11-19,37.88,38.97,37.75,38.97,2584440,VCB
2020-11-20,39.31,39.96,38.92,39.96,1231960,VCB
2020-11-23,39.78,39.92,39.31,39.57,648830,VCB
2020-11-24,39.74,39.92,39.22,39.92,996580,VCB
2020-11-25,39.96,40.69,39.87,40.39,1088020,VCB
2020-11-26,40.39,40.6,40.0,40.6,698350,VCB
2020-11-27,40.6,40.82,40.27,40.82,1210580,VCB
2020-11-30,40.47,40.6,39.52,40.18,1448340,VCB
2020-12-01,39.17,40.27,39.17,39.74,1162270,VCB
2020-12-02,39.74,40.39,39.52,40.39,746710,VCB
2020-12-03,40.39,40.56,39.92,40.39,736760,VCB
2020-12-04,40.27,40.39,39.35,39.35,860900,VCB
2020-12-07,39.48,40.31,39.48,40.22,945460,VCB
2020-12-08,40.18,40.56,39.52,40.22,702820,VCB
2020-12-09,40.43,41.69,40.27,41.69,1198160,VCB
2020-12-10,41.69,42.21,41.65,41.98,1299820,VCB
2020-12-11,41.98,42.02,41.43,41.98,776190,VCB
2020-12-14,41.98,43.15,41.43,43.15,931080,VCB
2020-12-15,42.77,43.11,41.69,42.25,1433260,VCB
2020-12-16,42.55,43.15,42.25,43.15,740700,VCB
2020-12-17,42.59,42.59,41.04,41.47,2305960,VCB
2020-12-18,41.47,42.73,41.47,42.73,1053200,VCB
2020-12-21,43.07,43.12,42.37,43.07,697030,VCB
2020-12-22,42.68,42.73,42.46,42.63,748840,VCB
2020-12-23,42.46,42.9,42.2,42.46,666390,VCB
2020-12-24,42.63,42.63,41.8,42.37,815730,VCB
2020-12-25,42.24,42.51,42.11,42.51,314960,VCB
2020-12-28,42.68,42.77,42.37,42.68,836090,VCB
2020-12-29,42.68,43.46,42.59,43.2,696510,VCB
2020-12-30,43.2,43.37,42.46,42.63,509510,VCB
2020-12-31,42.63,43.12,42.24,42.63,367140,VCB
2021-01-04,42.68,43.46,42.37,43.12,855900,VCB
2021-01-05,43.12,43.81,43.12,43.24,739200,VCB
2021-01-06,43.33,46.25,43.24,45.73,2080400,VCB
2021-01-07,45.29,47.26,45.29,46.6,889000,VCB
2021-01-08,47.04,47.04,45.51,45.64,963900,VCB
2021-01-11,45.56,46.03,45.34,45.51,847400,VCB
2021-01-12,45.98,45.98,45.38,45.98,634900,VCB
2021-01-13,45.98,46.2,45.29,45.64,1064200,VCB
2021-01-14,45.73,45.82,44.99,45.25,832200,VCB
2021-01-15,45.64,45.69,44.63,44.94,1099800,VCB
2021-01-18,45.07,45.73,44.85,44.99,1060400,VCB
2021-01-19,44.89,44.99,41.84,43.12,1130300,VCB
2021-01-20,43.12,46.11,42.68,43.15,2093000,VCB
2021-01-21,43.15,44.85,42.68,44.85,1283700,VCB
2021-01-22,44.85,45.29,44.42,44.85,1268500,VCB
2021-01-25,44.03,44.85,44.03,44.63,725900,VCB
2021-01-26,44.63,44.63,43.12,43.94,970500,VCB
2021-01-27,43.15,43.55,40.89,42.42,1566800,VCB
2021-01-28,40.07,40.63,39.46,39.46,1205500,VCB
2021-01-29,37.24,42.2,37.24,40.5,1359000,VCB
2021-02-01,41.8,41.8,39.63,39.67,1309600,VCB
2021-02-02,40.07,42.11,40.07,42.02,1064500,VCB
2021-02-03,42.63,43.12,42.06,43.07,1454600,VCB
2021-02-04,43.07,43.12,40.89,43.07,967300,VCB
2021-02-05,43.07,43.55,42.63,43.55,897400,VCB
2021-02-08,43.12,43.46,40.54,40.98,2902200,VCB
2021-02-09,42.24,42.42,40.54,42.33,2978900,VCB
2021-02-17,42.46,43.55,42.46,43.55,1054100,VCB
2021-02-18,43.12,44.42,42.68,44.42,1688900,VCB
2021-02-19,43.2,44.3,43.15,44.11,1851200,VCB
2021-02-22,43.77,44.42,43.68,43.81,1388700,VCB
2021-02-23,43.55,43.99,43.2,43.55,1441400,VCB
2021-02-24,43.77,43.99,42.02,42.73,1265300,VCB
2021-02-25,43.12,43.33,42.51,42.77,896100,VCB
2021-02-26,42.37,43.12,42.24,42.77,1070700,VCB
2021-03-01,42.77,43.24,42.77,43.2,911200,VCB
2021-03-02,43.55,44.34,42.68,43.24,1189600,VCB
2021-03-03,42.81,43.29,42.77,42.85,915600,VCB
2021-03-04,42.94,43.33,40.54,42.37,1118100,VCB
2021-03-05,42.29,42.33,41.37,41.98,1661600,VCB
2021-03-08,42.24,42.24,41.37,41.46,1501800,VCB
2021-03-09,41.37,41.37,40.54,41.37,1344300,VCB
2021-03-10,41.37,41.73,40.94,41.59,1063900,VCB
2021-03-11,41.73,42.15,41.73,41.94,1009800,VCB
2021-03-12,41.94,42.02,41.15,41.73,1259800,VCB
2021-03-15,41.8,42.24,41.59,41.94,1438400,VCB
2021-03-16,41.8,41.8,41.42,41.68,655800,VCB
2021-03-17,41.59,41.73,41.37,41.64,1239400,VCB
2021-03-18,41.89,42.46,41.59,42.46,1609100,VCB
2021-03-19,42.29,42.29,41.02,41.02,1595700,VCB
2021-03-22,41.8,42.46,41.55,42.24,1902000,VCB
2021-03-23,42.2,42.2,41.55,41.73,940800,VCB
2021-03-24,41.37,41.77,40.98,41.25,1422500,VCB
2021-03-25,41.25,41.8,41.15,41.42,1160300,VCB
2021-03-26,41.37,41.59,40.8,41.33,1196800,VCB
2021-03-29,41.46,41.73,40.72,41.51,1195800,VCB
2021-03-30,41.51,41.51,40.98,41.29,1748700,VCB
2021-03-31,41.15,41.42,40.98,41.29,944600,VCB
2021-04-01,41.46,42.55,41.46,42.2,2697600,VCB
2021-04-02,42.46,42.9,42.2,42.59,2277500,VCB
2021-04-05,43.55,44.77,42.94,44.42,3592400,VCB
2021-04-06,44.42,44.63,43.77,44.38,2243200,VCB
2021-04-07,43.99,44.42,43.72,44.38,1182700,VCB
2021-04-08,44.38,44.38,43.33,43.55,1575400,VCB
2021-04-09,43.33,43.33,42.46,42.46,2101700,VCB
2021-04-12,42.9,43.2,42.42,43.07,2670100,VCB
2021-04-13,43.55,43.55,42.46,42.46,1670900,VCB
2021-04-14,42.37,42.99,42.2,42.99,1336800,VCB
2021-04-15,43.46,43.46,42.15,42.46,2152800,VCB
2021-04-16,42.37,42.9,41.8,41.94,1515900,VCB
2021-04-19,42.24,42.9,41.73,42.9,1387500,VCB
2021-04-20,43.15,45.73,42.9,44.85,6274200,VCB
2021-04-22,44.85,45.98,44.51,44.85,2981300,VCB
2021-04-23,44.85,45.29,43.77,45.29,2285300,VCB
2021-04-26,45.29,45.29,42.63,42.94,3595400,VCB
2021-04-27,42.94,43.37,42.55,43.12,1191800,VCB
2021-04-28,43.12,43.24,42.55,43.12,1426900,VCB
2021-04-29,43.12,43.55,42.68,43.55,1615700,VCB
2021-05-04,43.12,43.37,42.68,43.15,1496300,VCB
2021-05-05,43.15,44.42,43.15,44.07,1826700,VCB
2021-05-06,44.07,44.3,43.12,43.24,1161200,VCB
2021-05-07,43.07,43.12,42.11,42.24,2284800,VCB
2021-05-10,42.11,42.77,41.77,42.73,1674000,VCB
2021-05-11,42.77,43.24,42.46,42.63,1171500,VCB
2021-05-12,42.63,42.63,42.24,42.37,1218300,VCB
2021-05-13,42.33,42.59,42.15,42.15,1698000,VCB
2021-05-14,42.42,42.81,42.06,42.2,1403600,VCB
2021-05-17,42.29,42.37,41.73,41.8,1715100,VCB
2021-05-18,41.51,41.8,41.15,41.2,2103400,VCB
2021-05-19,41.2,41.2,40.85,40.98,1678100,VCB
2021-05-20,40.98,43.12,40.98,43.12,1904100,VCB
2021-05-21,41.94,42.68,41.8,42.15,1459200,VCB
2021-05-24,42.46,42.9,42.02,42.42,1814700,VCB
2021-05-25,42.42,43.55,42.42,43.46,3816000,VCB
2021-05-26,43.51,44.34,43.41,43.72,2356000,VCB
2021-05-27,43.72,43.72,42.68,42.99,1455000,VCB
2021-05-28,43.12,44.03,42.51,43.37,2196000,VCB
2021-05-31,43.99,43.99,42.81,42.94,2621000,VCB
2021-06-01,43.29,45.38,42.99,45.16,4533500,VCB
2021-06-02,45.29,46.82,45.16,46.16,4274100,VCB
2021-06-03,46.2,47.04,46.16,46.47,2802000,VCB
2021-06-04,46.38,46.38,45.34,45.69,2405800,VCB
2021-06-07,45.42,45.69,44.07,44.85,2969900,VCB
2021-06-08,44.85,45.29,43.55,43.55,2351600,VCB
2021-06-09,43.55,44.42,43.2,44.42,2393900,VCB
2021-06-10,44.42,44.81,43.55,44.34,2262500,VCB
2021-06-11,44.03,45.07,43.77,44.77,2048000,VCB
2021-06-14,44.47,45.03,44.11,44.42,1459700,VCB
2021-06-15,44.47,44.85,43.99,44.77,1420700,VCB
2021-06-16,44.63,46.16,44.63,45.29,2898400,VCB
2021-06-17,45.29,45.73,44.42,45.38,1557000,VCB
2021-06-18,45.51,47.46,45.42,47.26,3234900,VCB
2021-06-21,47.04,47.12,46.16,46.42,2107900,VCB
2021-06-22,46.64,47.26,46.38,46.86,1481900,VCB
2021-06-23,47.04,48.35,46.6,47.77,2248600,VCB
2021-06-24,47.9,48.25,46.95,48.21,1143400,VCB
2021-06-25,48.21,49.12,47.42,49.04,1688800,VCB
2021-06-28,49.04,49.21,48.39,49.04,1524500,VCB
2021-06-29,48.77,49.65,48.56,49.65,1853100,VCB
2021-06-30,49.65,51.04,49.65,50.69,2768000,VCB
2021-07-01,50.82,50.87,50.08,50.69,1836400,VCB
2021-07-02,50.69,50.78,49.65,50.03,1727200,VCB
2021-07-05,49.61,49.61,48.3,49.47,2049100,VCB
2021-07-06,48.99,50.08,48.77,48.77,1249600,VCB
2021-07-07,48.77,49.39,46.16,49.39,2679800,VCB
2021-07-08,48.43,49.21,47.46,48.35,1384100,VCB
2021-07-09,47.9,48.39,46.51,47.82,2936900,VCB
2021-07-12,47.68,47.68,44.89,46.64,2480600,VCB
2021-07-13,46.56,46.56,44.47,45.03,1865300,VCB
2021-07-14,45.01,45.05,43.53,44.32,2251700,VCB
2021-07-15,43.61,45.49,43.61,44.61,2319400,VCB
2021-07-16,44.61,45.01,43.97,44.61,1467300,VCB
2021-07-19,43.53,43.61,41.75,42.23,2542200,VCB
2021-07-20,42.58,43.97,40.7,43.61,2386000,VCB
2021-07-21,43.31,43.75,42.79,43.09,1463700,VCB
2021-07-22,43.05,43.83,42.66,43.66,1455800,VCB
2021-07-23,43.23,43.44,42.23,42.23,1668700,VCB
2021-07-26,42.0,42.44,41.66,41.78,1264200,VCB
2021-07-27,42.44,42.49,41.36,41.36,2654200,VCB
2021-07-28,41.41,42.23,41.41,42.23,1490800,VCB
2021-07-29,42.4,42.61,42.23,42.61,1191800,VCB
2021-07-30,42.35,43.01,42.31,42.66,1354600,VCB
2021-08-02,42.23,42.97,41.96,42.23,1279800,VCB
2021-08-03,42.27,43.01,42.23,43.01,1265700,VCB
2021-08-04,43.18,43.23,42.71,42.88,1160300,VCB
2021-08-05,42.66,43.31,42.61,43.27,1127700,VCB
2021-08-06,43.44,43.44,42.71,42.71,1114400,VCB
2021-08-09,42.71,43.05,42.53,42.79,1228900,VCB
2021-08-10,43.09,43.18,42.88,43.09,1556400,VCB
2021-08-11,43.23,44.28,43.14,43.75,1711700,VCB
2021-08-12,43.75,43.88,43.31,43.49,986600,VCB
2021-08-13,43.49,43.49,42.79,43.35,1328900,VCB
2021-08-16,43.35,43.79,43.09,43.79,1992400,VCB
2021-08-17,44.61,44.83,43.97,43.97,1688700,VCB
2021-08-18,43.97,44.61,43.4,43.97,1848000,VCB
2021-08-19,43.83,44.83,43.44,44.75,2576600,VCB
2021-08-20,44.05,44.36,43.27,43.57,1798500,VCB
2021-08-23,43.09,43.53,42.05,42.35,2136200,VCB
2021-08-24,43.18,43.18,42.0,42.23,1069100,VCB
2021-08-25,42.23,43.09,42.13,42.44,1069200,VCB
2021-08-26,42.58,43.09,42.13,42.13,1076900,VCB
2021-08-27,41.78,42.88,41.78,42.58,1106600,VCB
2021-08-30,42.83,43.27,42.58,43.23,1221700,VCB
2021-08-31,43.31,43.49,42.79,43.27,747500,VCB
2021-09-01,43.27,43.49,41.78,43.27,907500,VCB
2021-09-06,43.27,43.57,43.27,43.53,904500,VCB
2021-09-07,43.49,43.88,43.44,43.53,1041800,VCB
2021-09-08,43.53,43.57,42.13,43.4,863000,VCB
2021-09-09,43.4,43.57,42.93,43.23,817200,VCB
2021-09-10,43.44,43.44,42.93,43.18,857800,VCB
2021-09-13,43.01,43.09,42.71,42.71,1043100,VCB
2021-09-14,42.71,42.88,42.23,42.79,1230500,VCB
2021-09-15,42.79,42.79,42.27,42.27,798500,VCB
2021-09-16,43.05,43.05,42.44,42.71,570400,VCB
2021-09-17,42.44,42.83,42.31,42.31,1002200,VCB
2021-09-20,42.35,43.97,42.35,43.35,1277900,VCB
2021-09-21,43.31,43.44,42.66,42.66,862000,VCB
2021-09-22,42.83,43.31,42.66,43.31,362800,VCB
2021-09-23,43.35,43.71,42.88,43.31,676000,VCB
2021-09-24,43.31,43.44,43.23,43.31,454700,VCB
2021-09-27,43.31,43.4,42.66,42.66,465500,VCB
2021-09-28,42.58,43.23,42.44,43.18,484500,VCB
2021-09-29,43.31,43.31,42.44,42.88,565000,VCB
2021-09-30,42.88,42.93,42.27,42.31,1199900,VCB
2021-10-01,42.35,42.75,41.71,41.75,1611900,VCB
2021-10-04,41.78,42.0,41.09,41.18,913400,VCB
2021-10-05,41.41,41.83,41.41,41.62,973700,VCB
2021-10-06,41.62,41.62,41.27,41.62,691200,VCB
2021-10-07,41.62,42.13,41.36,42.13,797200,VCB
2021-10-08,42.05,42.23,41.62,42.23,697000,VCB
2021-10-11,42.23,42.83,42.13,42.44,1096000,VCB
2021-10-12,42.79,42.79,42.23,42.23,761100,VCB
2021-10-13,42.61,42.66,42.23,42.23,1426300,VCB
2021-10-14,42.23,42.31,41.75,42.09,1784700,VCB
2021-10-15,42.13,42.35,42.0,42.0,731500,VCB
2021-10-18,41.91,42.23,41.36,41.78,1247900,VCB
2021-10-19,41.83,42.0,41.44,41.96,836300,VCB
2021-10-20,41.96,42.09,40.92,41.36,1561000,VCB
2021-10-21,41.53,41.78,40.92,40.92,1226100,VCB
2021-10-22,41.36,41.36,40.92,41.05,240000,VCB
2021-10-25,41.75,41.75,40.96,40.96,800600,VCB
2021-10-26,40.96,41.18,40.74,40.92,632000,VCB
2021-10-27,41.18,42.0,41.05,41.83,1428600,VCB
2021-10-28,42.05,42.61,41.83,42.61,1772600,VCB
2021-10-29,42.35,42.83,42.18,42.66,1263800,VCB
2021-11-01,42.71,42.75,42.23,42.23,1057500,VCB
2021-11-02,42.4,42.66,42.35,42.61,808300,VCB
2021-11-03,42.53,43.01,42.35,42.97,1830000,VCB
2021-11-04,42.97,43.01,42.31,42.83,989400,VCB
2021-11-05,42.44,43.09,42.23,42.44,1126300,VCB
2021-11-08,42.71,42.83,42.44,42.75,1184200,VCB
2021-11-09,42.66,42.93,42.23,42.27,1377600,VCB
2021-11-10,42.27,42.75,42.13,42.49,857100,VCB
2021-11-11,42.58,43.23,42.23,42.79,1115600,VCB
2021-11-12,42.79,42.79,42.44,42.75,614800,VCB
2021-11-15,42.79,43.09,42.31,42.53,766700,VCB
2021-11-16,42.53,42.88,42.23,42.31,706300,VCB
2021-11-17,42.31,42.71,42.31,42.66,788300,VCB
2021-11-18,42.79,42.79,42.23,42.23,709700,VCB
2021-11-19,42.31,42.61,42.27,42.27,413000,VCB
2021-11-22,42.35,43.05,42.27,43.01,1017300,VCB
2021-11-23,43.09,43.14,42.75,43.14,549200,VCB
2021-11-24,43.18,45.96,43.18,45.62,1883300,VCB
2021-11-25,45.71,47.02,45.54,46.62,1473200,VCB
2021-11-26,46.45,47.1,45.28,45.71,879600,VCB
2021-11-29,44.96,45.66,43.97,44.01,851000,VCB
2021-11-30,45.28,45.28,43.05,43.05,1336500,VCB
2021-12-01,43.27,44.19,42.79,43.09,551500,VCB
2021-12-02,43.66,43.88,43.01,43.14,787700,VCB
2021-12-03,43.18,43.88,42.44,42.66,795900,VCB
2021-12-06,42.66,43.53,41.53,41.53,1008600,VCB
2021-12-07,41.83,43.27,41.83,42.75,820000,VCB
2021-12-08,42.66,43.27,42.66,42.97,507500,VCB
2021-12-09,42.4,43.27,42.35,43.18,805400,VCB
2021-12-10,43.97,44.75,43.49,43.53,1881200,VCB
2021-12-13,44.41,44.41,43.18,43.35,1038000,VCB
2021-12-14,43.35,43.75,43.14,43.23,862300,VCB
2021-12-15,43.31,43.83,43.09,43.49,732300,VCB
2021-12-16,43.88,43.88,42.71,43.14,1047100,VCB
2021-12-17,43.53,43.53,42.0,42.0,3475700,VCB
2021-12-20,42.88,43.31,42.71,43.31,736900,VCB
2021-12-21,43.09,43.44,42.88,43.05,774100,VCB
2021-12-22,43.29,43.75,43.07,43.23,1915300,VCB
2021-12-23,43.57,44.37,43.02,43.02,1489000,VCB
2021-12-24,43.18,44.14,43.18,44.14,849400,VCB
2021-12-27,44.37,45.15,43.8,44.87,934100,VCB
2021-12-28,44.98,45.55,43.86,44.98,1168800,VCB
2021-12-29,44.7,44.87,44.48,44.7,440000,VCB
2021-12-30,44.87,44.92,43.69,44.08,920300,VCB
2021-12-31,44.42,44.53,44.08,44.31,422000,VCB
2022-01-04,44.42,44.64,43.86,44.42,1133800,VCB
2022-01-05,44.42,45.21,43.86,43.86,1603100,VCB
2022-01-06,44.2,44.92,43.8,44.48,1215600,VCB
2022-01-07,44.75,44.92,43.97,44.87,966200,VCB
2022-01-10,44.81,44.92,44.14,44.42,941200,VCB
2022-01-11,44.98,44.98,44.14,44.64,952700,VCB
2022-01-12,44.64,44.98,43.86,44.98,1801500,VCB
2022-01-13,45.26,47.45,45.09,46.05,2532800,VCB
2022-01-14,46.05,46.9,45.55,46.9,1522100,VCB
2022-01-17,46.67,49.48,46.28,48.47,2628500,VCB
2022-01-18,48.08,49.25,47.24,49.25,1696600,VCB
2022-01-19,49.2,49.2,47.79,48.8,914800,VCB
2022-01-20,47.9,49.2,46.72,48.97,2794300,VCB
2022-01-21,48.86,50.61,48.41,50.15,2502300,VCB
2022-01-24,50.27,52.58,49.59,52.3,2728300,VCB
2022-01-25,52.01,53.98,50.04,53.87,2396600,VCB
2022-01-26,53.87,53.87,52.07,53.14,2523500,VCB
2022-01-27,52.3,53.14,50.83,51.17,1732900,VCB
2022-01-28,51.17,51.73,50.04,50.04,2055700,VCB
2022-02-07,50.94,52.24,50.32,51.95,1620800,VCB
2022-02-08,51.95,51.95,50.66,51.73,1146400,VCB
2022-02-09,51.28,51.67,50.77,51.05,1582900,VCB
2022-02-10,51.23,52.52,51.17,51.34,1827200,VCB
2022-02-11,51.34,51.5,50.61,50.61,1158400,VCB
2022-02-14,49.54,49.93,48.36,48.36,3629100,VCB
2022-02-15,48.36,49.65,47.12,48.92,2453500,VCB
2022-02-16,49.2,49.43,48.59,48.92,1286000,VCB
2022-02-17,48.92,49.31,48.8,49.2,1431200,VCB
2022-02-18,48.59,49.2,48.59,49.03,1066200,VCB
2022-02-21,48.69,49.25,48.69,49.15,1017900,VCB
2022-02-22,48.92,48.92,47.79,48.8,1540200,VCB
2022-02-23,48.92,48.92,48.25,48.86,986300,VCB
2022-02-24,48.74,48.8,47.79,47.96,2078700,VCB
2022-02-25,47.96,48.3,47.79,47.85,1616500,VCB
2022-02-28,47.85,47.85,47.45,47.51,1322100,VCB
2022-03-01,47.51,48.02,47.28,47.79,1295400,VCB
2022-03-02,48.13,48.13,47.34,47.79,1655600,VCB
2022-03-03,47.79,48.08,47.62,48.08,1052200,VCB
2022-03-04,47.9,48.08,47.68,47.74,1058100,VCB
2022-03-07,47.4,47.74,47.18,47.74,996900,VCB
2022-03-08,47.12,47.51,45.83,45.83,2936300,VCB
2022-03-09,45.99,46.72,45.93,46.67,1325300,VCB
2022-03-10,46.67,47.06,46.61,46.95,1154100,VCB
2022-03-11,47.06,47.18,46.67,47.12,876100,VCB
2022-03-14,46.84,47.34,46.78,47.34,1438200,VCB
2022-03-15,47.24,47.28,45.55,45.6,2385900,VCB
2022-03-16,45.72,46.78,45.72,46.39,1000600,VCB
2022-03-17,46.67,46.95,46.5,46.67,1222400,VCB
2022-03-18,46.72,47.9,46.61,47.34,1406600,VCB
2022-03-21,47.34,48.08,47.24,47.74,933900,VCB
2022-03-22,47.74,48.08,47.74,47.74,775100,VCB
2022-03-23,47.74,48.13,47.74,47.74,966600,VCB
2022-03-24,47.74,47.74,46.95,46.95,570200,VCB
2022-03-25,47.24,47.24,46.1,46.39,1137800,VCB
2022-03-28,46.67,46.67,46.1,46.33,725400,VCB
2022-03-29,46.33,46.67,45.88,46.05,1007700,VCB
2022-03-30,45.99,46.95,45.83,46.1,913900,VCB
2022-03-31,46.1,46.44,46.1,46.16,492400,VCB
2022-04-01,46.16,47.01,45.6,46.56,900300,VCB
2022-04-04,46.78,47.28,46.44,46.44,712000,VCB
2022-04-05,46.56,46.78,46.44,46.67,526100,VCB
2022-04-06,46.61,47.79,45.93,47.56,2009600,VCB
2022-04-07,47.74,47.9,46.67,46.67,928000,VCB
2022-04-08,47.18,47.18,46.61,46.67,788200,VCB
2022-04-12,46.67,46.78,45.88,46.33,841300,VCB
2022-04-13,46.67,46.72,46.1,46.33,850700,VCB
2022-04-14,46.33,46.61,45.55,45.55,1151400,VCB
2022-04-15,45.66,45.83,45.09,45.09,894800,VCB
2022-04-18,44.98,45.09,43.63,43.69,1237300,VCB
2022-04-19,43.75,44.14,43.63,43.69,1003400,VCB
2022-04-20,43.86,44.37,43.69,44.08,904600,VCB
2022-04-21,44.08,44.53,43.97,44.08,2178200,VCB
2022-04-22,44.48,46.44,44.48,46.22,2771900,VCB
2022-04-25,46.22,46.67,43.29,45.99,2479400,VCB
2022-04-26,44.42,45.26,44.42,45.26,1912000,VCB
2022-04-27,44.08,46.1,43.97,45.83,1429800,VCB
2022-04-28,45.83,45.88,44.7,45.83,564100,VCB
2022-04-29,45.77,46.28,44.98,45.49,1259200,VCB
2022-05-04,45.49,45.55,44.42,44.92,892600,VCB
2022-05-05,45.26,45.83,44.75,45.55,1019300,VCB
2022-05-06,44.81,45.66,44.64,44.64,775900,VCB
2022-05-09,44.31,45.21,43.75,43.8,1674200,VCB
2022-05-10,43.35,44.98,43.35,44.98,926000,VCB
2022-05-11,44.98,45.15,44.42,44.98,931300,VCB
2022-05-12,44.42,44.92,43.29,43.29,972300,VCB
2022-05-13,43.29,43.86,41.04,41.04,1963600,VCB
2022-05-16,42.45,42.96,41.61,41.73,1558800,VCB
2022-05-17,41.73,43.29,41.1,42.73,2262300,VCB
2022-05-18,43.29,43.29,42.17,42.39,881000,VCB
2022-05-19,42.17,43.13,42.06,42.73,575800,VCB
2022-05-20,42.23,43.02,42.17,42.34,661800,VCB
2022-05-23,42.51,42.51,41.39,41.83,631600,VCB
2022-05-24,42.11,42.57,41.78,42.51,898700,VCB
2022-05-25,42.73,43.29,42.06,43.29,817000,VCB
2022-05-26,43.29,43.35,42.73,43.13,978900,VCB
2022-05-27,43.13,43.52,42.91,43.52,892000,VCB
2022-05-30,43.52,45.55,42.96,43.86,1327400,VCB
2022-05-31,44.37,44.37,43.86,44.37,483700,VCB
2022-06-01,44.42,45.26,44.42,45.26,798800,VCB
2022-06-02,45.44,45.44,44.42,44.42,641400,VCB
2022-06-03,44.08,44.7,42.96,43.57,527800,VCB
2022-06-06,43.57,44.98,42.23,44.81,880500,VCB
2022-06-07,44.42,46.1,43.91,45.55,933000,VCB
2022-06-08,45.55,45.55,44.31,44.53,1164700,VCB
2022-06-09,44.42,44.92,43.69,43.75,1067500,VCB
2022-06-10,43.75,44.42,43.52,43.69,390900,VCB
2022-06-13,43.29,43.29,41.67,42.96,1105800,VCB
2022-06-14,42.45,43.91,41.61,43.29,1066200,VCB
2022-06-15,43.52,44.03,42.34,43.02,1243600,VCB
2022-06-16,43.13,44.98,43.02,44.48,1209600,VCB
2022-06-17,43.29,44.03,42.79,42.79,1050600,VCB
2022-06-20,44.7,44.7,42.34,42.73,1089700,VCB
2022-06-21,42.73,43.69,42.28,43.69,937100,VCB
2022-06-22,43.8,43.86,42.17,42.73,1069200,VCB
2022-06-23,42.23,43.13,42.11,42.68,590200,VCB
2022-06-24,42.85,42.91,41.94,42.17,648600,VCB
2022-06-27,42.45,42.73,42.06,42.11,862500,VCB
2022-06-28,42.17,43.29,42.06,42.91,1095800,VCB
2022-06-29,42.62,42.68,42.34,42.45,847500,VCB
2022-06-30,42.45,42.73,42.06,42.06,678400,VCB
2022-07-01,41.88,42.17,40.99,41.61,1383000,VCB
2022-07-04,42.11,42.28,41.55,41.67,746200,VCB
2022-07-05,42.11,42.11,41.39,41.61,1064500,VCB
2022-07-06,41.44,41.55,38.74,40.93,1548200,VCB
2022-07-07,40.88,42.45,40.32,42.45,1258400,VCB
2022-07-08,42.11,42.17,41.55,41.61,761000,VCB
2022-07-11,41.22,41.33,40.48,40.48,660800,VCB
2022-07-12,40.54,40.82,40.32,40.42,811500,VCB
2022-07-13,40.38,41.27,40.15,40.38,1379900,VCB
2022-07-14,40.38,40.93,40.27,40.7,329400,VCB
2022-07-15,40.54,41.33,40.54,40.65,597500,VCB
2022-07-18,40.76,40.99,40.48,40.48,391400,VCB
2022-07-19,40.48,40.54,39.98,40.09,812100,VCB
2022-07-20,40.27,40.76,40.27,40.76,544900,VCB
2022-07-21,40.76,40.99,40.54,40.76,1164600,VCB
2022-07-22,40.54,40.88,40.48,40.76,1009600,VCB
2022-07-25,40.7,41.16,40.48,40.99,962700,VCB
2022-07-26,41.16,41.83,41.16,41.55,1119800,VCB
2022-07-27,41.61,42.17,41.44,42.17,1259900,VCB
2022-07-28,42.39,42.51,42.06,42.34,1164800,VCB
2022-07-29,42.39,42.45,42.0,42.0,1176000,VCB
2022-08-01,42.0,43.29,41.83,43.29,1577300,VCB
2022-08-02,43.29,43.8,42.73,43.75,1101400,VCB
2022-08-03,44.03,44.7,43.86,44.7,1005700,VCB
2022-08-04,44.7,46.39,44.64,46.39,2261100,VCB
2022-08-05,46.1,46.33,45.6,46.1,1395800,VCB
2022-08-08,46.1,46.39,46.05,46.1,915000,VCB
2022-08-09,46.1,46.1,44.92,45.44,1217900,VCB
2022-08-10,45.03,45.55,45.03,45.26,507500,VCB
2022-08-11,45.72,46.1,45.32,45.83,1171500,VCB
2022-08-12,45.83,46.05,45.49,45.88,1251800,VCB
2022-08-15,46.1,46.28,45.93,45.99,1259500,VCB
2022-08-16,46.1,46.1,45.6,45.83,687100,VCB
2022-08-17,45.66,45.93,45.66,45.83,764000,VCB
2022-08-18,45.72,46.1,45.66,45.83,1568600,VCB
2022-08-19,45.32,46.1,45.32,45.49,1148000,VCB
2022-08-22,45.03,45.83,44.98,44.98,525800,VCB
2022-08-23,44.98,45.72,44.92,45.09,648000,VCB
2022-08-24,45.66,46.61,45.15,46.1,1083700,VCB
2022-08-25,46.22,46.22,45.72,46.1,538800,VCB
2022-08-26,46.1,47.06,46.1,46.39,1559500,VCB
2022-08-29,45.77,46.39,45.49,46.39,951500,VCB
2022-08-30,46.39,48.36,46.39,48.36,2502800,VCB
2022-08-31,48.36,48.63,47.24,47.24,1055900,VCB
2022-09-05,47.24,47.4,46.39,46.44,1547800,VCB
2022-09-06,46.44,47.24,46.16,46.5,1027300,VCB
2022-09-07,46.1,46.39,44.87,44.98,2293300,VCB
2022-09-08,45.49,45.49,43.86,43.86,1074300,VCB
2022-09-09,44.14,44.59,43.97,44.31,1029200,VCB
2022-09-12,44.75,44.81,44.31,44.48,699800,VCB
2022-09-13,44.64,44.64,44.2,44.2,1187900,VCB
2022-09-14,43.41,44.7,43.29,44.03,1085800,VCB
2022-09-15,44.14,44.59,43.91,44.53,611900,VCB
2022-09-16,44.59,44.98,44.14,44.98,1519200,VCB
2022-09-19,44.42,45.09,43.86,44.31,938500,VCB
2022-09-20,44.31,44.98,44.2,44.53,521200,VCB
2022-09-21,44.59,44.75,43.8,44.37,499200,VCB
2022-09-22,43.69,44.2,43.57,43.86,1183000,VCB
2022-09-23,43.41,43.69,42.62,42.68,1034100,VCB
2022-09-26,42.23,43.29,41.67,42.17,1255900,VCB
2022-09-27,42.73,42.73,41.73,41.78,653400,VCB
2022-09-28,41.61,42.17,41.5,42.17,587700,VCB
2022-09-29,42.73,42.73,41.61,41.61,587800,VCB
2022-09-30,41.16,41.78,40.7,41.16,1262400,VCB
2022-10-03,41.33,41.5,39.53,39.7,894900,VCB
2022-10-04,39.36,40.42,39.07,40.09,1280900,VCB
2022-10-05,40.15,40.48,39.98,40.2,835000,VCB
2022-10-06,40.48,40.48,39.3,39.42,751500,VCB
2022-10-07,39.13,39.13,36.71,37.51,2113700,VCB
2022-10-10,37.4,38.06,36.05,36.6,1317000,VCB
2022-10-11,36.71,37.11,34.87,34.87,1161700,VCB
2022-10-12,35.42,36.71,34.97,35.99,1517400,VCB
2022-10-13,36.05,37.4,35.25,37.4,1596800,VCB
2022-10-14,38.52,38.52,37.84,38.29,1599300,VCB
2022-10-17,37.84,38.24,36.83,37.28,1241000,VCB
2022-10-18,38.24,38.24,37.84,38.06,885000,VCB
2022-10-19,38.17,38.24,37.84,38.17,627400,VCB
2022-10-20,38.17,39.36,37.73,38.91,1517200,VCB
2022-10-21,38.91,39.75,38.24,38.24,1283700,VCB
2022-10-24,39.07,39.07,37.0,38.24,670100,VCB
2022-10-25,37.11,39.7,37.11,39.3,1535500,VCB
2022-10-26,39.7,39.7,38.52,39.36,591400,VCB
2022-10-27,39.64,40.99,38.97,40.32,1297800,VCB
2022-10-28,40.76,41.88,40.27,40.27,1561000,VCB
2022-10-31,41.33,41.33,40.76,41.33,659400,VCB
2022-11-01,41.61,42.17,41.22,42.17,826100,VCB
2022-11-02,41.61,41.88,40.48,41.39,1255100,VCB
2022-11-03,40.48,41.27,40.48,41.04,726600,VCB
2022-11-04,40.2,40.76,38.74,40.38,1538000,VCB
2022-11-07,40.38,41.04,39.98,40.38,1232000,VCB
2022-11-08,40.48,42.17,40.27,40.82,1659900,VCB
2022-11-09,41.33,41.73,40.82,41.61,1214800,VCB
2022-11-10,41.55,41.55,40.27,40.93,958500,VCB
2022-11-11,41.04,42.45,41.04,42.45,1314200,VCB
2022-11-14,42.45,43.02,41.67,42.23,1536500,VCB
2022-11-15,41.83,42.96,40.54,42.17,1581800,VCB
2022-11-16,39.53,43.86,39.53,42.23,2349800,VCB
2022-11-17,42.79,43.07,42.45,43.02,1645700,VCB
2022-11-18,42.68,43.23,41.39,43.02,1564800,VCB
2022-11-21,43.02,43.02,42.17,42.17,1106900,VCB
2022-11-22,41.88,42.73,40.76,41.33,1936000,VCB
2022-11-23,41.04,41.33,40.7,41.33,794200,VCB
2022-11-24,41.33,41.61,40.76,41.04,1082000,VCB
2022-11-25,41.1,41.39,40.93,41.1,1675100,VCB
2022-11-28,41.88,43.29,41.5,43.13,1341900,VCB
2022-11-29,42.73,44.87,42.73,44.87,1707400,VCB
2022-11-30,45.15,45.55,43.29,45.55,1322600,VCB
2022-12-01,45.49,45.77,44.53,44.98,1178900,VCB
2022-12-02,44.92,47.79,44.59,47.79,1241300,VCB
2022-12-05,47.28,48.92,46.39,47.79,1664000,VCB
2022-12-06,47.79,47.9,44.98,44.98,1308000,VCB
2022-12-07,44.98,46.1,43.86,44.14,1455800,VCB
2022-12-08,44.42,45.55,43.29,43.29,2109700,VCB
2022-12-09,44.08,44.53,43.35,43.46,1684100,VCB
2022-12-12,44.31,45.26,43.52,43.52,2105700,VCB
2022-12-13,43.91,44.59,43.8,43.97,2232500,VCB
2022-12-14,44.81,44.81,44.14,44.31,1083500,VCB
2022-12-15,44.31,45.38,44.2,44.7,1250400,VCB
2022-12-16,44.7,46.61,44.37,44.81,3158100,VCB
2022-12-19,44.98,45.55,44.42,44.53,757500,VCB
2022-12-20,44.81,46.1,44.42,44.42,1424400,VCB
2022-12-21,45.77,45.77,44.26,44.26,962000,VCB
2022-12-22,44.7,45.6,44.59,44.59,1073500,VCB
2022-12-23,45.09,45.66,44.48,44.48,1079200,VCB
2022-12-26,44.53,45.44,44.37,44.37,1203600,VCB
2022-12-27,45.09,45.09,44.64,44.92,136100,VCB
2022-12-27,44.92,45.26,44.37,44.48,1058000,VCB
2022-12-28,45.21,46.1,44.7,44.98,1173500,VCB
2022-12-29,46.28,46.39,45.26,45.38,1237400,VCB
2022-12-30,46.61,46.72,44.98,44.98,1510900,VCB
2023-01-03,45.09,46.44,45.09,46.44,1089800,VCB
2023-01-04,46.61,46.61,45.99,46.56,837900,VCB
2023-01-05,46.56,47.24,46.39,47.24,1078600,VCB
2023-01-06,47.24,47.68,47.18,47.24,1125500,VCB
2023-01-09,48.25,48.86,47.68,48.86,1667100,VCB
2023-01-10,48.47,50.55,48.47,49.08,2112500,VCB
2023-01-11,49.08,49.08,47.85,47.85,983000,VCB
2023-01-12,47.9,47.9,47.12,47.68,1879000,VCB
2023-01-13,47.9,48.63,47.9,48.25,822000,VCB
2023-01-16,48.36,49.77,48.36,49.08,735200,VCB
2023-01-17,49.77,50.27,49.08,50.27,644600,VCB
2023-01-18,50.61,51.17,50.27,50.61,834000,VCB
2023-01-19,50.32,53.98,49.2,52.3,1716800,VCB
2023-01-27,52.3,53.19,51.45,52.3,1552000,VCB
2023-01-30,51.78,52.01,50.49,50.55,1045000,VCB
2023-01-31,50.55,51.67,49.37,51.67,1447700,VCB
2023-02-01,51.73,52.01,50.09,50.09,1136400,VCB
2023-02-02,49.82,51.73,49.82,50.94,984600,VCB
2023-02-03,50.77,52.3,50.09,52.3,893400,VCB
2023-02-06,52.07,54.14,51.45,53.98,1151200,VCB
2023-02-07,53.58,53.7,51.73,51.73,1195400,VCB
2023-02-08,51.78,54.1,51.78,52.96,884800,VCB
2023-02-09,52.74,53.42,52.3,52.3,759400,VCB
2023-02-10,53.14,53.14,52.18,53.14,647700,VCB
2023-02-13,53.3,53.64,51.73,52.58,872700,VCB
2023-02-14,52.58,52.58,51.28,52.01,1143100,VCB
2023-02-15,52.01,52.96,51.28,52.3,899300,VCB
2023-02-16,52.3,52.85,51.84,51.95,776600,VCB
2023-02-17,52.3,52.46,51.73,52.3,918900,VCB
2023-02-20,52.3,53.14,52.3,52.74,1095000,VCB
2023-02-21,52.96,53.36,52.85,52.96,675500,VCB
2023-02-22,52.96,53.02,52.01,52.3,1025500,VCB
2023-02-23,52.3,52.85,51.28,52.46,1025700,VCB
2023-02-24,52.3,52.85,50.61,52.58,631400,VCB
2023-02-27,52.3,52.58,51.56,52.18,501000,VCB
2023-02-28,52.35,52.69,52.07,52.58,565800,VCB
2023-03-01,51.89,52.52,51.84,52.3,729700,VCB
2023-03-02,52.3,52.74,51.61,52.41,984700,VCB
2023-03-03,51.61,52.18,51.11,51.11,798600,VCB
2023-03-06,51.17,51.84,51.17,51.17,711900,VCB
2023-03-07,51.45,52.01,51.23,51.67,970300,VCB
2023-03-08,51.17,51.84,51.0,51.84,871900,VCB
2023-03-09,51.73,52.52,51.56,52.3,1098100,VCB
2023-03-10,51.84,52.01,51.45,51.78,707800,VCB
2023-03-13,51.73,51.73,51.05,51.45,759200,VCB
2023-03-14,51.17,51.28,50.89,51.17,863700,VCB
2023-03-15,51.5,51.73,51.23,51.39,807800,VCB
2023-03-16,51.17,51.73,50.32,51.17,806000,VCB
2023-03-17,51.17,51.23,50.04,50.04,2272200,VCB
2023-03-20,50.04,50.32,47.85,47.85,1034000,VCB
2023-03-21,48.02,50.55,48.02,48.63,1057400,VCB
2023-03-22,48.69,50.55,48.69,50.04,1055800,VCB
2023-03-23,49.93,50.89,49.08,50.21,763600,VCB
2023-03-24,51.17,51.17,49.99,50.27,415300,VCB
2023-03-27,50.04,51.17,49.48,51.17,730100,VCB
2023-03-28,51.05,52.24,50.66,51.17,784100,VCB
2023-03-29,52.01,52.01,50.89,51.89,422800,VCB
2023-03-30,51.89,52.41,51.73,52.12,409700,VCB
2023-03-31,52.18,52.41,50.89,51.61,664000,VCB
2023-04-03,51.56,52.24,51.28,52.18,699600,VCB
2023-04-04,52.18,52.24,51.5,51.67,226500,VCB
2023-04-05,51.89,51.89,51.23,51.73,286700,VCB
2023-04-06,51.45,51.78,51.28,51.39,350000,VCB
2023-04-07,51.17,51.23,50.32,50.61,645000,VCB
2023-04-10,50.61,50.61,50.04,50.09,583500,VCB
2023-04-11,50.04,50.61,49.59,50.55,546800,VCB
2023-04-12,49.65,49.82,49.48,49.54,457700,VCB
2023-04-13,49.65,49.77,49.37,49.54,451400,VCB
2023-04-14,49.65,50.09,49.59,49.82,390100,VCB
2023-04-17,49.71,49.77,49.37,49.71,457900,VCB
2023-04-18,49.65,49.82,49.2,49.43,611900,VCB
2023-04-19,49.54,49.88,49.48,49.59,363200,VCB
2023-04-20,49.93,49.93,49.48,49.77,223700,VCB
2023-04-21,49.48,49.54,49.15,49.48,313600,VCB
2023-04-24,49.48,49.59,48.92,49.59,470400,VCB
2023-04-25,49.59,49.77,49.2,49.48,502400,VCB
2023-04-26,49.48,50.32,49.43,49.82,605200,VCB
2023-04-27,49.88,50.89,49.71,50.32,515100,VCB
2023-04-28,50.61,50.66,49.93,50.49,464000,VCB
2023-05-04,50.61,50.61,49.77,49.99,447300,VCB
2023-05-05,49.77,50.43,49.59,50.38,113900,VCB
2023-05-08,50.61,52.41,50.49,52.3,1500200,VCB
2023-05-09,52.3,52.79,51.95,51.95,530900,VCB
2023-05-10,51.67,52.3,51.5,51.78,334000,VCB
2023-05-11,51.73,51.78,51.17,51.23,459000,VCB
2023-05-12,51.17,51.95,51.05,51.95,602400,VCB
2023-05-15,51.73,52.3,51.28,51.84,418500,VCB
2023-05-16,51.73,52.35,51.34,52.01,647700,VCB
2023-05-17,52.01,52.3,51.89,52.07,517900,VCB
2023-05-18,52.24,53.98,51.84,53.64,1434300,VCB
2023-05-19,53.14,53.36,52.07,52.79,416900,VCB
2023-05-22,52.3,52.79,51.84,52.35,544900,VCB
2023-05-23,52.3,52.63,51.78,51.89,535100,VCB
2023-05-24,52.18,52.18,51.67,52.07,342200,VCB
2023-05-25,52.07,52.85,51.39,52.41,606600,VCB
2023-05-26,52.41,52.58,51.73,51.73,283700,VCB
2023-05-29,51.73,53.42,51.73,52.35,590500,VCB
2023-05-30,52.35,53.3,51.95,53.14,564500,VCB
2023-05-31,52.79,52.91,52.35,52.85,380100,VCB
2023-06-01,53.19,53.19,52.41,52.79,646300,VCB
2023-06-02,52.79,53.42,52.46,53.36,737800,VCB
2023-06-05,53.53,55.49,53.53,55.11,1297800,VCB
2023-06-06,55.11,55.66,54.26,55.66,759500,VCB
2023-06-07,55.66,55.66,54.54,54.54,749600,VCB
2023-06-08,54.54,57.18,54.54,56.23,1339400,VCB
2023-06-09,56.23,57.35,55.66,56.51,820200,VCB
2023-06-12,56.17,57.06,55.17,56.79,435100,VCB
2023-06-13,56.23,57.91,56.06,57.63,838900,VCB
2023-06-14,57.58,58.47,57.06,57.69,840500,VCB
2023-06-15,57.63,58.31,57.13,58.2,912200,VCB
2023-06-16,58.59,59.82,58.03,59.04,1331800,VCB
2023-06-19,58.25,58.53,57.18,57.18,1139900,VCB
2023-06-20,56.85,56.85,56.11,56.17,1781600,VCB
2023-06-21,56.06,56.51,56.06,56.23,1187900,VCB
2023-06-22,57.35,57.35,56.17,56.45,716500,VCB
2023-06-23,56.45,56.45,55.94,56.17,705200,VCB
2023-06-26,55.72,56.74,55.72,56.23,807200,VCB
2023-06-27,56.23,56.79,56.06,56.23,685900,VCB
2023-06-28,56.23,57.47,56.11,56.85,821200,VCB
2023-06-29,57.24,57.91,56.85,57.29,640600,VCB
2023-06-30,56.85,57.24,56.23,56.23,556600,VCB
2023-07-03,56.23,56.68,56.11,56.23,490100,VCB
2023-07-04,56.63,57.29,56.17,56.23,682700,VCB
2023-07-05,56.79,57.63,56.4,57.35,953900,VCB
2023-07-06,57.41,57.47,56.51,56.63,1021000,VCB
2023-07-07,56.51,59.04,56.45,59.04,1064800,VCB
2023-07-10,58.98,58.98,57.52,57.75,915100,VCB
2023-07-11,57.24,59.04,57.24,57.91,887600,VCB
2023-07-12,57.75,58.75,57.75,58.47,742800,VCB
2023-07-13,59.04,59.04,58.31,58.98,928300,VCB
2023-07-14,58.98,59.04,58.47,59.04,797700,VCB
2023-07-17,59.04,59.04,58.59,58.93,791600,VCB
2023-07-18,58.98,59.04,58.64,58.64,590000,VCB
2023-07-19,58.81,60.22,58.81,59.88,926200,VCB
2023-07-20,59.32,59.82,58.25,59.04,771600,VCB
2023-07-21,59.04,59.04,58.47,59.04,663400,VCB
2023-07-24,59.1,59.27,58.75,58.81,808500,VCB
2023-07-25,60.03,61.42,59.96,60.9,2374800,VCB
2023-07-26,61.02,62.02,61.02,62.02,1146400,VCB
2023-07-27,62.23,62.23,61.42,61.56,957200,VCB
2023-07-28,61.56,61.76,60.96,61.76,1116900,VCB
2023-07-31,61.76,61.89,60.83,60.83,1468300,VCB
2023-08-01,60.83,61.62,60.56,60.56,1281600,VCB
2023-08-02,60.56,60.76,60.43,60.76,1055800,VCB
2023-08-03,60.76,60.76,60.1,60.16,837900,VCB
2023-08-04,60.23,60.5,59.83,59.83,1231600,VCB
2023-08-07,59.83,60.3,59.76,60.3,1111700,VCB
2023-08-08,60.3,60.56,59.83,60.23,823400,VCB
2023-08-09,60.23,60.36,59.83,59.89,591600,VCB
2023-08-10,60.1,60.1,58.77,58.77,1336100,VCB
2023-08-11,58.77,60.03,58.77,60.03,920800,VCB
2023-08-14,59.96,59.96,59.1,59.1,1471800,VCB
2023-08-15,59.76,59.76,58.77,59.03,1148500,VCB
2023-08-16,58.97,59.37,58.9,59.24,727300,VCB
2023-08-17,59.24,59.63,58.83,59.37,2145100,VCB
2023-08-18,59.63,59.96,59.1,59.44,2430400,VCB
2023-08-21,59.57,59.89,59.24,59.63,1710900,VCB
2023-08-22,59.44,59.57,58.3,58.7,1825000,VCB
2023-08-23,59.03,59.03,57.17,57.31,1754800,VCB
2023-08-24,57.31,58.57,57.11,57.77,902800,VCB
2023-08-25,57.24,57.77,57.11,57.24,1404600,VCB
2023-08-28,57.37,58.11,57.24,57.77,1378300,VCB
2023-08-29,57.77,58.77,57.71,58.7,1391900,VCB
2023-08-30,58.77,59.44,58.77,59.17,1350000,VCB
2023-08-31,59.17,59.5,58.63,59.17,1531200,VCB
2023-09-05,59.17,60.23,59.17,59.83,1942200,VCB
2023-09-06,59.89,59.89,59.57,59.89,2017600,VCB
2023-09-07,59.76,60.3,59.44,59.44,1765300,VCB
2023-09-08,59.44,59.44,59.17,59.44,1341900,VCB
2023-09-11,59.5,59.76,58.43,58.77,1649500,VCB
2023-09-12,59.1,59.76,59.03,59.69,1572100,VCB
2023-09-13,59.76,59.76,59.03,59.17,1582000,VCB
2023-09-14,59.1,59.44,58.5,59.17,1512600,VCB
2023-09-15,59.03,59.63,58.83,59.63,2142400,VCB
2023-09-18,59.44,59.57,58.63,58.97,718100,VCB
2023-09-19,58.97,59.24,57.11,58.5,1117200,VCB
2023-09-20,58.5,58.7,57.37,58.43,786000,VCB
2023-09-21,58.43,58.43,57.64,57.77,1066900,VCB
2023-09-22,57.37,59.44,57.11,59.3,2408600,VCB
2023-09-25,59.1,59.44,58.63,59.3,2210400,VCB
2023-09-26,59.24,59.37,57.71,57.77,1663200,VCB
2023-09-27,58.18,59.1,57.77,58.3,1204900,VCB
2023-09-28,57.91,58.63,57.51,58.43,1065100,VCB
2023-09-29,58.63,58.63,57.84,58.11,449300,VCB
2023-10-02,57.84,57.91,57.44,57.44,765700,VCB
2023-10-03,57.44,57.57,56.97,57.31,882600,VCB
2023-10-04,57.31,57.31,56.65,57.31,923800,VCB
2023-10-05,57.11,57.11,56.11,56.11,890000,VCB
2023-10-06,56.11,56.71,55.45,56.71,800900,VCB
2023-10-09,56.71,56.71,55.78,56.18,1096100,VCB
2023-10-10,56.18,57.24,56.18,57.17,734100,VCB
2023-10-11,57.24,57.44,56.9,57.44,719400,VCB
2023-10-12,57.71,57.71,56.78,57.11,714100,VCB
2023-10-13,57.11,57.51,56.78,57.51,663100,VCB
2023-10-16,56.85,57.51,56.85,57.17,332300,VCB
2023-10-17,57.17,57.44,56.78,57.04,363400,VCB
2023-10-18,56.78,57.11,56.45,57.04,1147400,VCB
2023-10-19,56.78,57.11,55.84,56.11,1363600,VCB
2023-10-20,55.45,56.65,54.92,56.31,938400,VCB
2023-10-23,56.11,56.11,54.78,56.11,966600,VCB
2023-10-24,56.11,57.44,55.71,57.11,994000,VCB
2023-10-25,56.51,56.97,56.18,56.97,660100,VCB
2023-10-26,56.45,57.11,55.45,56.11,1420300,VCB
2023-10-27,56.18,56.45,55.64,56.45,773400,VCB
2023-10-30,55.45,57.11,55.45,57.04,592900,VCB
2023-10-31,57.04,57.71,56.38,57.64,1345300,VCB
2023-11-01,57.64,58.3,57.17,58.3,1479100,VCB
2023-11-02,58.43,59.1,57.51,59.1,1057500,VCB
2023-11-03,59.1,59.37,58.5,59.03,1086600,VCB
2023-11-06,59.03,59.63,58.77,59.44,774800,VCB
2023-11-07,59.1,59.3,58.63,58.63,413900,VCB
2023-11-08,58.57,59.57,58.37,59.44,1270300,VCB
2023-11-09,59.44,59.44,58.37,58.37,1166800,VCB
2023-11-10,57.84,58.11,57.11,57.11,1352000,VCB
2023-11-13,57.11,57.17,56.71,56.78,937700,VCB
2023-11-14,57.11,57.44,56.71,57.11,987500,VCB
2023-11-15,57.44,58.23,57.44,58.23,4067800,VCB
2023-11-16,57.77,58.43,57.57,58.43,1284800,VCB
2023-11-17,58.3,58.37,56.78,56.85,1588000,VCB
2023-11-20,56.85,57.77,56.45,57.17,1098400,VCB
2023-11-21,57.17,57.57,56.97,57.51,1151400,VCB
2023-11-22,57.31,57.57,56.78,57.57,1012700,VCB
2023-11-23,57.57,57.64,56.78,56.78,647200,VCB
2023-11-24,56.78,57.11,56.45,57.11,734500,VCB
2023-11-27,57.11,57.11,56.51,56.97,443000,VCB
2023-11-28,56.78,57.04,56.31,56.97,779400,VCB
2023-11-29,56.71,57.04,56.51,56.51,733100,VCB
2023-11-30,56.51,56.71,56.25,56.25,927600,VCB
2023-12-01,56.38,56.45,55.84,56.45,714700,VCB
2023-12-04,56.71,57.24,56.31,57.11,888100,VCB
2023-12-05,57.11,57.17,56.31,56.71,992800,VCB
2023-12-06,56.65,57.11,56.45,57.04,638000,VCB
2023-12-07,56.9,57.11,56.45,56.58,992300,VCB
2023-12-08,56.58,56.78,56.45,56.45,1183000,VCB
2023-12-11,56.45,56.65,55.84,55.91,1400000,VCB
2023-12-12,56.25,56.25,55.78,55.91,1006400,VCB
2023-12-13,55.91,56.11,55.58,55.58,1152900,VCB
2023-12-14,55.78,56.11,55.78,56.04,840600,VCB
2023-12-15,55.78,56.04,54.58,54.58,2530300,VCB
2023-12-18,54.98,55.05,54.12,54.12,1804000,VCB
2023-12-19,54.12,54.12,53.19,53.92,1961300,VCB
2023-12-20,53.92,53.99,53.46,53.86,1872300,VCB
2023-12-21,53.79,53.79,53.32,53.72,2030300,VCB
2023-12-22,53.72,53.86,53.39,53.72,1579800,VCB
2023-12-25,53.72,54.32,53.59,54.32,1301600,VCB
2023-12-26,54.45,54.98,54.45,54.98,971200,VCB
2023-12-27,55.05,55.25,54.78,54.92,899600,VCB
2023-12-28,54.92,55.19,54.72,54.98,703200,VCB
2023-12-29,55.45,55.71,53.32,53.32,1621700,VCB
2024-01-02,55.05,55.51,54.58,55.45,1785800,VCB
2024-01-03,55.45,56.11,54.98,56.11,1373000,VCB
2024-01-04,56.11,57.24,55.78,57.04,2657900,VCB
2024-01-05,57.04,57.24,56.9,57.24,1180300,VCB
2024-01-08,57.31,57.64,57.31,57.64,1607800,VCB
2024-01-09,57.64,58.37,57.64,58.3,1926400,VCB
2024-01-10,58.3,59.44,57.91,59.44,1795400,VCB
2024-01-11,59.44,59.76,58.83,59.3,1489100,VCB
2024-01-12,58.5,59.44,58.04,58.9,1909500,VCB
2024-01-15,59.1,59.83,59.03,59.76,1914200,VCB
2024-01-16,59.1,59.83,59.03,59.76,1367200,VCB
2024-01-17,59.1,60.43,59.1,60.36,1578200,VCB
2024-01-18,60.36,60.56,59.76,60.5,1422900,VCB
2024-01-19,60.43,61.76,60.03,61.49,1472600,VCB
2024-01-22,62.09,62.09,61.09,61.09,1046300,VCB
2024-01-23,61.16,61.36,60.03,60.76,1256900,VCB
2024-01-24,60.83,61.09,60.36,60.5,744700,VCB
2024-01-25,60.5,60.83,60.23,60.43,503300,VCB
2024-01-26,60.83,61.09,60.7,61.09,953100,VCB
2024-01-29,60.96,61.09,60.36,60.56,730500,VCB
2024-01-30,60.56,60.56,59.83,60.43,888600,VCB
2024-01-31,60.16,60.16,58.77,58.77,945600,VCB
2024-02-01,58.43,59.89,58.43,59.63,598100,VCB
2024-02-02,59.17,60.1,59.17,59.96,733000,VCB
2024-02-05,59.89,60.16,59.37,59.76,1949000,VCB
2024-02-06,59.96,60.16,59.17,59.44,1352300,VCB
2024-02-07,59.76,60.3,59.3,59.76,1371400,VCB
2024-02-15,59.76,60.23,59.17,59.69,1046700,VCB
2024-02-16,59.69,59.89,59.44,59.5,734100,VCB
2024-02-19,59.69,60.1,59.3,59.89,1045300,VCB
2024-02-20,59.83,60.7,59.37,60.63,1404300,VCB
2024-02-21,60.9,60.9,60.1,60.56,1367400,VCB
2024-02-22,60.16,60.43,59.44,59.44,1223900,VCB
2024-02-23,59.44,60.7,59.03,59.03,1800900,VCB
2024-02-26,59.03,59.76,59.03,59.44,722000,VCB
2024-02-27,59.5,60.56,59.17,60.5,1604900,VCB
2024-02-28,60.43,64.68,60.03,64.68,4219900,VCB
2024-02-29,65.41,66.73,64.61,64.61,1897000,VCB
2024-03-01,65.21,65.21,63.02,64.61,2379600,VCB
2024-03-04,65.07,65.07,63.49,63.74,1640400,VCB
2024-03-05,64.15,64.15,63.22,63.42,1364800,VCB
2024-03-06,63.42,64.28,63.15,63.49,2070600,VCB
2024-03-07,63.69,64.68,63.42,63.62,2362300,VCB
2024-03-08,63.69,64.08,63.15,63.15,2229600,VCB
2024-03-11,63.15,63.74,62.48,62.48,1840000,VCB
2024-03-12,62.48,63.02,62.42,62.68,1107000,VCB
2024-03-13,63.02,64.08,62.62,63.74,3124500,VCB
2024-03-14,63.74,63.81,62.82,63.09,2319300,VCB
2024-03-15,63.09,63.09,62.35,62.42,2302500,VCB
2024-03-18,62.62,62.75,61.42,61.76,1839300,VCB
2024-03-19,61.42,62.09,61.42,61.42,868500,VCB
2024-03-20,61.42,62.48,61.42,61.89,897700,VCB
2024-03-21,62.42,63.42,62.42,63.22,1452700,VCB
2024-03-22,63.22,64.28,63.22,64.01,1844100,VCB
2024-03-25,63.09,64.35,62.48,63.55,1368800,VCB
2024-03-26,63.74,64.15,63.62,63.94,735400,VCB
2024-03-27,63.88,63.88,63.49,63.62,1046200,VCB
2024-03-28,63.88,64.01,63.49,63.55,1232800,VCB
2024-03-29,63.69,63.69,63.02,63.02,801200,VCB
2024-04-01,63.02,63.74,62.88,63.22,1221000,VCB
2024-04-02,63.15,63.22,62.35,62.75,969000,VCB
2024-04-03,62.68,62.95,62.29,62.29,1321100,VCB
2024-04-04,63.02,63.74,62.68,63.74,2022700,VCB
2024-04-05,62.95,63.49,62.55,63.02,779200,VCB
2024-04-08,63.02,63.29,62.55,63.02,864100,VCB
2024-04-09,63.09,63.35,62.55,62.62,686800,VCB
2024-04-10,62.62,62.82,62.48,62.75,737400,VCB
2024-04-11,62.42,62.82,62.09,62.42,778000,VCB
2024-04-12,62.75,63.42,62.29,62.82,844800,VCB
2024-04-15,62.82,64.08,61.09,61.09,1900300,VCB
2024-04-16,62.29,62.29,60.1,60.43,1857700,VCB
2024-04-17,60.56,61.16,59.44,60.1,1452600,VCB
2024-04-19,59.76,60.36,59.57,60.1,1324800,VCB
2024-04-22,60.1,60.7,59.89,60.16,999100,VCB
2024-04-23,60.16,60.56,59.24,59.83,1562900,VCB
2024-04-24,60.43,60.5,59.83,60.16,1925200,VCB
2024-04-25,60.16,61.69,60.1,60.43,1235700,VCB
2024-04-26,60.9,61.96,60.56,60.56,1698300,VCB
2024-05-02,61.16,61.42,60.5,61.02,932400,VCB
2024-05-03,61.36,62.02,60.96,61.42,1470700,VCB
2024-05-06,61.69,61.96,61.56,61.76,1147200,VCB
2024-05-07,62.02,62.48,61.69,61.69,1154200,VCB
2024-05-08,61.56,61.89,61.16,61.76,1246000,VCB
2024-05-09,61.69,62.02,61.29,61.42,606600,VCB
2024-05-10,61.56,61.56,60.9,61.09,823400,VCB
2024-05-13,61.16,61.36,60.1,60.43,1232600,VCB
2024-05-14,60.5,60.83,60.1,60.16,818400,VCB
2024-05-15,60.43,60.63,60.3,60.43,883100,VCB
2024-05-16,61.09,61.56,60.76,61.49,1713900,VCB
2024-05-17,61.49,61.49,60.9,60.96,1084700,VCB
2024-05-20,61.29,61.76,60.96,61.02,1043800,VCB
2024-05-21,61.02,61.09,60.23,60.5,1486400,VCB
2024-05-22,60.76,60.9,60.23,60.23,1347700,VCB
2024-05-23,60.23,60.76,60.1,60.43,1317500,VCB
2024-05-24,60.43,60.43,59.76,59.89,2241500,VCB
2024-05-27,60.03,60.16,59.57,59.89,1058500,VCB
2024-05-28,59.63,60.23,59.63,60.23,1350100,VCB
2024-05-29,60.3,60.43,59.63,59.63,1186300,VCB
2024-05-30,59.44,59.57,58.77,58.83,2356000,VCB
2024-05-31,58.9,59.1,57.91,57.91,3921500,VCB
2024-06-03,58.43,59.3,58.43,58.57,2108600,VCB
2024-06-04,59.03,59.24,58.63,58.9,1814600,VCB
2024-06-05,58.9,59.44,58.83,58.97,1882800,VCB
2024-06-06,59.03,59.57,58.97,59.1,1699700,VCB
2024-06-07,59.17,59.57,58.77,58.77,1129500,VCB
2024-06-10,59.03,59.24,58.37,58.43,2641600,VCB
2024-06-11,58.63,58.7,57.84,57.91,2252400,VCB
2024-06-12,58.04,59.24,57.77,58.9,2249800,VCB
2024-06-13,59.03,59.17,58.7,58.7,1600400,VCB
2024-06-14,58.77,59.17,58.11,58.11,2482100,VCB
2024-06-17,58.18,58.3,57.84,57.84,2293700,VCB
2024-06-18,58.11,58.77,57.84,57.84,1370900,VCB
2024-06-19,57.97,58.11,57.44,57.51,2174300,VCB
2024-06-20,57.51,57.51,56.85,57.11,2648800,VCB
2024-06-21,57.17,57.57,56.78,57.11,1808400,VCB
2024-06-24,57.11,58.04,56.78,56.78,2149800,VCB
2024-06-25,56.9,57.57,56.78,56.78,1565900,VCB
2024-06-26,57.04,57.31,56.58,56.58,1706900,VCB
2024-06-27,56.58,57.11,56.58,56.58,1423000,VCB
2024-06-28,57.11,57.11,56.45,56.58,1112400,VCB
2024-07-01,56.97,57.24,56.58,57.17,1179200,VCB
2024-07-02,57.57,58.97,57.24,58.57,2425200,VCB
2024-07-03,58.43,58.9,58.3,58.77,2250700,VCB
2024-07-04,58.83,59.57,58.43,58.43,3060300,VCB
2024-07-05,58.5,59.24,58.43,58.43,1847400,VCB
2024-07-08,58.43,58.9,57.91,57.91,1143800,VCB
2024-07-09,58.11,58.7,57.57,58.5,1549000,VCB
2024-07-10,58.63,59.24,58.43,58.83,1722900,VCB
2024-07-11,58.83,59.03,58.5,58.5,1445100,VCB
2024-07-12,58.57,58.83,58.18,58.18,1373400,VCB
2024-07-15,58.18,58.63,58.11,58.11,1172000,VCB
2024-07-16,58.18,58.83,58.18,58.37,1534100,VCB
2024-07-17,58.97,59.76,58.11,58.43,3362500,VCB
2024-07-18,58.63,58.97,58.37,58.43,1651700,VCB
2024-07-19,58.43,58.97,58.11,58.11,1323100,VCB
2024-07-22,58.11,58.63,57.97,58.23,1461100,VCB
2024-07-23,58.3,58.63,58.11,58.11,1410400,VCB
2024-07-24,58.04,58.5,58.04,58.11,1476700,VCB
2024-07-25,58.18,58.23,57.91,57.97,881000,VCB
2024-07-26,57.97,58.23,57.91,57.97,903300,VCB
2024-07-29,58.18,58.3,57.97,57.97,452800,VCB
2024-07-30,57.97,58.63,57.97,58.11,977800,VCB
2024-07-31,58.11,59.24,58.11,59.24,1863400,VCB
2024-08-01,59.3,60.7,59.24,60.23,4800600,VCB
2024-08-02,60.03,60.03,58.9,58.9,1511400,VCB
2024-08-05,58.77,58.77,57.71,57.71,3059700,VCB
2024-08-06,57.71,58.23,57.57,57.97,1653100,VCB
2024-08-07,58.04,58.23,57.77,58.23,713000,VCB
2024-08-08,58.23,58.23,57.91,57.97,961200,VCB
2024-08-09,58.04,58.63,58.04,58.23,1136700,VCB
2024-08-12,58.7,58.7,57.97,58.3,1060300,VCB
2024-08-13,58.18,59.44,58.18,59.44,1592900,VCB
2024-08-14,59.3,59.37,58.3,58.43,1492800,VCB
2024-08-15,58.43,58.97,58.18,58.18,921000,VCB
2024-08-16,58.43,59.03,58.43,58.5,1370400,VCB
2024-08-19,58.97,59.3,58.63,58.97,1655200,VCB
2024-08-20,59.03,60.3,59.03,60.3,3384300,VCB
2024-08-21,60.3,61.76,60.03,61.62,2745300,VCB
2024-08-22,61.69,61.89,61.16,61.36,1413500,VCB
2024-08-23,61.42,61.62,60.1,61.36,1075500,VCB
2024-08-26,61.16,61.49,60.83,61.09,1565800,VCB
2024-08-27,61.09,61.16,60.36,60.76,900600,VCB
2024-08-28,60.9,61.02,60.5,60.5,1031600,VCB
2024-08-29,60.43,61.36,60.43,60.76,1496300,VCB
2024-08-30,60.76,61.29,60.76,60.9,1669800,VCB
2024-09-04,60.5,60.5,59.96,60.43,1012700,VCB
2024-09-05,60.16,60.5,59.83,59.83,1184100,VCB
2024-09-06,59.89,60.3,59.63,59.89,784800,VCB
2024-09-09,59.83,59.89,59.24,59.89,702800,VCB
2024-09-10,59.83,59.89,59.1,59.1,1192200,VCB
2024-09-11,58.83,59.1,58.43,58.7,1027300,VCB
2024-09-12,58.77,59.83,58.7,59.44,1609600,VCB
2024-09-13,59.63,59.89,59.17,59.69,1624800,VCB
2024-09-16,59.5,59.76,58.97,59.03,727700,VCB
2024-09-17,59.1,60.1,58.83,60.1,970800,VCB
2024-09-18,60.16,61.02,59.57,60.43,1721200,VCB
2024-09-19,60.43,60.9,60.36,60.76,1345500,VCB
2024-09-20,60.96,61.09,60.16,60.16,2180400,VCB
2024-09-23,60.63,60.83,60.36,60.36,696500,VCB
2024-09-24,60.36,60.76,60.36,60.56,522400,VCB
2024-09-25,60.76,61.76,60.56,61.62,2602400,VCB
2024-09-26,61.69,62.29,61.42,61.42,1816800,VCB
2024-09-27,61.42,62.16,61.42,61.42,1070900,VCB
2024-09-30,61.42,61.42,61.09,61.09,1276900,VCB
2024-10-01,61.29,62.02,61.09,61.09,1724400,VCB
2024-10-02,61.29,61.56,60.96,61.56,1378900,VCB
2024-10-03,61.49,62.35,61.36,61.49,1699200,VCB
2024-10-04,61.42,61.62,61.29,61.29,859700,VCB
2024-10-07,61.29,61.42,60.96,61.09,610700,VCB
2024-10-08,61.09,61.09,60.43,60.76,1123100,VCB
2024-10-09,60.63,60.96,60.36,60.43,2175700,VCB
2024-10-10,61.29,61.76,60.56,61.02,1325200,VCB
2024-10-11,61.02,61.02,60.56,60.76,1083500,VCB
2024-10-14,61.22,61.22,60.63,60.7,930700,VCB
2024-10-15,60.63,61.16,60.63,60.7,1430600,VCB
2024-10-16,60.7,60.96,60.63,60.76,1293000,VCB
2024-10-17,61.09,61.29,60.9,61.22,1285400,VCB
2024-10-18,61.56,61.82,61.09,61.36,1162700,VCB
2024-10-21,61.42,61.96,61.09,61.09,1423100,VCB
2024-10-22,61.09,61.22,60.7,60.7,1259500,VCB
2024-10-23,60.56,60.96,60.56,60.76,749300,VCB
2024-10-24,61.22,61.29,60.7,60.9,755400,VCB
2024-10-25,61.16,61.29,60.9,60.96,996300,VCB
2024-10-28,60.76,61.29,60.76,61.09,1105800,VCB
2024-10-29,61.16,61.49,61.09,61.09,1297600,VCB
2024-10-30,61.09,61.36,60.83,60.9,626500,VCB
2024-10-31,60.76,63.09,60.76,62.16,2888900,VCB
2024-11-01,62.42,63.02,62.09,62.09,1729900,VCB
2024-11-04,62.42,63.29,61.36,61.42,1853600,VCB
2024-11-05,61.49,61.76,61.09,61.49,1082700,VCB
2024-11-06,61.62,62.02,61.62,61.69,1416800,VCB
2024-11-07,61.89,62.35,61.89,61.89,1418900,VCB
2024-11-08,62.09,62.35,61.22,61.22,1380000,VCB
2024-11-11,61.62,61.62,61.02,61.09,1873400,VCB
2024-11-12,61.09,61.89,61.02,61.02,1336300,VCB
2024-11-13,61.02,61.69,61.02,61.42,1331800,VCB
2024-11-14,61.09,61.42,61.02,61.09,1719700,VCB
2024-11-15,61.09,61.42,60.83,60.9,1508600,VCB
2024-11-18,60.9,61.29,60.36,60.43,1874800,VCB
2024-11-19,60.76,60.83,59.76,59.76,1577000,VCB
2024-11-20,59.76,60.56,59.69,59.96,1640700,VCB
2024-11-21,60.03,60.63,59.89,60.1,1461100,VCB
2024-11-22,60.43,60.63,60.16,60.16,1729700,VCB
2024-11-25,60.36,61.22,60.36,60.63,1814000,VCB
2024-11-26,60.7,61.69,60.7,61.36,1759900,VCB
2024-11-27,61.29,61.89,61.29,61.56,1047200,VCB
2024-11-28,61.82,62.09,61.42,61.49,1289900,VCB
2024-11-29,61.49,61.96,61.42,61.96,1010500,VCB
2024-12-02,63.02,63.15,62.35,62.55,1573100,VCB
2024-12-03,62.68,62.68,61.49,61.76,2445800,VCB
2024-12-04,61.62,62.35,61.42,62.09,1204400,VCB
2024-12-05,61.76,62.82,61.76,62.42,2333000,VCB
2024-12-06,62.42,63.29,62.35,62.55,1700100,VCB
2024-12-09,62.55,63.29,62.35,63.29,1957500,VCB
2024-12-10,63.29,63.29,62.75,62.75,912700,VCB
2024-12-11,62.75,62.95,61.89,61.96,1609700,VCB
2024-12-12,62.09,62.68,62.09,62.09,671500,VCB
2024-12-13,61.89,62.16,61.69,61.82,1227700,VCB
2024-12-16,61.76,61.89,61.69,61.82,1121800,VCB
2024-12-17,61.76,61.82,61.62,61.76,1048100,VCB
2024-12-18,61.76,61.96,61.76,61.82,530300,VCB
2024-12-19,61.62,61.62,61.22,61.36,1869700,VCB
2024-12-20,61.36,61.69,61.29,61.42,1245900,VCB
2024-12-23,61.49,61.62,61.36,61.36,707200,VCB
2024-12-24,61.56,61.62,61.09,61.16,1024300,VCB
2024-12-25,61.22,62.29,61.22,61.36,1827700,VCB
2024-12-26,61.42,61.62,61.09,61.16,2202900,VCB
2024-12-27,61.42,61.76,61.22,61.22,1639900,VCB
2024-12-30,61.22,61.42,61.09,61.09,1706700,VCB
2024-12-31,61.22,61.36,60.56,60.56,2374000,VCB
2025-01-02,60.83,61.42,60.76,61.02,1630500,VCB
2025-01-03,61.02,61.36,61.02,61.09,1402200,VCB
2025-01-06,61.09,62.02,61.02,61.69,1936800,VCB
2025-01-07,61.89,61.89,61.29,61.29,1252400,VCB
2025-01-08,61.29,61.36,60.76,61.36,1052000,VCB
2025-01-09,61.09,61.22,60.9,61.02,738300,VCB
2025-01-10,61.02,61.36,60.7,60.7,1112500,VCB
2025-01-13,60.63,61.02,60.5,61.02,937600,VCB
2025-01-14,61.02,61.02,60.56,60.9,677300,VCB
2025-01-15,61.02,61.02,60.7,60.7,445300,VCB
2025-01-16,61.02,61.89,60.96,61.56,2460200,VCB
2025-01-17,61.56,61.76,61.22,61.42,1122600,VCB
2025-01-20,61.29,61.42,60.83,60.9,1761500,VCB
2025-01-21,61.16,61.16,60.63,60.7,1264900,VCB
2025-01-22,61.09,61.09,60.56,60.56,979100,VCB
2025-01-23,60.63,61.69,60.63,61.42,1685100,VCB
2025-01-24,61.16,61.76,61.16,61.49,944000,VCB
2025-02-03,61.29,61.36,60.83,60.83,1435800,VCB
2025-02-04,61.16,61.22,60.9,61.09,855200,VCB
2025-02-05,61.09,61.62,61.09,61.49,1345800,VCB
2025-02-06,61.62,62.02,61.56,61.69,1351600,VCB
2025-02-07,61.69,61.89,61.42,61.76,2260900,VCB
2025-02-10,61.69,61.69,61.02,61.22,2298100,VCB
2025-02-11,61.22,61.29,60.9,61.02,1039400,VCB
2025-02-12,61.02,61.42,60.76,60.76,1054100,VCB
2025-02-13,61.02,61.02,60.7,60.83,862300,VCB
2025-02-14,61.22,61.22,60.76,60.83,947800,VCB
2025-02-17,60.76,61.09,60.76,60.83,787100,VCB
2025-02-18,60.83,61.09,60.7,60.83,1065500,VCB
2025-02-19,60.83,60.9,60.63,60.9,1509500,VCB
2025-02-20,61.22,61.29,60.9,60.9,1636600,VCB
2025-02-21,61.16,61.82,61.16,61.82,2513400,VCB
2025-02-24,61.96,62.09,61.56,62.09,1956000,VCB
2025-02-25,62.09,62.16,61.42,61.49,1926600,VCB
2025-02-26,61.49,61.69,61.22,61.29,769200,VCB
2025-02-27,63.02,63.35,62.42,62.42,5028800,VCB
2025-02-28,62.55,62.55,61.96,61.96,2070800,VCB
2025-03-03,62.09,62.09,61.76,61.96,1251000,VCB
2025-03-04,61.89,62.02,61.56,61.76,2498900,VCB
2025-03-05,61.76,62.29,61.76,61.76,1820200,VCB
2025-03-06,62.09,62.55,61.89,62.09,2357600,VCB
2025-03-07,62.16,63.29,62.09,63.15,3999500,VCB
2025-03-10,64.01,64.68,63.81,64.28,4428800,VCB
2025-03-11,63.74,64.28,63.49,64.28,3639900,VCB
2025-03-12,65.52,68.1,65.12,66.22,7560300,VCB
2025-03-13,66.71,66.71,64.73,65.03,4496300,VCB
2025-03-14,64.93,66.32,64.93,65.52,4920600,VCB
2025-03-17,65.52,66.81,65.52,66.81,4940800,VCB
2025-03-18,67.31,67.31,66.32,66.32,3656000,VCB
2025-03-19,66.71,66.71,66.02,66.02,3674000,VCB
2025-03-20,66.02,66.51,65.72,66.32,1688900,VCB
2025-03-21,66.51,66.51,65.52,65.52,1701500,VCB
2025-03-24,65.82,66.02,65.03,66.02,1977600,VCB
2025-03-25,66.02,66.12,65.72,65.72,2028100,VCB
2025-03-26,65.92,66.12,65.32,65.32,1507400,VCB
2025-03-27,65.32,65.42,65.03,65.03,901500,VCB
2025-03-28,65.03,65.22,64.33,64.33,1650600,VCB
2025-03-31,64.23,64.73,63.54,63.54,1771900,VCB
2025-04-01,64.23,64.83,63.54,64.03,1715200,VCB
2025-04-02,64.53,65.52,64.13,64.33,2330700,VCB
2025-04-03,63.54,63.93,59.86,59.86,9806100,VCB
2025-04-04,56.29,59.57,55.79,59.57,11887700,VCB
2025-04-08,59.37,59.37,55.4,55.4,7181200,VCB
2025-04-09,51.62,59.27,51.62,52.12,8995800,VCB
2025-04-10,55.69,55.69,55.69,55.69,174400,VCB
2025-04-11,59.37,59.47,57.58,59.37,8059500,VCB
2025-04-14,59.57,59.57,58.27,58.87,3619500,VCB
2025-04-15,58.67,60.46,57.88,59.57,5633100,VCB
2025-04-16,59.27,59.86,58.57,58.87,2625800,VCB
2025-04-17,58.87,58.87,57.68,57.68,3151800,VCB
2025-04-18,58.27,59.17,57.68,57.68,2165400,VCB
2025-04-21,58.08,58.47,57.68,57.78,1290500,VCB
2025-04-22,57.68,58.37,54.3,58.08,3850700,VCB
2025-04-23,58.97,58.97,57.58,57.58,1928700,VCB
2025-04-24,57.78,58.18,57.58,57.78,1861200,VCB
2025-04-25,57.78,58.57,57.08,57.08,3682000,VCB
2025-04-28,57.28,57.88,57.08,57.08,1654600,VCB
2025-04-29,57.28,58.08,56.88,56.88,2432200,VCB
2025-05-05,56.88,56.88,56.69,56.69,2101500,VCB
2025-05-06,56.88,57.58,56.59,56.59,2992900,VCB
2025-05-07,56.69,57.08,56.59,56.59,2415400,VCB
2025-05-08,56.98,57.28,56.49,56.69,3022300,VCB
2025-05-09,56.88,57.18,56.19,56.19,5827400,VCB
2025-05-12,56.59,56.88,55.79,56.19,5992500,VCB
2025-05-13,56.69,56.88,56.19,56.39,7392600,VCB
2025-05-14,56.79,58.37,56.79,58.27,8014200,VCB
2025-05-15,58.87,59.37,58.27,58.27,8070600,VCB
2025-05-16,58.37,58.57,57.08,57.08,8364800,VCB
2025-05-19,56.98,57.18,56.59,56.59,4784400,VCB
2025-05-20,56.59,56.98,56.39,56.69,3867000,VCB
2025-05-21,57.08,57.48,56.59,56.69,5161800,VCB
2025-05-22,56.69,56.98,56.49,56.49,3694300,VCB
2025-05-23,56.49,57.08,56.29,56.39,3546500,VCB
2025-05-26,56.49,56.59,55.59,56.59,4728300,VCB
2025-05-27,56.39,56.79,56.29,56.39,5548900,VCB
2025-05-28,56.69,57.18,56.39,56.39,4950200,VCB
2025-05-29,56.79,56.79,56.29,56.29,3904500,VCB
2025-05-30,56.39,56.49,55.99,55.99,3934000,VCB
2025-06-02,56.09,56.09,55.69,55.79,3225700,VCB
2025-06-03,56.29,56.49,55.99,56.39,3364000,VCB
2025-06-04,56.49,56.59,56.09,56.19,2690500,VCB
2025-06-05,56.29,56.39,55.89,55.89,2783100,VCB
2025-06-06,55.89,56.19,55.69,55.69,2531900,VCB
2025-06-09,55.79,55.99,55.49,55.49,2223900,VCB
2025-06-10,55.59,55.79,55.49,55.49,2231400,VCB
2025-06-11,55.79,55.79,55.3,55.3,2295800,VCB
2025-06-12,55.59,55.69,55.3,55.59,2560800,VCB
2025-06-13,55.49,56.69,55.2,55.79,5364900,VCB
2025-06-16,55.79,56.29,55.79,56.19,4336600,VCB
2025-06-17,56.49,57.08,56.39,56.79,5159800,VCB
2025-06-18,56.79,56.88,56.09,56.29,3421100,VCB
2025-06-19,56.29,56.59,56.09,56.19,2368700,VCB
2025-06-20,56.29,56.79,56.09,56.69,6886500,VCB
2025-06-23,56.29,56.49,56.09,56.19,2480600,VCB
2025-06-24,56.49,56.69,56.19,56.19,3507600,VCB
2025-06-25,56.39,56.49,56.19,56.19,2739800,VCB
2025-06-26,56.29,56.39,55.99,55.99,2842900,VCB
2025-06-27,56.19,56.88,55.99,56.29,4082600,VCB
2025-06-30,56.59,56.79,56.49,56.59,2952200,VCB
2025-07-01,56.79,58.37,56.69,57.78,10049500,VCB
2025-07-02,57.88,58.18,57.28,57.58,2913600,VCB
2025-07-03,57.68,58.37,57.28,57.48,7395300,VCB
2025-07-04,57.48,58.37,57.38,57.98,4849800,VCB
2025-07-07,58.08,58.47,57.78,58.18,8056200,VCB
2025-07-08,58.37,59.07,58.18,58.57,10394500,VCB
2025-07-09,58.97,61.35,58.97,61.05,16449700,VCB
2025-07-10,61.35,61.35,60.56,60.96,8152900,VCB
2025-07-11,61.05,62.64,61.05,62.25,12701900,VCB
2025-07-14,62.44,62.44,60.56,61.95,6475000,VCB
2025-07-15,61.95,62.15,60.96,60.96,6315400,VCB
2025-07-16,60.96,61.65,60.66,61.35,7603200,VCB
2025-07-17,61.35,62.25,61.35,61.75,9992700,VCB
2025-07-18,61.85,62.15,61.35,61.45,6915300,VCB
2025-07-21,61.75,62.25,60.86,60.86,6138200,VCB
2025-07-22,60.86,61.75,60.46,61.75,4902600,VCB
2025-07-23,62.05,62.15,61.35,61.65,5087300,VCB
2025-07-24,61.75,63.04,61.45,61.65,8710200,VCB
2025-07-25,61.65,62.05,61.45,61.55,4978400,VCB
2025-07-28,61.75,62.54,61.65,62.34,10484700,VCB
2025-07-29,62.74,62.74,60.56,60.56,10595600,VCB
2025-07-30,60.56,61.45,59.96,60.46,7271000,VCB
2025-07-31,61.05,61.25,59.66,59.76,6066900,VCB
2025-08-01,59.86,60.16,59.27,59.76,4751600,VCB
2025-08-04,59.66,60.96,59.57,60.66,4462400,VCB
2025-08-05,61.05,63.24,60.76,61.05,18590000,VCB
2025-08-06,61.65,62.34,61.45,61.85,4677500,VCB
2025-08-07,62.44,62.44,60.86,61.25,9498700,VCB
2025-08-08,61.75,62.84,61.15,61.45,10679800,VCB
2025-08-11,61.65,62.74,61.65,62.05,7266300,VCB
2025-08-12,62.34,64.33,62.25,62.54,12129000,VCB
2025-08-13,63.04,63.14,61.55,62.05,7519800,VCB
2025-08-14,63.24,65.82,62.84,64.73,19003100,VCB
2025-08-15,66.91,67.01,63.73,63.83,16667800,VCB
2025-08-18,64.33,65.12,63.54,64.03,8297300,VCB
2025-08-19,64.03,64.93,63.73,63.73,9191400,VCB
2025-08-20,64.03,64.13,61.75,62.54,10537600,VCB
2025-08-21,62.84,64.53,62.84,63.73,9639300,VCB
2025-08-22,63.54,66.71,63.24,64.13,18944300,VCB
2025-08-25,65.32,65.32,62.94,63.14,7750800,VCB
2025-08-26,63.14,64.53,62.44,64.13,7988400,VCB
2025-08-27,64.53,68.6,64.53,68.6,31048100,VCB
2025-08-28,69.0,70.09,68.2,68.5,8799400,VCB
2025-08-29,68.7,69.59,68.0,68.1,14696100,VCB
2025-09-03,68.3,68.3,66.51,66.51,14216900,VCB
2025-09-04,67.01,68.5,66.42,68.4,8942100,VCB
2025-09-05,69.0,69.1,67.01,67.01,11047800,VCB
2025-09-08,66.61,67.01,64.83,64.83,11249800,VCB
2025-09-09,65.03,65.72,64.03,64.43,6192300,VCB
2025-09-10,65.12,65.52,64.33,65.32,5006400,VCB
2025-09-11,65.12,65.52,63.73,65.22,6349100,VCB
2025-09-12,65.72,65.72,64.53,65.32,5694200,VCB
2025-09-15,65.52,65.52,65.03,65.32,5367400,VCB
2025-09-16,65.52,66.12,65.12,65.12,6765400,VCB
2025-09-17,65.03,65.32,64.33,64.33,5627200,VCB
2025-09-18,64.43,64.43,63.14,63.44,8783400,VCB
2025-09-19,63.73,64.03,62.54,62.54,6932700,VCB
2025-09-22,62.54,62.74,61.35,61.55,6061300,VCB
2025-09-23,61.95,62.64,61.75,61.75,3267800,VCB
2025-09-24,61.95,62.25,61.35,62.25,3879200,VCB
2025-09-25,62.84,62.94,62.25,62.54,3870300,VCB
2025-09-26,62.74,62.94,62.44,62.54,3981900,VCB
2025-09-29,62.44,62.44,61.95,62.15,2782900,VCB
2025-09-30,62.34,62.44,61.35,61.55,4104100,VCB
2025-10-01,62.25,62.25,61.55,61.95,3022000,VCB
2025-10-02,61.95,62.64,61.65,61.65,3657500,VCB
2025-10-03,62.0,62.0,61.4,61.7,2821100,VCB
2025-10-06,62.8,64.0,62.8,64.0,7461700,VCB
2025-10-07,64.1,64.1,63.3,63.7,4229300,VCB
2025-10-08,64.2,64.9,63.6,64.6,8113800,VCB
2025-10-09,64.5,65.2,63.8,63.8,5734200,VCB
2025-10-10,63.9,64.4,63.6,64.2,4985600,VCB
2025-10-13,63.4,63.8,62.8,63.1,7992500,VCB
2025-10-14,63.5,64.0,62.9,63.1,7008900,VCB
2025-10-15,63.1,63.4,62.5,62.5,5218800,VCB
2025-10-16,62.7,63.0,62.5,62.9,4634400,VCB
2025-10-17,62.9,62.9,61.8,61.9,5405900,VCB
2025-10-20,61.8,62.2,58.6,59.4,12115600,VCB
2025-10-21,59.7,60.7,59.3,59.3,8416700,VCB
2025-10-22,60.1,60.2,58.5,59.6,4664800,VCB
2025-10-23,58.9,60.3,58.9,59.8,4227100,VCB
2025-10-24,59.8,59.9,58.8,59.5,4372700,VCB
2025-10-27,60.0,60.0,59.2,59.2,2640000,VCB
2025-10-28,59.2,60.2,59.1,60.0,2789700,VCB
2025-10-29,60.0,61.0,59.8,60.7,3716000,VCB
2025-10-30,61.0,61.2,60.3,60.6,1946600,VCB
2025-10-31,60.8,60.8,59.6,59.6,2117800,VCB
2025-11-03,60.0,60.3,59.3,59.3,2800100,VCB
2025-11-04,59.2,60.4,59.1,60.1,2952400,VCB
2025-11-05,60.0,61.1,59.9,60.8,4601700,VCB
2025-11-06,60.9,61.3,60.2,60.3,2821200,VCB
2025-11-07,60.0,60.0,59.0,59.3,3586300,VCB
2025-11-10,59.4,59.7,58.8,58.8,2316500,VCB
2025-11-11,59.1,59.6,58.8,58.9,2540900,VCB
2025-11-12,59.1,59.7,59.0,59.5,2012700,VCB
2025-11-13,59.5,60.0,59.2,59.8,2113500,VCB
2025-11-14,59.8,60.4,59.4,60.0,2069600,VCB
2025-11-17,60.0,60.4,59.9,60.2,1585600,VCB
2025-11-18,60.4,60.4,59.8,59.9,2158800,VCB
2025-11-19,59.9,60.1,59.3,59.4,2896200,VCB
2025-11-20,59.6,59.7,59.2,59.4,2259400,VCB
2025-11-21,59.1,59.2,58.7,59.0,3452400,VCB
2025-11-24,59.0,59.3,58.7,58.8,2025600,VCB
2025-11-25,58.9,59.0,58.2,58.2,2755000,VCB
2025-11-26,58.5,58.6,57.8,58.1,5371200,VCB
2025-11-27,58.2,58.5,57.9,57.9,3113500,VCB
2025-11-28,58.0,58.1,57.4,57.4,3534300,VCB
2025-12-01,57.6,58.0,57.5,57.5,2824900,VCB
2025-12-02,57.5,57.8,57.2,57.6,3185600,VCB
2025-12-03,57.8,59.1,57.8,58.9,6161200,VCB
2025-12-04,59.0,59.4,58.7,58.9,2923100,VCB
2025-12-05,59.0,59.2,58.2,58.3,3604700,VCB
2025-12-08,58.2,58.3,57.8,57.9,2141500,VCB
2025-12-09,57.9,58.7,57.3,58.0,4519400,VCB
2025-12-10,58.3,58.6,57.8,58.2,3082500,VCB
2025-12-11,58.4,58.4,57.6,57.6,1746700,VCB
2025-12-12,57.8,57.8,56.8,56.8,4847700,VCB
2025-12-15,56.8,57.3,56.7,56.8,3203100,VCB
2025-12-16,56.9,57.4,56.0,56.9,6346800,VCB
2025-12-17,57.0,57.5,56.7,56.7,2331200,VCB
2025-12-18,57.2,57.5,56.7,56.8,3075800,VCB
2025-12-19,57.0,57.5,56.7,57.5,4265500,VCB
2025-12-22,57.7,58.0,57.3,57.8,2961200,VCB
2025-12-23,57.8,58.1,57.0,57.2,3147900,VCB
2025-12-24,57.3,57.3,56.9,57.0,4431500,VCB
2025-12-25,57.0,57.9,57.0,57.1,3968100,VCB
2025-12-26,57.1,57.4,56.6,57.1,3302500,VCB
2025-12-29,57.4,57.5,57.1,57.1,2099700,VCB
2025-12-30,57.3,58.1,57.2,57.3,2958000,VCB
2025-12-31,57.4,57.9,57.3,57.5,2530800,VCB
2026-01-05,57.5,57.6,57.0,57.1,3591800,VCB
2026-01-06,57.1,57.5,56.6,57.3,4173200,VCB
2026-01-07,57.6,59.9,57.5,59.6,12918300,VCB
2026-01-08,59.8,63.7,59.7,63.7,27104600,VCB
2026-01-09,65.4,68.0,65.4,68.0,32481400,VCB
2026-01-12,69.9,72.7,69.6,72.7,21973100,VCB
2026-01-13,74.3,76.0,71.8,74.0,28198200,VCB
2026-01-14,73.1,78.8,73.1,76.0,21213600,VCB
2026-01-15,74.0,74.9,71.9,71.9,23227200,VCB
2026-01-16,73.0,76.0,72.0,73.0,13426500,VCB
2026-01-19,73.0,73.5,71.6,72.7,8212000,VCB
2026-01-20,74.0,75.0,72.1,73.5,18491600,VCB
2026-01-21,72.8,73.6,71.7,72.8,11179000,VCB
2026-01-22,73.4,75.9,70.6,71.0,18577500,VCB
2026-01-23,71.0,71.0,68.5,68.6,16804700,VCB
2026-01-26,68.9,71.1,68.7,69.6,10990600,VCB
2026-01-27,69.7,71.5,68.1,70.6,9645200,VCB
2026-01-28,71.1,72.9,69.4,69.6,12283200,VCB
2026-01-29,69.3,70.8,68.6,69.8,7855400,VCB
2026-01-30,70.6,71.9,69.6,70.5,11480700,VCB
2026-02-02,70.5,71.5,69.3,71.5,10711000,VCB
2026-02-03,72.4,73.3,71.3,71.8,15094700,VCB
2026-02-04,72.0,72.0,70.5,70.8,8726700,VCB
2026-02-05,70.7,70.8,68.4,68.4,11688700,VCB
2026-02-06,67.9,67.9,64.9,65.1,24570400,VCB
2026-02-09,65.5,66.0,64.2,65.0,7308900,VCB
2026-02-10,64.5,65.5,62.6,63.1,15811100,VCB
2026-02-11,64.0,66.6,63.5,64.7,11121200,VCB
2026-02-12,65.5,65.5,64.2,64.2,7950400,VCB
2026-02-13,64.7,65.1,64.0,64.4,4951400,VCB
2026-02-23,65.0,66.7,64.6,66.4,10104200,VCB
2026-02-24,66.6,66.6,64.9,65.0,10246500,VCB
2026-02-25,65.0,66.5,64.7,65.1,9488800,VCB
2026-02-26,65.2,65.9,65.0,65.4,7561900,VCB
2026-02-27,65.5,66.4,64.8,64.9,8831200,VCB
2026-03-02,62.9,63.9,62.9,62.9,17105000,VCB
2026-03-03,62.9,63.7,61.4,61.6,12575400,VCB
2026-03-04,61.8,63.2,61.7,63.0,10259500,VCB
2026-03-05,63.7,63.7,62.5,62.5,6037000,VCB
2026-03-06,62.0,63.2,61.6,61.6,8854200,VCB
2026-03-09,57.4,59.7,57.3,57.3,29396000,VCB
2026-03-10,59.8,60.9,58.8,60.4,11524700,VCB
2026-03-11,60.5,61.2,60.0,60.4,8789200,VCB
2026-03-12,60.2,60.3,59.5,59.8,6217000,VCB
2026-03-13,59.2,60.1,58.9,59.0,5656900,VCB
2026-03-16,59.3,59.8,58.6,58.8,3985900,VCB
2026-03-17,59.5,60.5,59.4,60.5,7148800,VCB
2026-03-18,60.9,62.0,60.0,60.5,8225000,VCB
2026-03-19,59.7,60.0,59.0,59.8,6184000,VCB
2026-03-20,59.8,59.8,58.0,58.0,8322900,VCB
2026-03-23,57.8,58.3,56.5,57.6,9648600,VCB
2026-03-24,59.0,59.0,58.0,58.2,4332300,VCB
2026-03-25,58.8,59.1,58.0,58.4,8558200,VCB
2026-03-26,58.5,58.6,57.5,57.9,6217800,VCB
2026-03-27,58.0,59.0,57.9,58.8,6135900,VCB
2026-03-30,57.9,58.5,57.8,58.0,5546000,VCB
2026-03-31,58.2,58.9,58.0,58.1,5481100,VCB
2026-04-01,58.9,59.2,58.5,59.0,8254700,VCB
2026-04-02,58.7,58.8,58.1,58.2,5664500,VCB
2026-04-03,58.3,58.5,57.7,57.7,5919600,VCB
2026-04-06,57.8,58.2,57.7,58.0,4303300,VCB
2026-04-07,58.0,58.3,57.7,58.0,3889100,VCB
2026-04-08,59.2,60.3,58.8,60.2,13743100,VCB
2026-04-09,60.0,60.1,59.3,59.4,6217700,VCB
2026-04-10,59.6,61.0,59.6,59.8,7655400,VCB
2026-04-13,59.5,59.5,59.0,59.2,5088700,VCB
2026-04-14,59.7,59.8,59.1,59.3,5548100,VCB
2026-04-15,59.7,60.5,59.6,59.9,8919600,VCB
2026-04-16,60.0,60.1,59.3,59.4,4174500,VCB
2026-04-17,59.4,59.9,59.4,59.5,4257800,VCB
2026-04-20,59.6,60.5,59.5,60.1,6442900,VCB
2018-06-04,16.12,16.53,16.12,16.12,2811840,TCB
2018-06-05,15.61,16.7,15.12,15.12,1357500,TCB
2018-06-06,14.96,15.12,14.33,14.49,1605480,TCB
2018-06-07,14.89,15.5,14.66,15.5,1376540,TCB
2018-06-08,15.91,16.57,15.67,16.57,2008500,TCB
2018-06-11,16.5,17.17,16.25,17.17,1229830,TCB
2018-06-12,17.01,17.01,16.2,16.53,1139130,TCB
2018-06-13,16.53,17.01,16.45,16.6,772670,TCB
2018-06-14,16.78,16.78,16.3,16.53,617130,TCB
2018-06-15,16.62,16.62,16.3,16.57,723460,TCB
2018-06-18,16.4,16.53,15.43,15.75,825810,TCB
2018-06-19,14.97,15.28,14.64,14.96,2092720,TCB
2018-06-20,14.96,15.2,14.66,14.99,554870,TCB
2018-06-21,15.02,15.02,14.69,14.99,497790,TCB
2018-06-22,14.97,14.97,14.74,14.96,328710,TCB
2018-06-25,15.12,15.28,15.07,15.1,918340,TCB
2018-06-26,14.87,15.04,14.84,14.96,493790,TCB
2018-06-27,14.73,14.96,14.73,14.74,394860,TCB
2018-06-28,14.64,14.73,13.94,14.53,1319230,TCB
2018-06-29,14.33,14.49,13.7,14.44,1583700,TCB
2018-07-02,14.46,14.46,13.7,13.84,669570,TCB
2018-07-03,13.78,13.9,12.88,12.88,2112230,TCB
2018-07-04,12.67,12.76,11.98,12.76,1102650,TCB
2018-07-05,13.63,13.63,12.76,13.3,1583450,TCB
2018-07-06,13.23,13.7,12.76,13.61,1160990,TCB
2018-07-09,13.7,13.79,13.16,13.46,631240,TCB
2018-07-10,13.46,13.46,13.0,13.06,549100,TCB
2018-07-11,12.8,12.8,12.17,12.17,1134570,TCB
2018-07-12,11.86,12.28,11.86,12.28,686180,TCB
2018-07-13,12.47,12.52,12.28,12.38,406500,TCB
2018-07-16,12.28,12.38,12.17,12.38,430160,TCB
2018-07-17,12.38,13.0,12.14,12.8,1174520,TCB
2018-07-18,13.0,13.46,12.9,13.21,1139340,TCB
2018-07-19,13.23,13.23,13.0,13.18,680430,TCB
2018-07-20,13.0,13.18,12.85,13.18,1473990,TCB
2018-07-23,12.9,13.16,12.57,12.57,878370,TCB
2018-07-24,12.76,13.0,12.43,12.47,1019120,TCB
2018-07-25,12.66,12.68,11.77,12.64,3348190,TCB
2018-07-26,12.28,12.4,12.05,12.19,645430,TCB
2018-07-27,12.19,12.38,12.1,12.27,1427670,TCB
2018-07-30,12.27,12.38,12.24,12.33,1438740,TCB
2018-07-31,12.35,13.18,12.28,13.13,4690660,TCB
2018-08-01,13.18,13.54,12.83,13.02,2060620,TCB
2018-08-02,12.9,13.46,12.76,13.46,3507500,TCB
2018-08-03,13.51,13.66,13.23,13.4,2418140,TCB
2018-08-06,13.23,13.38,13.13,13.23,1478320,TCB
2018-08-07,13.11,13.33,12.95,13.21,1670400,TCB
2018-08-08,13.3,13.3,12.95,13.11,1406450,TCB
2018-08-09,13.18,13.38,12.95,12.95,2342630,TCB
2018-08-10,12.95,13.08,12.47,12.85,2362660,TCB
2018-08-13,12.76,13.06,12.66,12.97,1369550,TCB
2018-08-14,13.0,13.0,12.76,12.85,850440,TCB
2018-08-15,12.76,12.85,12.52,12.52,1030610,TCB
2018-08-16,12.52,12.71,12.27,12.52,1576340,TCB
2018-08-17,12.52,12.71,12.52,12.52,691890,TCB
2018-08-20,12.62,12.62,12.24,12.52,847610,TCB
2018-08-21,12.52,12.6,12.4,12.52,904270,TCB
2018-08-22,12.62,12.95,12.55,12.6,1386850,TCB
2018-08-23,12.76,12.83,12.6,12.64,1031560,TCB
2018-08-24,12.64,12.73,12.52,12.57,817010,TCB
2018-08-27,12.57,12.68,12.52,12.52,1480540,TCB
2018-08-28,12.57,12.66,12.38,12.4,1630740,TCB
2018-08-29,12.4,12.45,12.33,12.35,778240,TCB
2018-08-30,12.35,12.43,12.3,12.43,887840,TCB
2018-08-31,12.43,12.68,12.43,12.43,1723040,TCB
2018-09-04,12.43,12.57,12.3,12.33,991610,TCB
2018-09-05,12.33,12.4,12.17,12.19,1052150,TCB
2018-09-06,12.19,12.24,11.72,11.72,2694080,TCB
2018-09-07,11.82,11.95,11.77,11.93,2154200,TCB
2018-09-10,12.0,12.05,11.82,12.05,1297720,TCB
2018-09-11,12.02,12.05,11.95,12.0,780150,TCB
2018-09-12,12.05,12.07,11.82,11.82,1460210,TCB
2018-09-13,11.82,12.0,11.82,11.9,1105010,TCB
2018-09-14,11.9,12.0,11.89,11.93,1343360,TCB
2018-09-17,11.93,12.76,11.89,12.3,2714630,TCB
2018-09-18,12.3,12.35,12.07,12.35,1059520,TCB
2018-09-19,12.38,12.78,12.38,12.57,2934180,TCB
2018-09-20,12.57,13.23,12.57,13.23,5779740,TCB
2018-09-21,13.23,13.44,13.13,13.38,4008110,TCB
2018-09-24,13.38,13.44,13.21,13.28,2213810,TCB
2018-09-25,13.23,13.33,13.13,13.23,2261840,TCB
2018-09-26,13.23,13.86,13.13,13.66,4516320,TCB
2018-09-27,13.79,14.01,13.78,13.89,3663710,TCB
2018-09-28,13.94,14.01,13.7,13.78,3943650,TCB
2018-10-01,13.78,13.82,13.51,13.54,2816100,TCB
2018-10-02,13.51,13.89,13.51,13.75,3139750,TCB
2018-10-03,13.89,13.94,13.78,13.86,1405830,TCB
2018-10-04,13.94,14.27,13.86,14.27,3273230,TCB
2018-10-05,14.22,14.29,14.06,14.08,3156560,TCB
2018-10-08,13.75,14.06,13.75,13.86,2101380,TCB
2018-10-09,13.89,14.06,13.78,14.06,2656380,TCB
2018-10-10,14.08,14.22,14.01,14.03,1689250,TCB
2018-10-11,13.33,13.75,13.08,13.16,4366960,TCB
2018-10-12,13.16,13.61,12.9,13.56,2298230,TCB
2018-10-15,13.56,13.58,13.23,13.33,2085500,TCB
2018-10-16,13.3,13.66,13.3,13.56,1363410,TCB
2018-10-17,13.84,13.84,13.68,13.75,1972280,TCB
2018-10-18,13.61,13.75,13.56,13.66,1487880,TCB
2018-10-19,13.41,13.7,13.28,13.7,1454000,TCB
2018-10-22,13.7,13.79,13.61,13.61,2026290,TCB
2018-10-23,13.61,13.61,12.66,13.13,2307530,TCB
2018-10-24,13.18,13.23,12.52,12.52,1535430,TCB
2018-10-25,11.9,12.43,11.86,12.33,2454470,TCB
2018-10-26,12.71,12.71,12.05,12.22,1747390,TCB
2018-10-29,12.19,12.28,12.05,12.14,1473740,TCB
2018-10-30,12.14,12.33,12.1,12.19,1327540,TCB
2018-10-31,12.33,12.71,12.33,12.71,1230140,TCB
2018-11-01,12.73,12.73,12.33,12.33,802870,TCB
2018-11-02,12.57,12.73,12.38,12.57,1048790,TCB
2018-11-05,12.62,12.73,12.52,12.68,920120,TCB
2018-11-06,12.95,12.95,12.64,12.73,1174180,TCB
2018-11-07,12.62,12.85,12.62,12.76,1180500,TCB
2018-11-08,13.0,13.0,12.73,12.76,710570,TCB
2018-11-09,12.68,12.73,12.45,12.45,1090990,TCB
2018-11-12,12.43,12.52,12.22,12.43,784460,TCB
2018-11-13,12.14,12.28,12.14,12.17,947810,TCB
2018-11-14,12.1,12.28,11.89,11.93,1692450,TCB
2018-11-15,11.93,12.07,11.84,11.93,971850,TCB
2018-11-16,12.05,12.47,12.02,12.14,645780,TCB
2018-11-19,12.14,12.62,12.14,12.52,1754860,TCB
2018-11-20,12.43,12.55,12.33,12.47,1534530,TCB
2018-11-21,12.28,12.66,12.24,12.52,1028070,TCB
2018-11-22,12.71,12.71,11.65,12.52,901490,TCB
2018-11-23,12.52,12.57,12.33,12.33,643390,TCB
2018-11-26,12.28,12.5,12.27,12.27,1195560,TCB
2018-11-27,12.43,12.52,12.27,12.28,1040020,TCB
2018-11-28,12.28,12.35,12.24,12.35,668970,TCB
2018-11-29,12.5,12.57,12.3,12.3,1304530,TCB
2018-11-30,12.4,12.43,12.28,12.3,635260,TCB
2018-12-03,12.52,12.85,12.43,12.85,3059840,TCB
2018-12-04,12.85,13.21,12.85,13.13,2885160,TCB
2018-12-05,13.0,13.38,12.9,13.23,3540000,TCB
2018-12-06,13.23,13.44,13.18,13.3,2977170,TCB
2018-12-07,13.33,13.46,13.13,13.23,2249340,TCB
2018-12-10,13.18,13.4,13.08,13.35,3389080,TCB
2018-12-11,13.4,13.46,13.28,13.38,2451470,TCB
2018-12-12,13.46,13.66,13.38,13.66,3106230,TCB
2018-12-13,13.7,13.78,13.56,13.56,2502500,TCB
2018-12-14,13.46,13.61,13.46,13.54,2395670,TCB
2018-12-17,13.38,13.46,12.95,12.95,3335920,TCB
2018-12-18,12.76,13.0,12.62,13.0,3565390,TCB
2018-12-19,12.95,13.0,12.73,13.0,1152330,TCB
2018-12-20,12.85,13.08,12.8,12.88,1096130,TCB
2018-12-21,12.76,12.9,12.62,12.9,1436860,TCB
2018-12-24,12.9,12.95,12.71,12.71,1250440,TCB
2018-12-25,12.38,12.55,12.19,12.47,2408040,TCB
2018-12-26,12.43,12.57,12.27,12.28,1965260,TCB
2018-12-27,12.52,12.6,12.3,12.3,2093990,TCB
2018-12-28,12.43,12.43,12.22,12.22,1849440,TCB
2019-01-02,12.28,12.3,12.1,12.1,1329030,TCB
2019-01-03,12.14,12.17,11.82,11.82,1811430,TCB
2019-01-04,11.82,11.82,10.99,11.79,2970830,TCB
2019-01-07,11.89,12.05,11.86,11.86,1436930,TCB
2019-01-08,11.89,11.9,11.84,11.86,843170,TCB
2019-01-09,11.9,12.28,11.86,12.19,3192180,TCB
2019-01-10,12.19,12.27,12.17,12.19,1644380,TCB
2019-01-11,12.22,12.43,12.22,12.28,1623150,TCB
2019-01-14,12.24,12.3,12.17,12.22,2002420,TCB
2019-01-15,12.22,12.52,12.22,12.52,1853220,TCB
2019-01-16,12.57,12.64,12.5,12.52,1782580,TCB
2019-01-17,12.52,12.68,12.47,12.6,1858980,TCB
2019-01-18,12.66,12.73,12.52,12.64,1598890,TCB
2019-01-21,12.71,13.0,12.71,12.95,1951730,TCB
2019-01-22,13.04,13.04,12.66,12.66,2368670,TCB
2019-01-23,12.71,12.71,12.55,12.55,2092730,TCB
2019-01-24,12.62,12.68,12.5,12.6,1537670,TCB
2019-01-25,12.73,12.88,12.6,12.6,1710030,TCB
2019-01-28,12.64,12.66,12.3,12.38,1864000,TCB
2019-01-29,12.38,12.52,12.24,12.52,2058540,TCB
2019-01-30,12.52,12.62,12.43,12.57,1017170,TCB
2019-01-31,12.57,12.57,12.43,12.52,2606420,TCB
2019-02-01,12.52,12.85,12.43,12.85,7859690,TCB
2019-02-11,12.76,12.9,12.66,12.78,2504660,TCB
2019-02-12,12.83,13.06,12.73,12.97,4957590,TCB
2019-02-13,12.97,13.11,12.95,13.02,2519920,TCB
2019-02-14,13.0,13.04,12.88,12.9,2290940,TCB
2019-02-15,12.85,13.06,12.8,12.88,3355310,TCB
2019-02-18,12.9,13.02,12.88,12.92,2160450,TCB
2019-02-19,12.95,13.33,12.95,13.02,7850600,TCB
2019-02-20,13.06,13.13,12.97,13.02,2760520,TCB
2019-02-21,13.04,13.08,12.9,13.0,2102120,TCB
2019-02-22,13.0,13.23,12.95,13.08,6443060,TCB
2019-02-25,13.18,13.23,13.08,13.11,3849680,TCB
2019-02-26,13.08,13.16,12.88,12.97,3078620,TCB
2019-02-27,12.97,13.0,12.78,12.85,4709200,TCB
2019-02-28,12.85,12.85,12.47,12.52,4845650,TCB
2019-03-01,12.57,12.68,12.47,12.57,2342280,TCB
2019-03-04,12.62,12.8,12.62,12.76,2834780,TCB
2019-03-05,12.68,12.85,12.62,12.66,3227790,TCB
2019-03-06,12.66,12.71,12.6,12.66,1004950,TCB
2019-03-07,12.71,12.78,12.64,12.64,1428410,TCB
2019-03-08,12.55,12.6,12.4,12.4,2892590,TCB
2019-03-11,12.43,12.52,12.4,12.43,894870,TCB
2019-03-12,12.57,12.66,12.4,12.66,1884510,TCB
2019-03-13,12.76,13.02,12.71,12.83,4603520,TCB
2019-03-14,12.85,12.88,12.71,12.71,1525640,TCB
2019-03-15,12.71,12.85,12.64,12.68,1750100,TCB
2019-03-18,12.73,12.88,12.66,12.78,3348820,TCB
2019-03-19,12.8,12.85,12.62,12.64,2078600,TCB
2019-03-20,12.64,12.64,12.47,12.57,1701020,TCB
2019-03-21,12.64,12.64,12.33,12.33,2858380,TCB
2019-03-22,12.35,12.43,12.27,12.33,2631920,TCB
2019-03-25,12.05,12.24,12.02,12.1,2295560,TCB
2019-03-26,12.1,12.24,12.0,12.05,2041810,TCB
2019-03-27,12.14,12.19,12.02,12.17,1426910,TCB
2019-03-28,12.12,12.19,12.07,12.07,798820,TCB
2019-03-29,12.07,12.19,12.07,12.1,1656270,TCB
2019-04-01,12.14,12.14,12.05,12.07,1213000,TCB
2019-04-02,12.14,12.22,12.02,12.05,1197560,TCB
2019-04-03,12.05,12.1,12.0,12.02,883080,TCB
2019-04-04,12.02,12.07,11.95,12.02,1084530,TCB
2019-04-05,12.05,12.05,12.0,12.0,790380,TCB
2019-04-08,12.0,12.0,11.86,11.93,1689220,TCB
2019-04-09,12.0,12.12,11.93,11.97,1526530,TCB
2019-04-10,11.95,12.05,11.82,11.86,1488230,TCB
2019-04-11,11.84,11.9,11.82,11.86,837020,TCB
2019-04-12,11.82,11.86,11.74,11.77,1318580,TCB
2019-04-16,11.65,11.69,11.52,11.6,2097030,TCB
2019-04-17,11.69,11.84,11.65,11.69,1022100,TCB
2019-04-18,11.69,11.72,11.46,11.46,1478350,TCB
2019-04-19,11.57,11.57,11.44,11.44,1116030,TCB
2019-04-22,11.44,11.49,11.17,11.22,1544290,TCB
2019-04-23,11.15,11.27,11.13,11.15,1850200,TCB
2019-04-24,11.19,11.51,11.19,11.51,1995110,TCB
2019-04-25,11.52,11.52,11.41,11.41,681910,TCB
2019-04-26,11.36,11.44,11.34,11.41,898530,TCB
2019-05-02,11.39,11.44,11.24,11.27,891770,TCB
2019-05-03,11.27,11.34,11.17,11.34,1727710,TCB
2019-05-06,11.17,11.29,10.91,11.01,1903780,TCB
2019-05-07,11.19,11.19,10.91,10.96,1294740,TCB
2019-05-08,10.87,10.87,10.71,10.84,1748140,TCB
2019-05-09,10.82,10.96,10.77,10.77,1330990,TCB
2019-05-10,10.87,10.94,10.77,10.94,1679270,TCB
2019-05-13,10.99,11.01,10.91,10.96,1130890,TCB
2019-05-14,10.87,10.96,10.79,10.87,1432870,TCB
2019-05-15,10.91,11.36,10.87,11.32,3260220,TCB
2019-05-16,11.39,11.39,11.17,11.22,2139740,TCB
2019-05-17,11.19,11.24,11.13,11.15,1740280,TCB
2019-05-20,11.13,11.29,11.06,11.27,2117630,TCB
2019-05-21,11.27,11.49,11.27,11.36,3217110,TCB
2019-05-22,11.19,11.44,11.19,11.19,1706530,TCB
2019-05-23,11.17,11.27,11.13,11.17,1377230,TCB
2019-05-24,11.13,11.19,10.96,10.96,2380690,TCB
2019-05-27,10.96,11.04,10.91,10.94,888140,TCB
2019-05-28,10.91,11.06,10.82,10.91,1428370,TCB
2019-05-29,10.89,10.91,10.75,10.75,2073420,TCB
2019-05-30,10.75,10.89,10.63,10.84,1454130,TCB
2019-05-31,10.84,10.87,10.68,10.68,1452700,TCB
2019-06-03,10.58,10.63,10.16,10.16,2710010,TCB
2019-06-04,10.28,10.3,9.97,10.01,2334950,TCB
2019-06-05,10.21,10.3,10.06,10.06,1078360,TCB
2019-06-06,10.06,10.16,9.88,10.09,1377350,TCB
2019-06-07,10.09,10.21,10.09,10.21,1426730,TCB
2019-06-10,10.3,10.35,10.06,10.16,1692190,TCB
2019-06-11,10.16,10.26,10.13,10.16,907130,TCB
2019-06-12,10.16,10.21,10.06,10.06,672440,TCB
2019-06-13,10.06,10.06,9.97,10.0,845890,TCB
2019-06-14,10.01,10.13,10.01,10.01,1082100,TCB
2019-06-17,10.06,10.09,9.83,9.83,2217430,TCB
2019-06-18,9.88,9.9,9.5,9.6,3167100,TCB
2019-06-19,9.5,9.76,9.45,9.5,2057320,TCB
2019-06-20,9.55,9.83,9.52,9.73,3519910,TCB
2019-06-21,9.83,9.97,9.78,9.83,1724400,TCB
2019-06-24,9.78,9.95,9.76,9.88,1664740,TCB
2019-06-25,9.76,9.88,9.76,9.8,1564890,TCB
2019-06-26,9.71,9.78,9.6,9.63,1838710,TCB
2019-06-27,9.63,9.68,9.55,9.55,1584550,TCB
2019-06-28,9.62,9.63,9.43,9.62,2795060,TCB
2019-07-01,9.71,9.97,9.71,9.93,4072480,TCB
2019-07-02,9.97,10.04,9.8,9.88,2795670,TCB
2019-07-03,9.8,9.93,9.76,9.83,1983500,TCB
2019-07-04,9.85,10.16,9.83,10.11,3900680,TCB
2019-07-05,10.13,10.21,10.01,10.09,1549360,TCB
2019-07-08,10.06,10.09,9.71,9.88,3362170,TCB
2019-07-09,9.78,9.88,9.73,9.78,1946360,TCB
2019-07-10,9.85,9.93,9.78,9.78,906800,TCB
2019-07-11,9.88,9.97,9.83,9.93,1912930,TCB
2019-07-12,9.97,10.01,9.78,9.78,2769760,TCB
2019-07-15,9.97,10.04,9.8,10.0,2857380,TCB
2019-07-16,10.0,10.11,9.97,10.01,2278750,TCB
2019-07-17,10.06,10.06,9.93,9.97,2701360,TCB
2019-07-18,10.06,9.97,9.83,9.88,2824630,TCB
2019-07-19,10.06,10.06,9.93,10.01,3346840,TCB
2019-07-22,10.0,10.06,9.9,9.95,2774500,TCB
2019-07-23,9.95,10.0,9.93,9.95,1565740,TCB
2019-07-24,9.97,10.01,9.88,9.9,2120730,TCB
2019-07-25,9.9,9.93,9.88,9.88,1729230,TCB
2019-07-26,9.85,9.9,9.8,9.83,1245510,TCB
2019-07-29,9.93,9.95,9.8,9.83,2419230,TCB
2019-07-30,9.88,9.88,9.76,9.78,1551320,TCB
2019-07-31,9.78,9.78,9.71,9.71,1219550,TCB
2019-08-01,9.73,9.78,9.68,9.78,1192180,TCB
2019-08-02,9.63,9.78,9.62,9.71,3516660,TCB
2019-08-05,9.63,9.71,9.6,9.63,2653940,TCB
2019-08-06,9.55,9.6,9.4,9.57,1970250,TCB
2019-08-07,9.55,9.63,9.47,9.5,1212000,TCB
2019-08-08,9.5,9.57,9.45,9.55,1798980,TCB
2019-08-09,9.55,9.6,9.5,9.55,875180,TCB
2019-08-12,9.55,9.62,9.55,9.57,840220,TCB
2019-08-13,9.55,9.78,9.52,9.76,2100020,TCB
2019-08-14,9.85,9.9,9.78,9.85,1250150,TCB
2019-08-15,9.63,9.93,9.63,9.93,2105150,TCB
2019-08-16,9.93,10.39,9.88,10.35,6269250,TCB
2019-08-19,10.35,10.35,10.16,10.18,1938330,TCB
2019-08-20,10.21,10.26,10.09,10.18,1342680,TCB
2019-08-21,10.23,10.3,10.11,10.23,2062850,TCB
2019-08-22,10.23,10.33,10.21,10.23,1593030,TCB
2019-08-23,10.21,10.23,10.13,10.23,1304670,TCB
2019-08-26,10.01,10.09,9.9,10.04,3277300,TCB
2019-08-27,10.09,10.18,10.06,10.13,1805340,TCB
2019-08-28,10.11,10.16,10.09,10.11,736990,TCB
2019-08-29,10.11,10.11,9.97,10.09,948710,TCB
2019-08-30,10.11,10.16,10.04,10.16,1236390,TCB
2019-09-03,10.21,10.23,10.11,10.11,1136630,TCB
2019-09-04,10.21,10.3,10.04,10.26,1989740,TCB
2019-09-05,10.26,10.61,10.26,10.49,4417320,TCB
2019-09-06,10.56,10.61,10.44,10.49,1189570,TCB
2019-09-09,10.49,10.49,10.23,10.26,2274060,TCB
2019-09-10,10.21,10.35,10.13,10.13,2538930,TCB
2019-09-11,10.16,10.28,10.11,10.28,1009440,TCB
2019-09-12,10.28,10.39,10.26,10.38,1835330,TCB
2019-09-13,10.35,10.71,10.35,10.71,5546230,TCB
2019-09-16,10.71,10.75,10.61,10.68,1846340,TCB
2019-09-17,10.63,10.73,10.61,10.68,1689630,TCB
2019-09-18,10.63,10.75,10.58,10.68,2613940,TCB
2019-09-19,10.68,10.84,10.63,10.84,3116360,TCB
2019-09-20,10.87,10.96,10.84,10.94,2046450,TCB
2019-09-23,10.96,10.99,10.71,10.71,2643620,TCB
2019-09-24,10.71,10.77,10.66,10.68,2698720,TCB
2019-09-25,10.68,10.75,10.58,10.71,1603250,TCB
2019-09-26,10.71,10.94,10.71,10.91,2315980,TCB
2019-09-27,10.91,11.04,10.87,10.96,2199880,TCB
2019-09-30,11.01,11.11,10.94,11.04,2640100,TCB
2019-10-01,11.04,11.22,10.94,11.22,2328320,TCB
2019-10-02,11.19,11.32,11.15,11.22,2720060,TCB
2019-10-03,11.11,11.24,11.04,11.24,2152040,TCB
2019-10-04,11.27,11.32,11.11,11.15,2380040,TCB
2019-10-07,11.17,11.17,10.94,10.94,2959530,TCB
2019-10-08,10.94,11.13,10.94,11.13,1939340,TCB
2019-10-09,11.15,11.17,11.08,11.17,1287970,TCB
2019-10-10,11.13,11.22,11.13,11.17,721560,TCB
2019-10-11,11.15,11.19,11.13,11.15,859400,TCB
2019-10-14,11.19,11.44,11.15,11.29,5147390,TCB
2019-10-15,11.27,11.46,11.15,11.46,2505730,TCB
2019-10-16,11.49,11.6,11.49,11.55,2027890,TCB
2019-10-17,11.52,11.52,11.41,11.52,2372790,TCB
2019-10-18,11.52,11.62,11.49,11.52,1217000,TCB
2019-10-21,11.52,11.52,11.15,11.29,1602090,TCB
2019-10-22,11.29,11.34,11.22,11.34,1259780,TCB
2019-10-23,11.34,11.34,11.24,11.32,1210010,TCB
2019-10-24,11.34,11.34,11.22,11.27,1437210,TCB
2019-10-25,11.29,11.29,11.19,11.27,1383270,TCB
2019-10-28,11.32,11.34,11.22,11.24,1637090,TCB
2019-10-29,11.24,11.24,11.13,11.19,1432590,TCB
2019-10-30,11.19,11.34,11.15,11.24,1505720,TCB
2019-10-31,11.24,11.32,11.19,11.19,1249530,TCB
2019-11-01,11.19,11.27,11.15,11.22,1276580,TCB
2019-11-04,11.29,11.52,11.22,11.51,3950490,TCB
2019-11-05,11.57,11.77,11.52,11.69,2664570,TCB
2019-11-06,11.74,11.74,11.65,11.69,1670500,TCB
2019-11-07,11.72,11.72,11.65,11.72,1200940,TCB
2019-11-08,11.72,11.89,11.72,11.86,4107220,TCB
2019-11-11,11.9,12.05,11.84,11.89,3594060,TCB
2019-11-12,11.84,11.9,11.82,11.89,1410930,TCB
2019-11-13,11.95,11.95,11.69,11.69,3308350,TCB
2019-11-14,11.67,11.69,11.55,11.67,1789980,TCB
2019-11-15,11.67,11.79,11.52,11.77,1355990,TCB
2019-11-18,11.77,11.79,11.55,11.55,1327810,TCB
2019-11-19,11.55,11.72,11.55,11.69,986340,TCB
2019-11-20,11.72,11.77,11.49,11.52,1185900,TCB
2019-11-21,11.51,11.52,11.11,11.11,4049470,TCB
2019-11-22,10.89,11.34,10.77,10.89,2348690,TCB
2019-11-25,10.91,11.01,10.79,11.01,1110080,TCB
2019-11-26,11.06,11.11,11.01,11.08,995420,TCB
2019-11-27,11.11,11.15,11.04,11.04,816030,TCB
2019-11-28,11.04,11.04,10.82,10.82,1133640,TCB
2019-11-29,10.87,10.91,10.75,10.82,754400,TCB
2019-12-02,10.84,10.89,10.68,10.73,1156110,TCB
2019-12-03,10.73,10.75,10.56,10.66,1530470,TCB
2019-12-04,10.66,11.08,10.66,11.08,1112220,TCB
2019-12-05,11.08,11.13,10.91,10.99,588750,TCB
2019-12-06,10.99,11.06,10.91,10.94,509280,TCB
2019-12-09,10.94,10.99,10.73,10.77,799820,TCB
2019-12-10,10.75,10.77,10.54,10.58,1281250,TCB
2019-12-11,10.63,10.75,10.63,10.73,795470,TCB
2019-12-12,10.71,11.01,10.71,10.94,1024340,TCB
2019-12-13,10.96,10.99,10.87,10.94,903570,TCB
2019-12-16,10.87,10.94,10.82,10.94,837370,TCB
2019-12-17,10.91,10.94,10.75,10.75,797100,TCB
2019-12-18,10.73,10.77,10.68,10.73,681130,TCB
2019-12-19,10.68,10.75,10.54,10.56,1746590,TCB
2019-12-20,10.58,10.77,10.58,10.77,653220,TCB
2019-12-23,10.87,10.99,10.82,10.91,2394730,TCB
2019-12-24,10.94,10.94,10.79,10.87,419130,TCB
2019-12-25,10.87,10.94,10.84,10.87,598950,TCB
2019-12-26,10.87,10.89,10.82,10.89,855750,TCB
2019-12-27,10.89,10.96,10.84,10.96,819850,TCB
2019-12-30,11.11,11.32,11.04,11.08,2452800,TCB
2019-12-31,11.08,11.22,11.08,11.13,731740,TCB
2020-01-02,11.13,11.27,11.11,11.24,1387610,TCB
2020-01-03,11.29,11.32,11.17,11.17,756700,TCB
2020-01-06,11.06,11.06,10.89,10.89,1162990,TCB
2020-01-07,10.89,10.96,10.87,10.96,1043300,TCB
2020-01-08,10.77,10.89,10.68,10.75,1710390,TCB
2020-01-09,10.87,10.91,10.79,10.89,2009840,TCB
2020-01-10,10.87,11.11,10.87,10.94,3679110,TCB
2020-01-13,10.87,10.94,10.75,10.84,892360,TCB
2020-01-14,10.84,10.89,10.82,10.82,1804950,TCB
2020-01-15,10.82,10.87,10.77,10.82,1929280,TCB
2020-01-16,10.82,11.04,10.82,11.01,4383720,TCB
2020-01-17,11.06,11.15,11.01,11.06,1875160,TCB
2020-01-20,11.01,11.08,10.96,11.04,2019730,TCB
2020-01-21,11.08,11.36,11.06,11.36,7458340,TCB
2020-01-22,11.46,11.46,11.32,11.44,2309150,TCB
2020-01-30,11.11,11.24,10.75,10.82,4013510,TCB
2020-01-31,10.71,10.82,10.21,10.21,6118460,TCB
2020-02-03,9.68,10.44,9.62,10.13,4258750,TCB
2020-02-04,10.16,10.35,10.01,10.28,2196570,TCB
2020-02-05,10.39,10.46,10.18,10.28,2433210,TCB
2020-02-06,10.56,10.61,10.16,10.56,2677150,TCB
2020-02-07,10.56,10.56,10.35,10.46,1965440,TCB
2020-02-10,10.35,10.39,10.23,10.33,1304360,TCB
2020-02-11,10.33,10.54,10.33,10.46,1353360,TCB
2020-02-12,10.54,10.84,10.49,10.71,3157240,TCB
2020-02-13,10.66,10.71,10.58,10.68,1823230,TCB
2020-02-14,10.91,11.06,10.82,11.01,4375740,TCB
2020-02-17,11.06,11.29,10.99,11.24,6393370,TCB
2020-02-18,11.24,11.39,11.13,11.19,4268770,TCB
2020-02-19,11.15,11.19,11.08,11.17,1980690,TCB
2020-02-20,11.19,11.29,11.01,11.11,2950950,TCB
2020-02-21,11.06,11.19,10.91,10.91,2959980,TCB
2020-02-24,10.75,10.75,10.16,10.16,7508070,TCB
2020-02-25,9.93,10.51,9.83,10.49,3236900,TCB
2020-02-26,10.28,10.63,10.21,10.56,2243500,TCB
2020-02-27,10.56,10.75,10.49,10.75,2324050,TCB
2020-02-28,10.39,10.58,10.33,10.51,2433150,TCB
2020-03-02,10.58,10.71,10.44,10.63,2567350,TCB
2020-03-03,10.79,10.87,10.63,10.63,2162150,TCB
2020-03-04,10.56,10.68,10.49,10.66,1936620,TCB
2020-03-05,10.66,10.79,10.54,10.54,2022250,TCB
2020-03-06,10.49,10.49,10.3,10.41,2247920,TCB
2020-03-09,9.76,9.93,9.71,9.71,4584600,TCB
2020-03-10,9.63,9.93,9.5,9.78,3161970,TCB
2020-03-11,9.83,9.9,9.12,9.12,5626550,TCB
2020-03-12,8.5,8.74,8.49,8.49,4054760,TCB
2020-03-13,7.89,8.77,7.89,8.62,4332700,TCB
2020-03-16,8.62,8.62,8.12,8.24,3645430,TCB
2020-03-17,8.04,8.49,7.96,8.49,3112070,TCB
2020-03-18,8.55,8.6,8.37,8.49,1908520,TCB
2020-03-19,8.32,8.41,8.11,8.15,2214980,TCB
2020-03-20,8.24,8.27,8.11,8.2,1878140,TCB
2020-03-23,7.66,8.04,7.63,7.63,3265510,TCB
2020-03-24,7.79,7.79,7.56,7.61,3209920,TCB
2020-03-25,7.79,7.89,7.71,7.84,2952270,TCB
2020-03-26,7.84,7.84,7.61,7.61,1487540,TCB
2020-03-27,7.63,7.66,7.37,7.56,2746330,TCB
2020-03-30,7.13,7.33,7.04,7.04,3360230,TCB
2020-03-31,7.09,7.33,6.61,7.09,1578850,TCB
2020-04-01,7.09,7.37,6.78,7.33,1316380,TCB
2020-04-03,7.33,7.54,7.33,7.49,1433510,TCB
2020-04-06,7.66,8.01,7.61,8.01,2966040,TCB
2020-04-07,8.04,8.12,7.94,8.01,2424610,TCB
2020-04-08,7.94,7.94,7.71,7.89,1408000,TCB
2020-04-09,8.08,8.11,7.96,7.99,2199830,TCB
2020-04-10,7.89,8.01,7.87,7.91,1495400,TCB
2020-04-13,7.91,8.32,7.91,8.12,2564400,TCB
2020-04-14,8.2,8.2,7.99,8.11,1446850,TCB
2020-04-15,8.17,8.29,8.12,8.29,2536130,TCB
2020-04-16,8.27,8.29,8.12,8.29,1858330,TCB
2020-04-17,8.41,8.44,8.27,8.39,2252420,TCB
2020-04-20,8.46,8.49,8.27,8.37,1847520,TCB
2020-04-21,8.17,8.22,7.89,7.96,3045020,TCB
2020-04-22,7.68,8.12,7.68,7.99,1742290,TCB
2020-04-23,8.12,8.17,8.01,8.01,1401680,TCB
2020-04-24,8.08,8.11,7.99,8.08,851770,TCB
2020-04-27,8.08,8.15,8.04,8.06,962880,TCB
2020-04-28,8.11,8.11,7.96,8.08,921180,TCB
2020-04-29,8.12,8.29,8.04,8.12,2860010,TCB
2020-05-04,8.12,8.37,8.11,8.22,2018840,TCB
2020-05-05,8.27,8.32,8.2,8.22,546010,TCB
2020-05-06,8.29,8.29,8.15,8.29,1175100,TCB
2020-05-07,8.29,8.37,8.24,8.37,2409540,TCB
2020-05-08,8.37,8.93,8.37,8.93,7260470,TCB
2020-05-11,9.55,9.55,9.15,9.55,4765680,TCB
2020-05-12,9.5,9.8,9.26,9.73,3555810,TCB
2020-05-13,9.6,9.78,9.35,9.73,4746350,TCB
2020-05-14,9.63,9.73,9.5,9.68,3351270,TCB
2020-05-15,9.73,9.73,9.45,9.57,2995800,TCB
2020-05-18,9.47,9.8,9.4,9.76,3017660,TCB
2020-05-19,10.09,10.11,9.9,10.06,4135900,TCB
2020-05-20,9.93,10.01,9.9,9.95,1911850,TCB
2020-05-21,9.95,10.39,9.85,10.39,3539410,TCB
2020-05-22,10.21,10.21,9.95,9.95,3322040,TCB
2020-05-25,9.97,10.06,9.9,9.95,1962970,TCB
2020-05-26,9.97,10.06,9.93,10.0,2220450,TCB
2020-05-27,10.01,10.11,9.88,9.88,2673490,TCB
2020-05-28,9.88,10.01,9.83,9.88,1584390,TCB
2020-05-29,9.85,9.9,9.78,9.78,1101170,TCB
2020-06-01,9.83,10.06,9.83,10.06,2341100,TCB
2020-06-02,10.16,10.16,9.97,10.0,2469400,TCB
2020-06-03,10.0,10.13,10.0,10.09,2064360,TCB
2020-06-04,10.11,10.13,10.01,10.01,2216760,TCB
2020-06-05,10.04,10.13,9.97,10.13,2251740,TCB
2020-06-08,10.18,10.35,10.18,10.26,3484860,TCB
2020-06-09,10.26,10.3,10.16,10.18,1702620,TCB
2020-06-10,10.09,10.38,10.04,10.33,2295880,TCB
2020-06-11,10.35,10.35,9.88,9.88,3478310,TCB
2020-06-12,9.73,10.04,9.68,10.0,3715000,TCB
2020-06-15,9.97,9.97,9.47,9.5,2302220,TCB
2020-06-16,9.68,9.73,9.6,9.73,1487150,TCB
2020-06-17,9.73,9.73,9.57,9.6,1416900,TCB
2020-06-18,9.6,9.66,9.55,9.55,625890,TCB
2020-06-19,9.55,9.68,9.55,9.68,632650,TCB
2020-06-22,9.9,9.9,9.68,9.8,1166650,TCB
2020-06-23,9.8,9.83,9.73,9.76,1173850,TCB
2020-06-24,9.78,9.8,9.63,9.68,860730,TCB
2020-06-25,9.55,9.63,9.5,9.55,1162400,TCB
2020-06-26,9.68,9.68,9.52,9.62,668030,TCB
2020-06-29,9.45,9.5,9.26,9.28,1752070,TCB
2020-06-30,9.33,9.4,9.02,9.24,1290510,TCB
2020-07-01,9.22,9.4,9.19,9.35,751460,TCB
2020-07-02,9.43,9.43,9.22,9.33,820250,TCB
2020-07-03,9.33,9.35,9.24,9.35,593390,TCB
2020-07-06,9.35,9.57,9.35,9.57,1220550,TCB
2020-07-07,9.6,9.63,9.55,9.57,895150,TCB
2020-07-08,9.55,9.57,9.5,9.5,676840,TCB
2020-07-09,9.57,9.9,9.5,9.9,3146430,TCB
2020-07-10,9.85,9.9,9.66,9.66,1398740,TCB
2020-07-13,9.83,9.83,9.45,9.6,1725580,TCB
2020-07-14,9.55,9.6,9.45,9.5,1809120,TCB
2020-07-15,9.6,9.8,9.6,9.73,1697190,TCB
2020-07-16,9.73,9.93,9.63,9.93,1662150,TCB
2020-07-17,9.78,9.83,9.71,9.73,1180670,TCB
2020-07-20,9.68,9.76,9.66,9.68,1164560,TCB
2020-07-21,9.68,9.71,9.6,9.68,818210,TCB
2020-07-22,9.73,9.73,9.57,9.57,1224170,TCB
2020-07-23,9.55,9.6,9.5,9.6,861140,TCB
2020-07-24,9.6,9.6,8.98,9.22,2951240,TCB
2020-07-27,9.02,9.07,8.57,8.57,2677650,TCB
2020-07-28,8.6,8.88,8.5,8.86,2883870,TCB
2020-07-29,8.65,8.69,8.27,8.57,1841250,TCB
2020-07-30,8.6,8.98,8.27,8.79,974910,TCB
2020-07-31,8.6,8.82,8.57,8.57,2304460,TCB
2020-08-03,8.62,8.79,8.57,8.79,1247760,TCB
2020-08-04,8.93,9.02,8.86,8.9,1210770,TCB
2020-08-05,8.93,9.19,8.84,9.19,1917290,TCB
2020-08-06,9.17,9.22,9.02,9.07,1860660,TCB
2020-08-07,9.12,9.15,9.0,9.05,951190,TCB
2020-08-10,9.12,9.31,9.12,9.17,2743500,TCB
2020-08-11,9.24,9.24,9.12,9.19,1334060,TCB
2020-08-12,9.19,9.31,9.19,9.28,1634530,TCB
2020-08-13,9.33,9.38,9.26,9.35,1584180,TCB
2020-08-14,9.35,9.55,9.28,9.35,2588850,TCB
2020-08-17,9.33,9.52,9.33,9.5,2732690,TCB
2020-08-18,9.5,9.55,9.45,9.47,1410740,TCB
2020-08-19,9.5,9.57,9.45,9.55,1132620,TCB
2020-08-20,9.55,9.57,9.38,9.45,3659990,TCB
2020-08-21,9.5,9.63,9.5,9.62,2817550,TCB
2020-08-24,9.8,9.93,9.68,9.9,2749740,TCB
2020-08-25,9.93,10.11,9.93,10.06,3775640,TCB
2020-08-26,10.01,10.06,9.93,9.97,2116830,TCB
2020-08-27,9.97,10.01,9.93,10.0,1792750,TCB
2020-08-28,10.06,10.33,10.04,10.21,5154230,TCB
2020-08-31,10.21,10.3,10.04,10.06,1793790,TCB
2020-09-01,10.06,10.26,9.97,10.26,2171350,TCB
2020-09-03,10.28,10.44,10.26,10.39,3326470,TCB
2020-09-04,10.26,10.35,10.26,10.33,2276910,TCB
2020-09-07,10.33,10.38,10.01,10.01,2350940,TCB
2020-09-08,10.09,10.16,9.95,10.16,1935300,TCB
2020-09-09,9.97,10.16,9.9,10.01,2762390,TCB
2020-09-10,10.06,10.21,10.06,10.13,1524900,TCB
2020-09-11,10.04,10.13,9.97,10.06,1236940,TCB
2020-09-14,10.06,10.18,10.06,10.16,1578270,TCB
2020-09-15,10.16,10.18,10.09,10.09,1835310,TCB
2020-09-16,10.09,10.13,10.04,10.11,1258880,TCB
2020-09-17,10.11,10.21,10.04,10.06,3654030,TCB
2020-09-18,10.11,10.3,10.09,10.3,5334940,TCB
2020-09-21,10.39,10.54,10.39,10.54,5874890,TCB
2020-09-22,10.49,10.61,10.41,10.56,3669840,TCB
2020-09-23,10.56,10.63,10.51,10.54,2941250,TCB
2020-09-24,10.51,10.61,10.44,10.61,3988170,TCB
2020-09-25,10.61,10.63,10.51,10.58,3497970,TCB
2020-09-28,10.56,10.87,10.51,10.79,2811640,TCB
2020-09-29,10.82,10.87,10.66,10.66,2973020,TCB
2020-09-30,10.66,10.68,10.54,10.68,2357980,TCB
2020-10-01,10.71,10.82,10.68,10.77,3497290,TCB
2020-10-02,10.82,10.87,10.56,10.66,4381810,TCB
2020-10-05,10.66,10.75,10.51,10.66,5363760,TCB
2020-10-06,10.73,10.75,10.49,10.58,6850730,TCB
2020-10-07,10.54,10.56,10.3,10.3,12159210,TCB
2020-10-08,10.35,10.39,10.09,10.09,14366760,TCB
2020-10-09,10.16,10.38,10.06,10.09,13523760,TCB
2020-10-12,10.26,10.33,10.01,10.01,14203730,TCB
2020-10-13,10.04,10.23,10.01,10.11,14215200,TCB
2020-10-14,10.21,10.79,10.21,10.79,48630920,TCB
2020-10-15,11.08,11.24,10.77,10.79,25323170,TCB
2020-10-16,10.82,11.01,10.68,10.71,27075400,TCB
2020-10-19,10.84,11.04,10.79,10.87,28506770,TCB
2020-10-20,10.87,11.41,10.87,11.29,34662420,TCB
2020-10-21,11.44,11.52,11.19,11.22,20951070,TCB
2020-10-22,11.19,11.34,11.11,11.32,24408740,TCB
2020-10-23,11.39,11.44,11.27,11.34,28288440,TCB
2020-10-26,11.52,11.79,11.04,11.04,24707670,TCB
2020-10-27,11.24,11.32,11.01,11.01,30805330,TCB
2020-10-28,11.01,11.08,10.58,10.58,32092220,TCB
2020-10-29,10.44,10.73,10.3,10.3,36149460,TCB
2020-10-30,10.44,10.51,10.09,10.09,28887760,TCB
2020-11-02,10.21,10.33,10.11,10.11,22943680,TCB
2020-11-03,10.3,10.61,10.23,10.39,27962010,TCB
2020-11-04,10.56,10.68,10.46,10.46,21927670,TCB
2020-11-05,10.46,10.56,10.3,10.3,19766660,TCB
2020-11-06,10.35,10.39,10.16,10.21,15368880,TCB
2020-11-09,10.33,10.49,10.3,10.41,17624180,TCB
2020-11-10,10.63,10.66,10.41,10.44,21221910,TCB
2020-11-11,10.49,10.58,10.39,10.39,14433190,TCB
2020-11-12,10.44,10.54,10.39,10.54,10771120,TCB
2020-11-13,10.58,10.94,10.58,10.87,22376970,TCB
2020-11-16,11.06,11.06,10.77,10.82,25236270,TCB
2020-11-17,10.87,11.04,10.79,11.04,17457030,TCB
2020-11-18,11.01,11.15,10.91,11.04,22760740,TCB
2020-11-19,11.04,11.15,10.96,11.06,16935520,TCB
2020-11-20,11.11,11.11,11.01,11.06,13546080,TCB
2020-11-23,11.06,11.17,10.91,11.15,17857230,TCB
2020-11-24,11.19,11.34,11.06,11.17,22530770,TCB
2020-11-25,11.32,11.32,11.13,11.15,13655890,TCB
2020-11-26,11.17,11.19,11.06,11.15,13091570,TCB
2020-11-27,11.15,11.29,11.13,11.19,12261190,TCB
2020-11-30,11.32,11.52,11.19,11.39,24645230,TCB
2020-12-01,11.24,11.57,11.17,11.57,22797760,TCB
2020-12-02,11.62,11.95,11.62,11.86,27463650,TCB
2020-12-03,11.86,12.05,11.82,11.82,17490250,TCB
2020-12-04,11.74,11.82,11.69,11.72,16507860,TCB
2020-12-07,11.72,11.9,11.72,11.84,13044510,TCB
2020-12-08,11.9,11.9,11.77,11.82,14341140,TCB
2020-12-09,11.86,12.24,11.84,12.17,19001670,TCB
2020-12-10,12.28,12.28,11.95,11.95,18133060,TCB
2020-12-11,11.95,12.12,11.84,12.12,14116670,TCB
2020-12-14,12.24,12.43,12.14,12.38,15694300,TCB
2020-12-15,12.33,12.45,12.27,12.35,13700860,TCB
2020-12-16,12.5,13.21,12.47,13.21,29092450,TCB
2020-12-17,13.23,13.86,13.21,13.4,29802380,TCB
2020-12-18,13.46,13.82,13.46,13.79,15252570,TCB
2020-12-21,13.94,14.13,13.75,13.89,22777010,TCB
2020-12-22,13.78,13.94,13.73,13.79,17109090,TCB
2020-12-23,13.79,13.82,13.46,13.56,19453550,TCB
2020-12-24,13.66,13.66,12.71,13.21,26106600,TCB
2020-12-25,13.21,13.99,13.08,13.96,17113750,TCB
2020-12-28,14.13,14.32,13.94,14.03,14471300,TCB
2020-12-29,14.01,14.13,13.94,14.06,12909770,TCB
2020-12-30,14.08,14.44,14.03,14.13,16579440,TCB
2020-12-31,14.16,15.0,14.13,14.89,16486510,TCB
2021-01-04,15.12,15.78,15.07,15.59,18607800,TCB
2021-01-05,15.47,15.75,15.38,15.62,14280100,TCB
2021-01-06,15.68,16.11,15.57,15.68,20222300,TCB
2021-01-07,15.95,16.35,15.78,16.35,16387200,TCB
2021-01-08,16.53,17.13,16.49,16.86,16947900,TCB
2021-01-11,16.89,17.13,16.63,16.66,13980300,TCB
2021-01-12,16.53,16.78,16.3,16.58,16418200,TCB
2021-01-13,16.75,17.01,16.58,16.61,11399600,TCB
2021-01-14,16.7,16.91,16.46,16.89,11995200,TCB
2021-01-15,17.15,17.74,17.13,17.41,17357400,TCB
2021-01-18,17.57,17.57,16.96,17.11,13377400,TCB
2021-01-19,16.96,17.19,15.92,16.02,22796500,TCB
2021-01-20,16.16,16.42,15.12,16.3,25772300,TCB
2021-01-21,16.66,17.11,16.3,17.11,14253300,TCB
2021-01-22,17.22,17.44,16.91,17.15,12347400,TCB
2021-01-25,16.89,17.18,16.82,16.91,15639600,TCB
2021-01-26,16.78,16.91,15.83,16.53,18111400,TCB
2021-01-27,16.18,16.66,15.42,15.83,18775400,TCB
2021-01-28,14.89,15.59,14.74,14.74,27121100,TCB
2021-01-29,13.99,15.75,13.99,15.12,27420900,TCB
2021-02-01,15.12,15.83,14.91,15.22,15146700,TCB
2021-02-02,15.22,16.11,15.1,16.06,13498900,TCB
2021-02-03,16.3,16.78,16.06,16.53,18238700,TCB
2021-02-04,16.53,16.82,16.35,16.53,14141400,TCB
2021-02-05,16.68,17.15,16.58,17.15,14358200,TCB
2021-02-08,17.15,17.24,16.06,16.53,21272800,TCB
2021-02-09,16.63,17.19,16.4,17.01,16738000,TCB
2021-02-17,17.44,18.14,17.24,18.14,21134000,TCB
2021-02-18,18.19,18.52,17.95,18.38,15791300,TCB
2021-02-19,18.05,18.47,18.05,18.29,12801300,TCB
2021-02-22,18.26,18.35,17.95,18.24,14466800,TCB
2021-02-23,18.33,19.06,18.33,18.8,26384200,TCB
2021-02-24,19.0,19.0,18.38,18.47,14395400,TCB
2021-02-25,18.67,18.67,18.19,18.47,16440500,TCB
2021-02-26,18.09,18.59,18.09,18.55,15265000,TCB
2021-03-01,18.75,19.02,18.57,19.0,12622200,TCB
2021-03-02,19.23,19.25,18.9,19.04,8576800,TCB
2021-03-03,19.06,19.13,18.9,19.06,8441900,TCB
2021-03-04,19.08,19.13,18.24,18.45,16228300,TCB
2021-03-05,18.38,18.59,18.09,18.52,11169600,TCB
2021-03-08,18.67,18.75,18.19,18.35,10807100,TCB
2021-03-09,18.24,18.57,18.05,18.4,10594100,TCB
2021-03-10,18.42,18.62,18.19,18.57,9050000,TCB
2021-03-11,18.75,19.13,18.64,18.97,15369300,TCB
2021-03-12,19.08,19.13,18.78,18.92,8046800,TCB
2021-03-15,19.0,19.13,18.85,18.95,8638500,TCB
2021-03-16,18.95,19.0,18.57,18.83,11577300,TCB
2021-03-17,18.9,19.08,18.75,19.04,9542800,TCB
2021-03-18,19.46,19.82,19.23,19.82,16410100,TCB
2021-03-19,19.61,19.91,19.61,19.84,7413700,TCB
2021-03-22,19.84,19.84,19.44,19.51,10554500,TCB
2021-03-23,19.42,19.56,19.08,19.11,12997700,TCB
2021-03-24,18.8,19.11,18.57,18.57,13792100,TCB
2021-03-25,18.62,18.8,18.52,18.59,10420800,TCB
2021-03-26,18.5,18.73,18.14,18.62,10188400,TCB
2021-03-29,18.75,18.78,18.5,18.69,8380600,TCB
2021-03-30,18.75,19.08,18.64,18.92,10768300,TCB
2021-03-31,19.0,19.35,18.92,19.08,10304100,TCB
2021-04-01,19.13,19.37,19.02,19.37,11065800,TCB
2021-04-02,19.65,19.75,19.46,19.49,8261300,TCB
2021-04-05,19.7,19.75,19.44,19.61,11025600,TCB
2021-04-06,19.58,20.08,19.42,19.94,14957000,TCB
2021-04-07,19.84,20.11,19.75,19.94,7728400,TCB
2021-04-08,20.03,20.06,19.7,19.82,7518800,TCB
2021-04-09,19.7,19.84,19.61,19.65,8022500,TCB
2021-04-12,19.84,19.98,19.65,19.91,14990200,TCB
2021-04-13,20.08,20.08,19.61,19.65,15104100,TCB
2021-04-14,19.42,19.82,19.33,19.75,9753300,TCB
2021-04-15,19.82,19.82,19.33,19.33,14745100,TCB
2021-04-16,19.28,19.46,18.7,19.11,15488700,TCB
2021-04-19,19.28,19.7,18.9,19.65,11234400,TCB
2021-04-20,19.63,19.8,19.28,19.44,11225000,TCB
2021-04-22,19.23,19.42,18.75,18.75,8352800,TCB
2021-04-23,18.78,19.16,18.47,19.13,10600700,TCB
2021-04-26,19.13,19.28,18.64,18.64,12155400,TCB
2021-04-27,18.64,18.95,18.59,18.67,7370000,TCB
2021-04-28,18.67,19.08,18.67,18.87,6065200,TCB
2021-04-29,18.92,19.73,18.87,19.37,17966700,TCB
2021-05-04,19.04,20.51,18.95,20.51,31749800,TCB
2021-05-05,20.97,21.92,20.95,21.71,28214800,TCB
2021-05-06,21.31,22.42,21.29,22.25,26766000,TCB
2021-05-07,22.11,22.58,21.92,22.23,22027500,TCB
2021-05-10,22.07,22.86,22.07,22.73,19611400,TCB
2021-05-11,22.73,22.8,22.2,22.2,16021800,TCB
2021-05-12,22.07,23.26,22.07,23.26,23553400,TCB
2021-05-13,23.13,23.56,22.68,22.68,18045200,TCB
2021-05-14,23.1,23.13,22.75,22.98,13905300,TCB
2021-05-17,23.03,23.2,22.48,22.61,17123600,TCB
2021-05-18,22.53,23.1,22.46,22.84,16910000,TCB
2021-05-19,22.86,23.71,22.86,23.67,17467900,TCB
2021-05-20,23.96,24.0,23.58,23.71,13171300,TCB
2021-05-21,23.62,24.42,23.56,24.0,18850300,TCB
2021-05-24,23.96,24.19,23.81,24.04,14666700,TCB
2021-05-25,24.19,24.62,24.19,24.37,10560300,TCB
2021-05-26,24.37,25.04,24.19,24.95,16505900,TCB
2021-05-27,25.13,25.28,24.0,24.29,15941600,TCB
2021-05-28,24.42,25.18,24.19,25.04,20002700,TCB
2021-05-31,25.13,25.37,24.66,25.37,17054600,TCB
2021-06-01,25.56,25.65,25.04,25.09,12358200,TCB
2021-06-02,24.99,25.18,24.47,24.95,24560900,TCB
2021-06-03,25.18,26.03,24.95,25.89,23735700,TCB
2021-06-04,25.89,26.08,25.51,25.8,13371600,TCB
2021-06-07,25.04,25.7,24.09,24.75,20392100,TCB
2021-06-08,24.71,24.99,23.15,23.39,25295000,TCB
2021-06-09,23.48,24.14,23.15,24.0,22397000,TCB
2021-06-10,24.0,24.19,23.62,23.67,10935100,TCB
2021-06-11,23.86,25.13,23.67,24.85,29600800,TCB
2021-06-14,24.9,25.18,24.57,24.9,16827800,TCB
2021-06-15,24.85,25.13,24.57,24.71,19611800,TCB
2021-06-16,24.34,24.66,23.86,23.96,20575900,TCB
2021-06-17,23.39,24.0,23.39,23.71,18677800,TCB
2021-06-18,24.09,24.29,23.91,24.09,9956600,TCB
2021-06-21,23.86,24.09,23.62,23.81,14920700,TCB
2021-06-22,24.0,24.24,23.76,24.04,17224200,TCB
2021-06-23,24.04,24.62,23.91,24.14,13102300,TCB
2021-06-24,24.24,24.42,23.91,24.04,10692100,TCB
2021-06-25,24.09,24.37,23.81,24.37,10947700,TCB
2021-06-28,24.8,25.51,24.66,25.32,25721100,TCB
2021-06-29,25.32,25.42,24.95,25.28,16059200,TCB
2021-06-30,25.23,25.42,24.85,24.9,11461700,TCB
2021-07-01,24.99,25.28,24.62,25.18,19326700,TCB
2021-07-02,25.6,25.93,25.32,25.65,29377200,TCB
2021-07-05,25.89,27.45,25.42,27.4,47547200,TCB
2021-07-06,27.31,27.69,25.51,25.51,17904900,TCB
2021-07-07,25.98,26.74,25.32,26.74,37766000,TCB
2021-07-08,26.36,27.12,26.26,26.74,27362400,TCB
2021-07-09,26.51,27.64,26.26,26.74,38234300,TCB
2021-07-12,26.22,26.69,24.9,25.28,58235500,TCB
2021-07-13,25.56,25.65,24.95,25.47,20072400,TCB
2021-07-14,25.37,25.42,23.91,24.09,33443400,TCB
2021-07-15,24.09,25.13,24.0,24.62,20322400,TCB
2021-07-16,24.85,24.99,24.37,24.37,13986100,TCB
2021-07-19,23.62,24.04,22.68,22.68,39321800,TCB
2021-07-20,22.82,23.43,22.2,23.39,23860700,TCB
2021-07-21,23.91,24.29,23.43,23.76,18598700,TCB
2021-07-22,23.67,24.34,23.53,24.14,13886800,TCB
2021-07-23,23.91,24.14,23.39,23.39,19991600,TCB
2021-07-26,23.15,23.46,23.01,23.15,14424400,TCB
2021-07-27,23.62,23.76,23.41,23.51,13266100,TCB
2021-07-28,23.51,23.76,23.39,23.48,7468600,TCB
2021-07-29,23.67,24.0,23.62,23.91,12542100,TCB
2021-07-30,23.96,24.37,23.86,24.14,16932500,TCB
2021-08-02,24.09,24.29,23.91,24.0,13975600,TCB
2021-08-03,24.0,24.57,24.0,24.47,22927700,TCB
2021-08-04,24.8,24.85,24.47,24.57,19177300,TCB
2021-08-05,24.52,24.9,24.42,24.8,12021200,TCB
2021-08-06,24.8,25.13,24.47,24.47,16084300,TCB
2021-08-09,24.34,24.9,24.24,24.8,15208100,TCB
2021-08-10,25.04,25.04,24.52,24.71,12265300,TCB
2021-08-11,24.71,25.28,24.52,24.71,20471000,TCB
2021-08-12,24.75,25.04,24.57,24.57,11779000,TCB
2021-08-13,24.57,24.66,24.14,24.66,15402000,TCB
2021-08-16,24.71,25.7,24.62,25.51,30299500,TCB
2021-08-17,25.65,25.85,24.95,25.18,16002700,TCB
2021-08-18,25.04,25.28,24.8,24.95,12905800,TCB
2021-08-19,24.8,25.18,24.62,25.04,18765300,TCB
2021-08-20,24.95,25.04,23.53,23.86,31461200,TCB
2021-08-23,23.76,24.0,23.03,23.03,26003500,TCB
2021-08-24,23.03,23.24,22.86,23.15,16213400,TCB
2021-08-25,23.1,23.24,22.91,23.22,9431100,TCB
2021-08-26,23.29,23.31,22.78,22.82,10111900,TCB
2021-08-27,22.58,22.75,22.2,22.7,19689500,TCB
2021-08-30,22.96,23.34,22.73,23.24,12298900,TCB
2021-08-31,23.39,23.39,22.2,22.91,7773900,TCB
2021-09-01,22.78,23.13,22.78,22.82,8530000,TCB
2021-09-06,22.98,23.13,22.63,23.13,12878500,TCB
2021-09-07,23.18,23.81,23.18,23.46,11611100,TCB
2021-09-08,23.43,23.46,22.96,23.06,7150900,TCB
2021-09-09,22.91,23.39,22.91,23.29,7854400,TCB
2021-09-10,23.53,23.53,23.15,23.29,7222000,TCB
2021-09-13,23.22,23.36,23.1,23.13,6802200,TCB
2021-09-14,23.13,23.2,22.91,22.91,6142500,TCB
2021-09-15,22.78,23.06,22.73,22.86,5037600,TCB
2021-09-16,23.1,23.22,22.96,23.2,5523500,TCB
2021-09-17,23.24,23.58,23.24,23.51,8274500,TCB
2021-09-20,23.86,24.37,23.67,23.96,13074700,TCB
2021-09-21,23.67,24.04,23.51,23.81,10058100,TCB
2021-09-22,24.04,24.04,23.58,23.86,4960100,TCB
2021-09-23,23.91,24.24,23.62,23.71,8627900,TCB
2021-09-24,23.96,24.34,23.76,23.91,7364700,TCB
2021-09-27,23.96,24.14,23.39,23.39,6850300,TCB
2021-09-28,23.29,23.56,23.06,23.53,5568700,TCB
2021-09-29,23.24,23.51,23.1,23.34,5676700,TCB
2021-09-30,23.48,23.81,23.43,23.43,5275100,TCB
2021-10-01,23.43,23.53,23.1,23.15,6502800,TCB
2021-10-04,23.06,23.13,22.82,22.84,9510600,TCB
2021-10-05,22.96,23.24,22.96,23.2,5889900,TCB
2021-10-06,23.36,23.86,23.24,23.76,8579800,TCB
2021-10-07,23.91,24.0,23.62,23.62,5414900,TCB
2021-10-08,23.67,24.04,23.62,23.96,7634900,TCB
2021-10-11,24.09,25.04,24.09,25.04,23096400,TCB
2021-10-12,25.23,25.23,24.85,25.04,14216500,TCB
2021-10-13,25.04,25.13,24.71,24.75,14188100,TCB
2021-10-14,24.8,25.04,24.66,24.8,19788700,TCB
2021-10-15,24.99,24.99,24.71,24.85,11950400,TCB
2021-10-18,25.13,25.32,24.9,24.99,15018000,TCB
2021-10-19,24.99,25.04,24.57,24.9,14167300,TCB
2021-10-20,24.95,25.47,24.8,25.13,22695300,TCB
2021-10-21,25.51,25.51,24.99,24.99,15317400,TCB
2021-10-22,24.99,25.04,24.66,24.71,11640600,TCB
2021-10-25,24.62,24.62,24.0,24.04,28527000,TCB
2021-10-26,23.81,24.09,23.59,24.09,20157800,TCB
2021-10-27,24.19,24.47,24.04,24.34,16750000,TCB
2021-10-28,24.57,24.62,24.34,24.47,13859100,TCB
2021-10-29,24.52,24.57,24.24,24.37,12744400,TCB
2021-11-01,24.42,24.8,24.34,24.37,25398000,TCB
2021-11-02,24.47,24.47,24.34,24.37,15468300,TCB
2021-11-03,24.71,25.6,24.57,25.37,39738000,TCB
2021-11-04,25.37,25.6,24.95,25.18,18683600,TCB
2021-11-05,25.28,25.28,24.9,25.04,13453700,TCB
2021-11-08,24.95,25.18,24.71,24.85,21189500,TCB
2021-11-09,25.04,25.18,24.71,24.71,21533900,TCB
2021-11-10,24.85,24.9,24.37,24.42,19484600,TCB
2021-11-11,24.42,24.75,23.96,24.34,21838500,TCB
2021-11-12,24.29,24.9,24.14,24.8,12719800,TCB
2021-11-15,24.95,25.04,24.52,24.57,11079700,TCB
2021-11-16,24.57,24.99,24.37,24.57,12519700,TCB
2021-11-17,24.57,24.75,24.42,24.66,12113200,TCB
2021-11-18,24.57,24.66,24.29,24.34,12831900,TCB
2021-11-19,24.47,25.23,24.19,24.71,29907300,TCB
2021-11-22,24.71,25.89,24.71,25.09,23613400,TCB
2021-11-23,25.23,25.28,24.75,24.85,10596400,TCB
2021-11-24,24.85,26.31,24.71,26.22,52375300,TCB
2021-11-25,26.46,26.46,25.85,25.93,17981000,TCB
2021-11-26,26.03,26.22,25.47,25.51,21915600,TCB
2021-11-29,25.04,25.23,24.62,24.71,28236300,TCB
2021-11-30,25.09,25.09,24.34,24.47,24494700,TCB
2021-12-01,24.37,24.75,24.34,24.75,11339500,TCB
2021-12-02,24.75,24.85,24.42,24.42,8970600,TCB
2021-12-03,24.57,24.66,23.71,23.71,15571600,TCB
2021-12-06,23.76,24.09,22.98,23.15,22907100,TCB
2021-12-07,23.43,23.76,23.31,23.62,8982100,TCB
2021-12-08,23.71,24.0,23.58,23.62,7649900,TCB
2021-12-09,23.62,23.81,23.56,23.81,5203500,TCB
2021-12-10,23.86,24.04,23.67,23.71,7507300,TCB
2021-12-13,23.76,23.81,23.59,23.62,7440400,TCB
2021-12-14,23.62,24.0,23.56,23.67,7138200,TCB
2021-12-15,23.76,24.0,23.59,23.71,6818200,TCB
2021-12-16,23.86,23.86,23.56,23.56,6325600,TCB
2021-12-17,23.62,23.67,23.53,23.56,7903900,TCB
2021-12-20,23.56,23.62,23.31,23.39,7689900,TCB
2021-12-21,23.39,23.48,23.24,23.26,7255100,TCB
2021-12-22,23.29,23.39,22.82,23.1,12625100,TCB
2021-12-23,23.08,23.08,22.35,22.37,13503100,TCB
2021-12-24,22.42,23.22,22.42,23.1,6139300,TCB
2021-12-27,23.34,23.34,22.91,23.08,4727500,TCB
2021-12-28,23.26,23.31,23.01,23.22,7473500,TCB
2021-12-29,23.22,23.46,23.15,23.2,6141700,TCB
2021-12-30,23.24,23.51,23.15,23.29,5321600,TCB
2021-12-31,23.39,23.86,23.36,23.62,9547100,TCB
2022-01-04,23.86,24.19,23.76,24.04,11334600,TCB
2022-01-05,24.04,24.19,23.76,23.86,9569600,TCB
2022-01-06,23.71,23.81,23.43,23.58,10716400,TCB
2022-01-07,23.58,23.67,23.34,23.36,7832200,TCB
2022-01-10,23.39,23.43,23.13,23.13,7180200,TCB
2022-01-11,23.1,23.2,22.86,22.89,7296500,TCB
2022-01-12,22.89,23.81,22.86,23.81,12044200,TCB
2022-01-13,24.04,24.47,23.71,23.86,14417100,TCB
2022-01-14,23.62,23.81,23.39,23.51,5187100,TCB
2022-01-17,23.48,23.86,22.96,22.96,10990600,TCB
2022-01-18,22.96,23.36,22.91,23.03,7885200,TCB
2022-01-19,23.15,23.34,23.06,23.08,4221900,TCB
2022-01-20,22.98,23.34,22.96,23.08,6430300,TCB
2022-01-21,23.15,24.0,23.1,23.53,10321600,TCB
2022-01-24,23.59,24.29,23.53,23.76,16269200,TCB
2022-01-25,24.19,24.62,24.09,24.52,14466300,TCB
2022-01-26,24.75,25.18,24.57,24.75,15042300,TCB
2022-01-27,24.57,24.9,24.34,24.52,8044000,TCB
2022-01-28,24.52,25.04,24.37,24.95,10292900,TCB
2022-02-07,25.37,25.42,24.95,24.95,9809900,TCB
2022-02-08,24.95,25.65,24.95,25.42,16481000,TCB
2022-02-09,25.51,25.93,25.32,25.32,17391000,TCB
2022-02-10,25.32,25.6,25.09,25.32,11224900,TCB
2022-02-11,25.28,25.42,25.04,25.37,7847800,TCB
2022-02-14,25.13,25.13,24.34,24.34,18771500,TCB
2022-02-15,24.37,24.62,24.24,24.47,8584300,TCB
2022-02-16,24.66,24.66,24.34,24.37,6174400,TCB
2022-02-17,24.37,24.8,24.37,24.66,7301000,TCB
2022-02-18,24.42,24.57,24.34,24.37,6543700,TCB
2022-02-21,24.37,24.42,24.0,24.34,8654200,TCB
2022-02-22,24.09,24.42,23.91,24.29,10561000,TCB
2022-02-23,24.42,24.66,24.29,24.42,6188300,TCB
2022-02-24,24.34,24.52,23.53,23.86,15532800,TCB
2022-02-25,24.09,24.24,23.86,23.96,6665900,TCB
2022-02-28,23.86,24.04,23.71,23.81,7106100,TCB
2022-03-01,23.96,23.96,23.67,23.76,6945900,TCB
2022-03-02,23.67,23.67,23.24,23.24,17893100,TCB
2022-03-03,23.39,23.58,23.22,23.46,7391900,TCB
2022-03-04,23.51,23.81,23.39,23.59,7022700,TCB
2022-03-07,23.39,23.43,23.2,23.26,8078600,TCB
2022-03-08,23.15,23.39,23.06,23.15,8766400,TCB
2022-03-09,23.15,23.31,23.1,23.2,6957800,TCB
2022-03-10,23.53,23.53,23.26,23.26,4387100,TCB
2022-03-11,23.24,23.24,23.01,23.1,6422600,TCB
2022-03-14,23.06,23.1,22.82,22.91,5161200,TCB
2022-03-15,22.96,23.15,22.91,22.96,3829700,TCB
2022-03-16,23.06,23.36,23.06,23.18,4542000,TCB
2022-03-17,23.36,23.39,23.15,23.15,3249200,TCB
2022-03-18,23.22,23.34,23.2,23.24,2909700,TCB
2022-03-21,23.26,23.41,23.2,23.36,3921900,TCB
2022-03-22,23.41,23.76,23.39,23.58,5953800,TCB
2022-03-23,23.58,23.71,23.43,23.43,3409900,TCB
2022-03-24,23.43,23.53,23.29,23.29,3214000,TCB
2022-03-25,23.34,23.36,23.22,23.26,3175400,TCB
2022-03-28,23.22,23.22,22.84,23.06,6597500,TCB
2022-03-29,23.1,23.22,22.98,23.1,4151200,TCB
2022-03-30,23.1,23.58,23.1,23.22,5598900,TCB
2022-03-31,23.39,23.48,23.29,23.41,5248700,TCB
2022-04-01,23.41,23.81,23.34,23.76,9575500,TCB
2022-04-04,23.81,23.91,23.46,23.46,9775600,TCB
2022-04-05,23.34,23.39,23.18,23.18,5803000,TCB
2022-04-06,23.1,23.58,23.01,23.58,9012200,TCB
2022-04-07,23.58,23.76,23.29,23.29,5971000,TCB
2022-04-08,23.34,23.34,23.06,23.08,7030100,TCB
2022-04-12,23.01,23.1,22.63,22.68,8278800,TCB
2022-04-13,22.86,22.89,22.63,22.68,6722300,TCB
2022-04-14,22.7,22.84,22.28,22.35,8324100,TCB
2022-04-15,22.35,22.35,21.54,21.54,18618800,TCB
2022-04-18,21.73,21.85,21.17,21.19,11505300,TCB
2022-04-19,21.26,21.47,20.56,20.64,7232900,TCB
2022-04-20,20.64,20.89,20.34,20.34,7909800,TCB
2022-04-21,20.31,20.79,20.27,20.59,10019500,TCB
2022-04-22,20.79,21.14,20.57,20.84,6681100,TCB
2022-04-25,20.89,20.93,19.4,19.4,12317000,TCB
2022-04-26,19.18,19.84,18.35,19.61,11120700,TCB
2022-04-27,19.46,19.94,19.33,19.65,6154800,TCB
2022-04-28,19.68,20.22,19.68,19.98,4729300,TCB
2022-04-29,19.98,20.79,19.94,20.79,9795500,TCB
2022-05-04,20.56,20.62,19.84,19.84,6384600,TCB
2022-05-05,20.24,20.24,19.56,20.13,4804200,TCB
2022-05-06,19.7,19.98,19.61,19.61,4889500,TCB
2022-05-09,19.46,19.56,18.24,18.24,12361700,TCB
2022-05-10,17.69,18.35,17.69,18.29,10236300,TCB
2022-05-11,18.42,18.64,18.17,18.42,4071500,TCB
2022-05-12,18.42,18.42,17.15,17.15,7306300,TCB
2022-05-13,17.15,17.39,15.97,15.97,15203300,TCB
2022-05-16,16.58,16.91,15.4,15.4,11689600,TCB
2022-05-17,15.4,16.46,15.38,16.46,9447600,TCB
2022-05-18,16.86,17.44,16.7,17.03,8689300,TCB
2022-05-19,16.73,17.19,16.63,16.91,5692200,TCB
2022-05-20,16.91,17.22,16.7,16.86,5443200,TCB
2022-05-23,16.91,17.11,16.46,16.46,5290600,TCB
2022-05-24,16.44,16.66,16.25,16.66,4270100,TCB
2022-05-25,16.94,17.31,16.78,17.24,6709700,TCB
2022-05-26,17.34,17.6,17.27,17.34,4687800,TCB
2022-05-27,17.44,17.69,17.41,17.69,5777300,TCB
2022-05-30,17.95,17.95,17.69,17.84,4224300,TCB
2022-05-31,17.69,17.77,17.55,17.55,5119800,TCB
2022-06-01,17.48,17.81,17.31,17.41,3829000,TCB
2022-06-02,17.44,17.48,17.01,17.19,3533700,TCB
2022-06-03,17.18,17.41,17.03,17.22,3040200,TCB
2022-06-06,17.22,17.39,17.01,17.03,3845100,TCB
2022-06-07,17.01,17.11,16.53,17.11,4640800,TCB
2022-06-08,17.15,17.69,17.08,17.6,6456800,TCB
2022-06-09,17.6,17.74,17.51,17.67,5776000,TCB
2022-06-10,17.48,18.38,17.46,17.93,8194200,TCB
2022-06-13,17.48,17.6,16.98,17.01,6673500,TCB
2022-06-14,16.68,17.15,16.63,16.89,3740800,TCB
2022-06-15,16.86,17.08,16.56,16.86,5449100,TCB
2022-06-16,16.96,17.24,16.82,17.03,5916100,TCB
2022-06-17,16.56,16.73,16.0,16.3,4994900,TCB
2022-06-20,16.3,16.63,15.59,15.59,4004000,TCB
2022-06-21,15.64,15.97,15.5,15.59,4900200,TCB
2022-06-22,15.95,16.68,15.8,16.44,6208200,TCB
2022-06-23,16.44,17.19,16.33,16.98,4708100,TCB
2022-06-24,16.98,17.06,16.78,16.78,2969100,TCB
2022-06-27,16.8,16.98,16.78,16.8,4282300,TCB
2022-06-28,16.78,17.46,16.7,17.34,5342500,TCB
2022-06-29,17.11,17.55,17.11,17.36,3048300,TCB
2022-06-30,17.27,17.53,16.8,16.8,3566500,TCB
2022-07-01,16.82,17.13,16.46,17.01,3473300,TCB
2022-07-04,17.13,17.34,17.03,17.18,3148000,TCB
2022-07-05,17.29,18.07,17.18,17.84,10888900,TCB
2022-07-06,17.72,18.14,17.57,17.77,6055300,TCB
2022-07-07,17.69,17.95,17.48,17.86,3567400,TCB
2022-07-08,17.93,17.95,17.64,17.74,4058400,TCB
2022-07-11,17.51,17.62,16.78,16.82,8452700,TCB
2022-07-12,16.91,17.06,16.84,17.06,3916500,TCB
2022-07-13,17.08,17.39,17.01,17.06,3156800,TCB
2022-07-14,16.96,17.15,16.94,16.98,2902000,TCB
2022-07-15,17.06,17.27,17.06,17.06,4094300,TCB
2022-07-18,17.15,17.41,17.06,17.15,2990600,TCB
2022-07-19,17.13,17.15,16.89,17.06,2566900,TCB
2022-07-20,17.24,17.29,17.11,17.15,4923800,TCB
2022-07-21,17.29,17.44,17.15,17.41,5488700,TCB
2022-07-22,17.62,17.91,17.51,17.53,4424700,TCB
2022-07-25,17.41,17.53,17.36,17.39,2340300,TCB
2022-07-26,17.39,17.51,17.27,17.29,2794900,TCB
2022-07-27,17.19,17.29,17.19,17.29,1654100,TCB
2022-07-28,17.44,17.72,17.39,17.62,5604300,TCB
2022-07-29,17.72,17.91,17.55,17.91,5486300,TCB
2022-08-01,17.89,18.33,17.77,18.24,6875400,TCB
2022-08-02,18.14,18.24,17.97,18.07,3746700,TCB
2022-08-03,18.09,18.14,17.89,18.02,4944700,TCB
2022-08-04,18.07,18.35,18.05,18.14,4630800,TCB
2022-08-05,18.14,18.33,18.09,18.14,3914900,TCB
2022-08-08,18.19,18.73,18.19,18.52,7998700,TCB
2022-08-09,18.62,18.73,18.42,18.5,4306400,TCB
2022-08-10,18.35,18.45,18.29,18.33,3001500,TCB
2022-08-11,18.47,18.57,18.12,18.19,4920200,TCB
2022-08-12,18.19,18.33,18.07,18.33,2817400,TCB
2022-08-15,18.42,18.59,18.35,18.47,4366600,TCB
2022-08-16,18.45,18.52,18.4,18.42,3042300,TCB
2022-08-17,18.45,18.59,18.42,18.57,4459300,TCB
2022-08-18,18.47,18.67,18.4,18.47,5337200,TCB
2022-08-19,18.45,18.52,18.4,18.42,2566900,TCB
2022-08-22,18.35,18.47,18.22,18.29,3086100,TCB
2022-08-23,18.26,18.33,18.12,18.33,3339900,TCB
2022-08-24,18.33,18.78,18.33,18.55,3993200,TCB
2022-08-25,18.57,18.75,18.57,18.69,3706900,TCB
2022-08-26,18.7,18.87,18.67,18.67,4353000,TCB
2022-08-29,18.33,18.47,18.19,18.31,4474600,TCB
2022-08-30,18.33,18.5,18.31,18.31,3807500,TCB
2022-08-31,18.31,18.5,18.26,18.4,2265500,TCB
2022-09-05,18.35,18.38,18.22,18.24,2788600,TCB
2022-09-06,18.22,18.42,18.22,18.26,2340700,TCB
2022-09-07,18.26,18.29,17.74,17.74,4269000,TCB
2022-09-08,17.84,17.91,17.64,17.67,2473200,TCB
2022-09-09,17.81,17.81,17.48,17.79,2951100,TCB
2022-09-12,17.79,17.86,17.69,17.72,1017200,TCB
2022-09-13,17.67,17.77,17.62,17.62,1687000,TCB
2022-09-14,17.24,17.48,17.24,17.39,2794500,TCB
2022-09-15,17.48,17.51,17.29,17.29,1611900,TCB
2022-09-16,17.19,17.31,17.01,17.01,2188200,TCB
2022-09-19,17.01,17.01,16.46,16.56,3777300,TCB
2022-09-20,16.8,16.8,16.49,16.56,1989200,TCB
2022-09-21,16.53,16.58,16.3,16.3,2073000,TCB
2022-09-22,16.2,16.37,16.11,16.33,2922800,TCB
2022-09-23,16.28,16.35,16.08,16.16,2265200,TCB
2022-09-26,16.0,16.0,15.57,15.71,5217000,TCB
2022-09-27,15.85,16.02,15.68,15.83,2336300,TCB
2022-09-28,15.75,15.92,15.68,15.71,2069900,TCB
2022-09-29,15.92,15.92,15.59,15.59,2640300,TCB
2022-09-30,15.59,15.68,15.22,15.35,5240200,TCB
2022-10-03,15.35,15.4,14.29,14.29,6076000,TCB
2022-10-04,14.55,14.64,14.17,14.32,5966900,TCB
2022-10-05,14.64,14.67,14.41,14.41,3986800,TCB
2022-10-06,14.41,14.55,13.84,13.84,5573700,TCB
2022-10-07,13.66,13.66,12.88,12.88,14349900,TCB
2022-10-10,12.19,12.73,11.97,12.19,18275400,TCB
2022-10-11,12.19,12.19,11.34,11.34,21188700,TCB
2022-10-12,11.34,12.0,11.13,11.72,9605400,TCB
2022-10-13,11.72,11.95,11.39,11.95,9386700,TCB
2022-10-14,12.52,12.52,12.05,12.14,6333400,TCB
2022-10-17,12.05,12.05,11.51,11.86,7740800,TCB
2022-10-18,12.1,12.24,11.89,11.95,5030200,TCB
2022-10-19,11.95,12.05,11.62,11.9,4571000,TCB
2022-10-20,11.86,11.86,11.6,11.62,5210100,TCB
2022-10-21,11.74,11.74,10.82,10.82,9633400,TCB
2022-10-24,10.89,11.04,10.06,10.06,11800600,TCB
2022-10-25,10.06,10.61,9.45,10.06,9593300,TCB
2022-10-26,10.26,10.3,9.95,10.11,3153400,TCB
2022-10-27,10.16,10.79,10.16,10.79,5222800,TCB
2022-10-28,11.15,11.52,11.11,11.52,12484200,TCB
2022-10-31,11.62,11.72,11.11,11.62,7284700,TCB
2022-11-01,11.82,12.28,11.82,12.12,8603400,TCB
2022-11-02,12.14,12.19,11.84,11.9,5442300,TCB
2022-11-03,11.65,12.22,11.65,12.22,6663000,TCB
2022-11-04,11.82,12.05,11.36,12.05,12626400,TCB
2022-11-07,12.02,12.19,11.22,11.22,6326200,TCB
2022-11-08,11.22,11.77,10.87,11.41,5353800,TCB
2022-11-09,11.57,11.86,11.44,11.51,3645200,TCB
2022-11-10,11.34,11.39,10.71,10.75,7580100,TCB
2022-11-11,11.11,11.32,10.77,10.77,5479500,TCB
2022-11-14,10.49,10.58,10.06,10.49,5828500,TCB
2022-11-15,10.41,10.41,9.76,9.78,10943000,TCB
2022-11-16,9.12,10.44,9.12,10.44,18062800,TCB
2022-11-17,10.73,10.89,10.49,10.84,5977300,TCB
2022-11-18,10.79,11.04,10.3,10.73,6390000,TCB
2022-11-21,10.71,10.91,10.51,10.51,4508400,TCB
2022-11-22,10.41,10.89,10.33,10.33,7548800,TCB
2022-11-23,10.39,10.58,10.26,10.39,3771800,TCB
2022-11-24,10.39,10.49,10.16,10.46,3471500,TCB
2022-11-25,10.56,10.87,10.49,10.87,5208100,TCB
2022-11-28,11.01,11.62,10.99,11.62,9058600,TCB
2022-11-29,11.79,12.1,11.51,11.9,7876400,TCB
2022-11-30,11.9,12.24,11.79,12.24,8860700,TCB
2022-12-01,12.4,13.08,12.4,12.95,16532500,TCB
2022-12-02,12.76,13.7,12.68,13.61,9001200,TCB
2022-12-05,13.94,14.08,13.61,13.7,8445100,TCB
2022-12-06,13.61,13.7,12.76,12.78,14489700,TCB
2022-12-07,12.76,12.83,12.27,12.47,7114400,TCB
2022-12-08,12.66,13.33,12.52,13.33,10144300,TCB
2022-12-09,13.44,13.46,13.08,13.35,4407800,TCB
2022-12-12,13.35,13.49,12.85,12.85,6189600,TCB
2022-12-13,12.85,13.61,12.76,13.61,7316900,TCB
2022-12-14,13.94,14.03,13.61,13.61,7999600,TCB
2022-12-15,13.61,13.96,13.51,13.94,7681000,TCB
2022-12-16,13.7,13.84,13.51,13.78,6469000,TCB
2022-12-19,13.78,14.48,13.73,13.82,9319200,TCB
2022-12-20,13.7,13.82,12.88,13.08,11750600,TCB
2022-12-21,13.25,13.33,12.43,13.08,6560300,TCB
2022-12-22,13.11,13.41,12.88,13.08,3604900,TCB
2022-12-23,13.08,13.18,12.73,13.04,2878800,TCB
2022-12-26,12.88,12.95,12.14,12.14,7542600,TCB
2022-12-27,12.1,12.38,12.0,12.12,1237900,TCB
2022-12-27,12.12,12.43,12.05,12.43,4426300,TCB
2022-12-28,12.33,12.5,12.17,12.35,3298700,TCB
2022-12-29,12.33,12.43,12.17,12.27,2934700,TCB
2022-12-30,12.27,12.33,12.22,12.22,2181900,TCB
2023-01-03,12.17,12.97,12.17,12.97,3786800,TCB
2023-01-04,12.97,13.13,12.88,12.9,3185500,TCB
2023-01-05,12.9,13.13,12.83,13.06,2716900,TCB
2023-01-06,12.97,13.41,12.9,13.08,4803900,TCB
2023-01-09,13.13,13.21,13.04,13.11,2387700,TCB
2023-01-10,13.11,13.23,12.9,12.97,2613300,TCB
2023-01-11,12.97,13.23,12.9,13.06,3136500,TCB
2023-01-12,13.06,13.21,13.04,13.16,2124100,TCB
2023-01-13,13.18,13.38,13.13,13.13,2810200,TCB
2023-01-16,13.16,13.28,13.06,13.28,2492900,TCB
2023-01-17,13.41,13.84,13.4,13.7,6179200,TCB
2023-01-18,13.75,13.78,13.66,13.75,3241200,TCB
2023-01-19,13.63,13.84,13.63,13.75,4742400,TCB
2023-01-27,13.86,14.03,13.7,13.73,5539200,TCB
2023-01-30,13.73,13.73,13.49,13.56,5917000,TCB
2023-01-31,13.54,13.89,13.25,13.89,6148400,TCB
2023-02-01,13.94,13.94,13.23,13.33,5944500,TCB
2023-02-02,13.33,13.41,13.04,13.23,3795200,TCB
2023-02-03,13.28,13.33,12.8,12.8,6448000,TCB
2023-02-06,12.8,13.23,12.78,13.21,3181900,TCB
2023-02-07,13.21,13.25,12.95,12.95,3288400,TCB
2023-02-08,13.0,13.21,12.95,13.16,2709000,TCB
2023-02-09,13.08,13.16,12.9,12.9,2757300,TCB
2023-02-10,12.92,13.0,12.71,12.73,2626000,TCB
2023-02-13,12.68,12.71,12.45,12.57,2897200,TCB
2023-02-14,12.52,12.95,12.52,12.68,2949800,TCB
2023-02-15,12.68,13.04,12.57,12.95,2633000,TCB
2023-02-16,13.04,13.18,12.85,13.18,2247700,TCB
2023-02-17,13.11,13.13,13.0,13.13,1784300,TCB
2023-02-20,13.11,13.51,13.08,13.51,2743200,TCB
2023-02-21,13.51,13.68,13.4,13.41,2590900,TCB
2023-02-22,13.25,13.3,13.0,13.0,2373000,TCB
2023-02-23,13.0,13.21,12.76,13.21,3597400,TCB
2023-02-24,13.21,13.21,12.83,12.88,1972500,TCB
2023-02-27,12.85,12.85,12.57,12.76,2377000,TCB
2023-02-28,12.76,12.85,12.52,12.52,2104000,TCB
2023-03-01,12.38,12.92,12.3,12.9,2204200,TCB
2023-03-02,13.02,13.04,12.76,12.85,1549900,TCB
2023-03-03,12.85,12.92,12.55,12.66,1875800,TCB
2023-03-06,12.76,12.97,12.62,12.85,2568900,TCB
2023-03-07,12.85,13.0,12.78,12.8,2340300,TCB
2023-03-08,12.71,12.95,12.66,12.9,1945300,TCB
2023-03-09,13.0,13.16,12.85,13.13,3286200,TCB
2023-03-10,13.0,13.04,12.76,12.83,2129800,TCB
2023-03-13,12.55,12.73,12.55,12.64,3114300,TCB
2023-03-14,12.6,12.64,12.43,12.43,2469900,TCB
2023-03-15,12.66,12.95,12.66,12.85,2361600,TCB
2023-03-16,12.71,12.73,12.45,12.64,2661700,TCB
2023-03-17,12.66,12.8,12.57,12.6,1199600,TCB
2023-03-20,12.52,12.57,12.4,12.4,2286500,TCB
2023-03-21,12.52,12.57,12.33,12.45,1997800,TCB
2023-03-22,12.5,12.57,12.4,12.45,2215200,TCB
2023-03-23,12.38,12.45,12.22,12.38,2248200,TCB
2023-03-24,12.47,12.62,12.43,12.55,1872800,TCB
2023-03-27,12.5,12.62,12.45,12.57,1328700,TCB
2023-03-28,12.62,13.08,12.62,13.0,7473700,TCB
2023-03-29,13.02,13.38,13.0,13.18,5559300,TCB
2023-03-30,13.4,13.46,13.08,13.08,4690400,TCB
2023-03-31,13.13,13.41,13.13,13.38,6868700,TCB
2023-04-03,13.7,13.86,13.56,13.82,11639500,TCB
2023-04-04,13.84,13.94,13.73,13.89,6754000,TCB
2023-04-05,13.89,13.99,13.79,13.89,3971600,TCB
2023-04-06,13.86,14.27,13.86,14.16,7354900,TCB
2023-04-07,14.01,14.01,13.89,13.96,3641400,TCB
2023-04-10,14.01,14.55,13.99,14.24,5389000,TCB
2023-04-11,14.27,14.36,13.99,14.36,5209800,TCB
2023-04-12,14.36,14.62,14.22,14.46,4355800,TCB
2023-04-13,14.46,14.62,14.32,14.36,2912500,TCB
2023-04-14,14.27,14.36,13.73,13.82,8037200,TCB
2023-04-17,13.7,13.91,13.58,13.78,2515900,TCB
2023-04-18,13.89,13.89,13.66,13.79,2206700,TCB
2023-04-19,13.79,13.89,13.73,13.75,2165300,TCB
2023-04-20,13.66,13.7,13.49,13.56,2122700,TCB
2023-04-21,13.7,13.7,13.58,13.58,2027900,TCB
2023-04-24,13.56,14.06,13.54,13.91,3063700,TCB
2023-04-25,14.01,14.11,13.79,13.79,1866000,TCB
2023-04-26,13.79,13.99,13.63,13.99,2442200,TCB
2023-04-27,14.27,14.27,14.11,14.11,1818500,TCB
2023-04-28,14.16,14.16,13.96,14.01,1877800,TCB
2023-05-04,13.94,13.94,13.66,13.73,1791100,TCB
2023-05-05,13.73,13.79,13.44,13.51,3318700,TCB
2023-05-08,13.66,13.84,13.56,13.84,2486500,TCB
2023-05-09,13.91,13.94,13.73,13.82,1880300,TCB
2023-05-10,13.86,13.89,13.75,13.82,2300800,TCB
2023-05-11,13.94,13.94,13.75,13.78,2336600,TCB
2023-05-12,13.75,13.82,13.7,13.82,2313000,TCB
2023-05-15,13.91,14.24,13.89,14.11,6910600,TCB
2023-05-16,14.22,14.22,14.06,14.08,1961300,TCB
2023-05-17,14.03,14.13,13.84,13.86,3364800,TCB
2023-05-18,13.82,14.03,13.82,13.99,3036400,TCB
2023-05-19,13.96,14.06,13.82,14.03,3127700,TCB
2023-05-22,14.03,14.46,14.03,14.41,9076700,TCB
2023-05-23,14.51,14.51,14.17,14.34,4205200,TCB
2023-05-24,14.36,14.44,14.06,14.08,4818900,TCB
2023-05-25,14.08,14.13,13.99,14.08,2521600,TCB
2023-05-26,14.13,14.16,14.01,14.13,1794600,TCB
2023-05-29,14.17,14.27,14.08,14.27,2765200,TCB
2023-05-30,14.36,14.39,14.17,14.27,2100900,TCB
2023-05-31,14.27,14.32,14.13,14.16,3944600,TCB
2023-06-01,14.17,14.32,14.06,14.32,4776200,TCB
2023-06-02,14.55,15.22,14.51,15.22,13798700,TCB
2023-06-05,15.33,15.5,15.07,15.07,5861900,TCB
2023-06-06,15.07,15.45,15.0,15.45,6000100,TCB
2023-06-07,15.38,15.47,15.22,15.4,4964100,TCB
2023-06-08,15.45,15.47,15.0,15.0,5741200,TCB
2023-06-09,15.02,15.35,14.93,15.3,5315500,TCB
2023-06-12,15.24,15.52,15.07,15.45,4136800,TCB
2023-06-13,15.45,15.55,15.3,15.5,3529000,TCB
2023-06-14,15.59,15.8,15.38,15.4,5374800,TCB
2023-06-15,15.4,15.55,15.3,15.42,3863700,TCB
2023-06-16,15.42,15.8,15.35,15.38,6928400,TCB
2023-06-19,15.38,15.38,15.1,15.17,3674300,TCB
2023-06-20,15.22,15.24,15.1,15.19,2084400,TCB
2023-06-21,15.19,15.35,15.17,15.35,2506800,TCB
2023-06-22,15.55,15.67,15.4,15.4,4395200,TCB
2023-06-23,15.42,15.71,15.38,15.55,4144400,TCB
2023-06-26,15.55,15.73,15.38,15.73,4044900,TCB
2023-06-27,15.73,15.78,15.55,15.57,3665500,TCB
2023-06-28,15.57,15.73,15.47,15.73,4303400,TCB
2023-06-29,15.73,15.78,15.42,15.42,3538900,TCB
2023-06-30,15.42,15.5,15.29,15.29,2448500,TCB
2023-07-03,15.45,15.45,15.12,15.12,3753900,TCB
2023-07-04,15.12,15.17,15.05,15.12,4327000,TCB
2023-07-05,15.19,15.3,15.1,15.1,4323800,TCB
2023-07-06,15.1,15.14,14.74,14.91,6311500,TCB
2023-07-07,14.89,15.02,14.79,14.91,3274400,TCB
2023-07-10,15.12,15.17,14.97,15.12,4982800,TCB
2023-07-11,15.22,15.29,15.1,15.1,5708100,TCB
2023-07-12,15.07,15.12,14.93,14.95,4341600,TCB
2023-07-13,14.97,15.12,14.95,15.1,4412100,TCB
2023-07-14,15.22,15.22,14.97,15.1,4472000,TCB
2023-07-17,15.17,15.17,15.02,15.07,3652700,TCB
2023-07-18,15.07,15.27,15.02,15.27,6508500,TCB
2023-07-19,15.42,15.55,15.24,15.27,5556900,TCB
2023-07-20,15.3,15.3,15.02,15.07,5263800,TCB
2023-07-21,15.05,15.27,15.05,15.27,5206200,TCB
2023-07-24,15.33,15.35,15.19,15.33,4832200,TCB
2023-07-25,15.5,15.97,15.45,15.83,13269100,TCB
2023-07-26,15.83,15.85,15.68,15.8,3413000,TCB
2023-07-27,15.75,15.8,15.45,15.64,7797000,TCB
2023-07-28,15.62,15.97,15.59,15.97,5630800,TCB
2023-07-31,16.11,16.35,16.06,16.2,7648800,TCB
2023-08-01,16.35,16.35,16.06,16.06,8659400,TCB
2023-08-02,16.02,16.11,15.95,16.02,4644300,TCB
2023-08-03,16.06,16.08,15.83,15.83,4171200,TCB
2023-08-04,15.9,16.16,15.8,15.88,12322800,TCB
2023-08-07,16.16,16.28,16.06,16.23,5256500,TCB
2023-08-08,16.25,16.3,16.04,16.06,5539100,TCB
2023-08-09,16.08,16.16,15.97,16.06,4668500,TCB
2023-08-10,16.06,16.08,15.83,15.83,6166000,TCB
2023-08-11,15.85,15.97,15.64,15.9,5907600,TCB
2023-08-14,15.95,15.97,15.8,15.97,4574500,TCB
2023-08-15,16.02,16.25,16.0,16.08,4610800,TCB
2023-08-16,16.06,16.7,16.04,16.68,13197300,TCB
2023-08-17,16.68,16.68,16.4,16.4,5308300,TCB
2023-08-18,16.33,16.33,15.33,15.35,13220000,TCB
2023-08-21,15.35,15.57,15.17,15.47,5356600,TCB
2023-08-22,15.47,15.64,15.07,15.64,6716400,TCB
2023-08-23,16.06,16.16,15.68,15.68,9087900,TCB
2023-08-24,15.83,16.04,15.78,15.97,4814900,TCB
2023-08-25,15.92,16.0,15.78,15.9,3638000,TCB
2023-08-28,16.0,16.11,15.88,16.06,4017200,TCB
2023-08-29,16.06,16.18,15.95,16.02,3702500,TCB
2023-08-30,16.06,16.2,16.02,16.06,4267500,TCB
2023-08-31,16.11,16.3,16.11,16.3,4121700,TCB
2023-09-05,16.44,16.61,16.42,16.53,7998900,TCB
2023-09-06,16.56,16.7,16.46,16.63,4653200,TCB
2023-09-07,16.66,17.08,16.58,16.89,9044800,TCB
2023-09-08,16.94,16.96,16.7,16.7,4602900,TCB
2023-09-11,16.82,16.82,16.28,16.33,10812100,TCB
2023-09-12,16.33,16.68,16.25,16.68,4935900,TCB
2023-09-13,16.73,16.75,16.46,16.53,4978100,TCB
2023-09-14,16.58,16.89,16.49,16.49,7642600,TCB
2023-09-15,16.58,16.78,16.49,16.49,4523900,TCB
2023-09-18,16.46,16.53,16.06,16.11,7730100,TCB
2023-09-19,16.2,16.23,15.97,16.02,5864300,TCB
2023-09-20,16.02,16.3,16.0,16.23,3426300,TCB
2023-09-21,16.23,16.3,16.06,16.2,3165600,TCB
2023-09-22,16.04,16.18,15.78,16.06,7542500,TCB
2023-09-25,16.06,16.16,15.47,15.5,4230500,TCB
2023-09-26,15.5,15.59,15.3,15.3,4755900,TCB
2023-09-27,15.24,15.4,15.24,15.4,3553500,TCB
2023-09-28,15.4,16.02,15.05,15.9,6556500,TCB
2023-09-29,15.83,15.92,15.64,15.9,2907800,TCB
2023-10-02,15.9,15.9,15.59,15.67,2138300,TCB
2023-10-03,15.55,15.55,15.07,15.35,4650100,TCB
2023-10-04,15.24,15.42,15.12,15.24,2796000,TCB
2023-10-05,15.29,15.4,15.02,15.02,2442600,TCB
2023-10-06,15.0,15.24,14.93,15.14,2551600,TCB
2023-10-09,15.17,15.19,15.07,15.17,2793700,TCB
2023-10-10,15.27,15.42,15.24,15.35,2660000,TCB
2023-10-11,15.42,15.42,15.27,15.4,2199600,TCB
2023-10-12,15.45,15.52,15.35,15.35,2464200,TCB
2023-10-13,15.3,15.33,15.12,15.22,1949500,TCB
2023-10-16,15.14,15.27,15.02,15.02,2476400,TCB
2023-10-17,15.1,15.22,15.0,15.0,1820000,TCB
2023-10-18,15.0,15.02,14.64,14.77,4719900,TCB
2023-10-19,14.77,14.84,14.48,14.48,2785000,TCB
2023-10-20,14.51,14.84,14.44,14.69,2434100,TCB
2023-10-23,14.69,14.89,14.41,14.6,2788400,TCB
2023-10-24,14.81,15.02,14.67,14.81,2173100,TCB
2023-10-25,14.74,14.93,14.74,14.74,2122800,TCB
2023-10-26,14.55,14.62,13.79,14.08,6676400,TCB
2023-10-27,14.17,14.36,13.75,13.96,3872700,TCB
2023-10-30,13.79,13.82,13.28,13.28,6594400,TCB
2023-10-31,13.33,13.46,12.85,13.08,6087100,TCB
2023-11-01,13.38,13.44,12.97,13.33,4479300,TCB
2023-11-02,13.61,13.99,13.46,13.86,4705900,TCB
2023-11-03,14.16,14.64,13.96,14.64,8102700,TCB
2023-11-06,14.55,14.64,14.32,14.64,3301400,TCB
2023-11-07,14.46,14.62,14.39,14.46,1508300,TCB
2023-11-08,14.32,15.07,14.27,15.02,3874600,TCB
2023-11-09,15.05,15.1,14.79,14.89,4253500,TCB
2023-11-10,14.74,14.89,14.51,14.67,4074300,TCB
2023-11-13,14.79,14.79,14.48,14.6,2458800,TCB
2023-11-14,14.72,15.0,14.6,14.89,3979700,TCB
2023-11-15,15.12,15.22,14.89,14.91,3671500,TCB
2023-11-16,14.89,15.02,14.89,14.97,2240400,TCB
2023-11-17,14.97,15.1,14.51,14.72,5082600,TCB
2023-11-20,14.41,14.77,14.39,14.64,4320400,TCB
2023-11-21,14.81,14.81,14.55,14.55,2243600,TCB
2023-11-22,14.6,14.64,14.48,14.62,1836200,TCB
2023-11-23,14.74,14.79,14.36,14.36,3280100,TCB
2023-11-24,14.34,14.46,13.91,14.19,4696800,TCB
2023-11-27,14.16,14.16,13.84,13.84,3048100,TCB
2023-11-28,13.84,14.16,13.61,14.16,3736900,TCB
2023-11-29,14.13,14.32,13.99,14.13,1779600,TCB
2023-11-30,14.06,14.19,13.94,13.94,2756300,TCB
2023-12-01,13.99,14.11,13.86,14.06,2696100,TCB
2023-12-04,14.08,14.41,14.08,14.27,4761000,TCB
2023-12-05,14.29,14.32,14.13,14.19,3093500,TCB
2023-12-06,14.17,14.41,14.17,14.36,2489700,TCB
2023-12-07,14.44,14.67,14.32,14.57,5844300,TCB
2023-12-08,14.57,14.64,14.46,14.62,2749400,TCB
2023-12-11,14.62,14.64,14.48,14.57,1614200,TCB
2023-12-12,14.57,14.67,14.53,14.67,2167900,TCB
2023-12-13,14.72,14.72,14.41,14.41,3108700,TCB
2023-12-14,14.55,14.57,14.44,14.44,2552800,TCB
2023-12-15,14.44,14.55,14.36,14.46,2153100,TCB
2023-12-18,14.46,14.48,14.19,14.19,2378300,TCB
2023-12-19,14.17,14.46,14.08,14.46,2109500,TCB
2023-12-20,14.32,14.44,14.24,14.34,1746600,TCB
2023-12-21,14.32,14.48,14.24,14.48,2482700,TCB
2023-12-22,14.41,14.55,14.39,14.46,1853900,TCB
2023-12-25,14.55,14.64,14.46,14.62,2572700,TCB
2023-12-26,14.57,14.64,14.53,14.55,1507400,TCB
2023-12-27,14.57,14.72,14.57,14.57,2015600,TCB
2023-12-28,14.6,14.95,14.6,14.89,5753400,TCB
2023-12-29,14.97,15.1,14.89,15.02,4231700,TCB
2024-01-02,15.07,15.24,15.02,15.17,3710100,TCB
2024-01-03,15.07,15.4,15.05,15.4,5610600,TCB
2024-01-04,15.4,15.9,15.38,15.64,10073900,TCB
2024-01-05,15.64,15.78,15.59,15.68,3569900,TCB
2024-01-08,15.83,16.13,15.75,16.11,6323800,TCB
2024-01-09,16.06,16.3,15.97,16.3,6900500,TCB
2024-01-10,16.33,16.4,16.18,16.25,7189800,TCB
2024-01-11,16.2,16.35,15.97,16.13,6731000,TCB
2024-01-12,16.0,16.4,15.85,16.37,10186600,TCB
2024-01-15,16.4,16.44,16.2,16.2,3727300,TCB
2024-01-16,16.11,16.16,15.97,16.13,4458700,TCB
2024-01-17,16.13,16.37,16.06,16.08,4420000,TCB
2024-01-18,16.18,16.35,16.08,16.25,4108200,TCB
2024-01-19,16.35,16.61,16.3,16.51,7947400,TCB
2024-01-22,16.68,16.68,16.4,16.51,4313700,TCB
2024-01-23,16.78,17.01,16.73,16.75,10075300,TCB
2024-01-24,16.66,16.8,16.66,16.66,3141400,TCB
2024-01-25,16.66,16.66,16.49,16.53,4271400,TCB
2024-01-26,16.56,16.78,16.53,16.73,3145200,TCB
2024-01-29,16.75,16.84,16.63,16.66,3145300,TCB
2024-01-30,16.58,16.66,16.4,16.63,5207300,TCB
2024-01-31,16.63,16.66,16.25,16.33,5380200,TCB
2024-02-01,16.28,16.37,16.06,16.13,6209900,TCB
2024-02-02,16.06,16.28,16.06,16.13,7864700,TCB
2024-02-05,16.28,17.01,16.25,16.78,9600300,TCB
2024-02-06,16.84,17.11,16.82,16.84,4013800,TCB
2024-02-07,16.91,17.62,16.91,17.62,11167100,TCB
2024-02-15,17.72,18.4,17.69,18.14,13071500,TCB
2024-02-16,18.19,18.29,17.91,18.19,7217800,TCB
2024-02-19,18.22,18.45,18.17,18.38,9734800,TCB
2024-02-20,18.33,18.42,18.19,18.38,5413200,TCB
2024-02-21,18.31,18.59,18.24,18.42,7674900,TCB
2024-02-22,18.42,19.06,18.4,19.04,9645200,TCB
2024-02-23,19.25,20.01,18.9,18.95,16442400,TCB
2024-02-26,19.0,19.61,19.0,19.46,9615100,TCB
2024-02-27,19.56,19.82,19.37,19.82,8413100,TCB
2024-02-28,19.86,20.01,19.63,19.94,7524100,TCB
2024-02-29,20.06,20.06,19.53,19.94,9026500,TCB
2024-03-01,19.7,19.78,19.49,19.78,9291100,TCB
2024-03-04,19.73,19.94,19.53,19.78,8435000,TCB
2024-03-05,19.75,19.94,19.56,19.94,6316800,TCB
2024-03-06,19.86,20.56,19.75,20.2,11167400,TCB
2024-03-07,20.24,20.46,20.03,20.13,7214000,TCB
2024-03-08,20.06,20.13,19.37,19.37,20127300,TCB
2024-03-11,19.33,19.46,18.85,19.08,11182600,TCB
2024-03-12,19.06,19.51,18.95,19.46,8497100,TCB
2024-03-13,19.46,19.84,19.35,19.84,7892700,TCB
2024-03-14,19.89,19.89,19.49,19.56,6636800,TCB
2024-03-15,19.49,19.68,19.08,19.56,7540800,TCB
2024-03-18,19.46,19.46,18.62,18.95,11297200,TCB
2024-03-19,19.0,19.08,18.7,19.04,5330900,TCB
2024-03-20,19.08,20.06,18.92,19.98,16882000,TCB
2024-03-21,20.13,21.31,20.13,21.31,16923300,TCB
2024-03-22,21.5,21.5,20.81,21.21,10791500,TCB
2024-03-25,21.54,21.92,20.86,21.17,10737400,TCB
2024-03-26,21.17,21.83,21.02,21.71,7755900,TCB
2024-03-27,21.83,21.83,21.31,21.52,4640100,TCB
2024-03-28,23.01,23.01,22.53,22.68,30022800,TCB
2024-03-29,22.65,22.75,22.46,22.46,6403800,TCB
2024-04-01,22.46,22.53,22.13,22.42,8561000,TCB
2024-04-02,22.48,22.68,22.2,22.51,13559100,TCB
2024-04-03,22.4,22.65,22.11,22.11,8776700,TCB
2024-04-04,21.97,22.08,21.71,21.73,10756900,TCB
2024-04-05,21.5,21.69,21.33,21.35,12129600,TCB
2024-04-08,21.26,21.67,21.21,21.5,9964400,TCB
2024-04-09,21.5,21.64,21.35,21.64,5384200,TCB
2024-04-10,21.73,22.11,21.54,21.57,7754300,TCB
2024-04-11,21.29,21.57,21.24,21.31,11371200,TCB
2024-04-12,21.47,22.42,21.31,22.4,13456300,TCB
2024-04-15,22.3,22.42,20.89,20.97,13735800,TCB
2024-04-16,21.24,21.5,20.89,21.5,15151800,TCB
2024-04-17,21.5,21.54,21.09,21.19,7454000,TCB
2024-04-19,20.79,21.09,20.48,21.02,14444400,TCB
2024-04-22,21.42,21.59,21.21,21.37,6813500,TCB
2024-04-23,21.5,22.45,21.5,21.83,15592800,TCB
2024-04-24,22.11,22.23,21.92,22.2,7532200,TCB
2024-04-25,22.2,22.2,21.64,21.8,7161400,TCB
2024-04-26,21.73,22.15,21.57,22.02,5678300,TCB
2024-05-02,22.11,22.18,21.9,22.13,4351500,TCB
2024-05-03,22.45,23.06,22.4,22.78,13660600,TCB
2024-05-06,22.91,23.01,22.63,22.84,7906500,TCB
2024-05-07,22.84,22.84,22.53,22.63,9058500,TCB
2024-05-08,22.63,23.24,22.35,22.78,15386300,TCB
2024-05-09,22.96,23.1,22.58,22.89,8705600,TCB
2024-05-10,23.06,23.06,22.63,22.91,7679300,TCB
2024-05-13,22.91,22.98,22.68,22.86,6004900,TCB
2024-05-14,22.89,22.89,22.61,22.63,7472800,TCB
2024-05-15,22.63,22.75,22.56,22.73,9678900,TCB
2024-05-16,22.91,23.59,22.86,23.58,20864900,TCB
2024-05-17,23.51,23.62,23.46,23.51,6345600,TCB
2024-05-20,23.59,23.86,23.41,23.48,9304700,TCB
2024-05-21,23.43,23.48,22.92,22.99,11258500,TCB
2024-05-22,23.02,23.14,22.58,22.6,14666400,TCB
2024-05-23,22.55,22.73,22.34,22.65,7238900,TCB
2024-05-24,22.48,23.02,22.31,22.6,14617600,TCB
2024-05-27,22.6,22.7,22.41,22.65,5007700,TCB
2024-05-28,22.65,22.87,22.55,22.84,6014900,TCB
2024-05-29,22.89,22.92,22.6,22.65,6948600,TCB
2024-05-30,22.44,22.8,22.34,22.8,7573700,TCB
2024-05-31,22.8,22.89,22.55,22.89,5677200,TCB
2024-06-03,23.14,23.23,22.94,22.97,10681000,TCB
2024-06-04,23.14,23.28,22.89,23.19,9962000,TCB
2024-06-05,23.23,23.26,22.99,23.14,9260100,TCB
2024-06-06,23.17,23.38,22.99,23.38,13114900,TCB
2024-06-07,23.87,24.21,23.72,23.92,15463100,TCB
2024-06-10,24.11,24.11,23.56,23.82,8633400,TCB
2024-06-11,24.11,24.29,23.95,24.04,16586900,TCB
2024-06-12,24.04,24.11,23.87,24.06,9157900,TCB
2024-06-13,24.11,24.16,24.01,24.06,8424900,TCB
2024-06-14,24.11,24.14,23.92,23.92,9835600,TCB
2024-06-17,23.9,23.9,23.62,23.67,9687200,TCB
2024-06-18,23.67,23.92,23.48,23.77,10243100,TCB
2024-06-19,23.87,23.87,23.46,23.53,17027300,TCB
2024-06-20,23.92,24.5,23.87,24.16,34583800,TCB
2024-06-21,24.31,24.31,23.58,23.87,11686300,TCB
2024-06-24,23.87,23.87,22.99,23.33,14021100,TCB
2024-06-25,23.33,23.38,22.8,23.38,12070000,TCB
2024-06-26,23.33,23.38,22.94,23.38,7388500,TCB
2024-06-27,23.04,23.09,22.75,22.84,12338200,TCB
2024-06-28,22.84,22.89,21.92,22.75,21090100,TCB
2024-07-01,22.5,22.5,22.07,22.07,9012800,TCB
2024-07-02,22.26,22.6,22.07,22.31,9248300,TCB
2024-07-03,22.36,22.94,22.31,22.89,10183800,TCB
2024-07-04,22.89,22.94,22.7,22.89,5683100,TCB
2024-07-05,22.75,22.89,22.6,22.89,8377700,TCB
2024-07-08,22.89,22.89,22.5,22.84,6699200,TCB
2024-07-09,22.7,22.89,22.65,22.75,11389200,TCB
2024-07-10,22.8,22.84,22.5,22.55,10290600,TCB
2024-07-11,22.55,22.75,22.21,22.21,15419800,TCB
2024-07-12,22.26,22.41,22.21,22.21,5523200,TCB
2024-07-15,22.26,22.31,22.02,22.07,6044600,TCB
2024-07-16,22.07,22.26,21.97,22.11,11029900,TCB
2024-07-17,22.26,23.58,22.21,23.09,27351200,TCB
2024-07-18,23.09,23.23,22.7,23.09,11221300,TCB
2024-07-19,23.14,23.14,22.5,22.8,14092100,TCB
2024-07-22,22.7,23.19,22.41,23.04,14480100,TCB
2024-07-23,23.19,23.19,22.41,22.46,12471200,TCB
2024-07-24,22.26,22.6,22.26,22.41,10819000,TCB
2024-07-25,22.26,22.31,21.97,22.16,8303700,TCB
2024-07-26,22.11,22.26,22.02,22.16,6322500,TCB
2024-07-29,22.26,22.36,22.16,22.16,5196700,TCB
2024-07-30,22.11,22.36,22.02,22.36,6723500,TCB
2024-07-31,22.41,22.75,22.36,22.65,11002900,TCB
2024-08-01,22.6,22.65,21.97,22.41,11637400,TCB
2024-08-02,21.97,22.89,21.97,22.89,13700300,TCB
2024-08-05,22.41,22.41,21.72,21.72,16810500,TCB
2024-08-06,21.82,22.02,21.48,21.72,17667600,TCB
2024-08-07,21.82,21.82,21.19,21.24,19624800,TCB
2024-08-08,21.04,21.09,20.21,20.31,41051900,TCB
2024-08-09,20.46,20.75,20.46,20.56,14966900,TCB
2024-08-12,20.65,20.7,20.46,20.7,10346600,TCB
2024-08-13,20.65,20.65,20.36,20.46,11492700,TCB
2024-08-14,20.51,20.75,20.36,20.65,11836400,TCB
2024-08-15,20.65,20.65,20.41,20.6,9559800,TCB
2024-08-16,20.6,20.99,20.51,20.9,21418700,TCB
2024-08-19,20.99,21.38,20.85,21.33,15706900,TCB
2024-08-20,21.38,21.48,21.24,21.29,12413000,TCB
2024-08-21,21.14,21.53,20.99,21.43,20036300,TCB
2024-08-22,21.43,22.07,21.43,21.77,20780600,TCB
2024-08-23,21.77,21.92,21.63,21.82,11973100,TCB
2024-08-26,21.92,22.07,21.82,21.92,16940600,TCB
2024-08-27,21.92,22.11,21.87,22.07,15067700,TCB
2024-08-28,22.11,22.55,22.02,22.41,19145000,TCB
2024-08-29,22.41,22.65,22.41,22.41,16097600,TCB
2024-08-30,22.41,22.75,22.41,22.75,13276300,TCB
2024-09-04,22.46,22.65,22.26,22.41,13719600,TCB
2024-09-05,22.31,22.46,22.11,22.21,11375000,TCB
2024-09-06,22.21,22.36,22.07,22.21,12161700,TCB
2024-09-09,22.11,22.26,22.02,22.07,12271500,TCB
2024-09-10,22.11,22.16,21.63,21.68,14110600,TCB
2024-09-11,21.58,21.68,21.38,21.53,11246200,TCB
2024-09-12,21.72,21.82,21.58,21.72,9122600,TCB
2024-09-13,21.72,21.77,21.58,21.63,10103800,TCB
2024-09-16,21.63,22.11,21.63,21.63,11594300,TCB
2024-09-17,21.58,22.16,21.58,22.16,7238500,TCB
2024-09-18,22.16,22.5,22.11,22.41,15057800,TCB
2024-09-19,22.41,22.6,22.31,22.6,13432600,TCB
2024-09-20,22.7,23.09,22.7,22.94,30615100,TCB
2024-09-23,22.94,23.14,22.75,22.75,8232000,TCB
2024-09-24,22.7,22.99,22.7,22.94,11039500,TCB
2024-09-25,23.14,23.33,22.99,23.19,23428400,TCB
2024-09-26,23.19,23.77,23.04,23.48,26218200,TCB
2024-09-27,23.58,23.72,23.43,23.58,16810100,TCB
2024-09-30,23.53,23.72,23.33,23.58,21491800,TCB
2024-10-01,23.58,24.16,23.53,24.01,40736400,TCB
2024-10-02,23.92,24.5,23.72,24.26,28212200,TCB
2024-10-03,24.31,24.55,23.72,23.72,29754600,TCB
2024-10-04,23.72,23.82,23.43,23.43,21424400,TCB
2024-10-07,23.62,23.72,23.38,23.53,12843900,TCB
2024-10-08,23.58,23.97,23.58,23.77,16248500,TCB
2024-10-09,23.77,24.11,23.67,24.01,21677200,TCB
2024-10-10,24.26,24.35,23.92,23.92,18247800,TCB
2024-10-11,23.92,23.97,23.62,23.82,13916200,TCB
2024-10-14,23.92,23.97,23.72,23.72,11945500,TCB
2024-10-15,23.72,23.97,23.53,23.62,14126800,TCB
2024-10-16,23.58,23.67,23.48,23.58,9019700,TCB
2024-10-17,23.58,23.77,23.48,23.72,9422800,TCB
2024-10-18,23.82,24.16,23.77,23.82,15418700,TCB
2024-10-21,23.82,23.87,23.48,23.53,9745000,TCB
2024-10-22,23.58,23.77,23.38,23.58,16873500,TCB
2024-10-23,23.58,23.67,23.14,23.58,16761200,TCB
2024-10-24,23.53,23.58,22.94,23.04,14256700,TCB
2024-10-25,23.14,23.23,22.8,22.89,14325400,TCB
2024-10-28,22.89,23.09,22.84,23.04,7020100,TCB
2024-10-29,23.09,23.23,23.09,23.14,6285800,TCB
2024-10-30,23.19,23.38,23.14,23.38,11087000,TCB
2024-10-31,23.38,23.48,23.23,23.28,8621600,TCB
2024-11-01,23.23,23.38,23.09,23.09,14550800,TCB
2024-11-04,23.14,23.14,22.8,22.84,13930100,TCB
2024-11-05,22.89,23.04,22.84,22.84,9921800,TCB
2024-11-06,22.99,23.43,22.99,23.28,15680200,TCB
2024-11-07,23.53,23.53,23.23,23.23,8601500,TCB
2024-11-08,23.38,23.38,22.84,22.99,13097100,TCB
2024-11-11,23.09,23.09,22.46,22.6,15357300,TCB
2024-11-12,22.8,22.8,22.31,22.46,12489700,TCB
2024-11-13,22.41,22.55,22.11,22.55,13323900,TCB
2024-11-14,22.41,22.46,22.16,22.21,7429400,TCB
2024-11-15,22.21,22.21,21.82,21.87,14453100,TCB
2024-11-18,21.82,22.11,21.63,21.87,12110400,TCB
2024-11-19,21.97,21.97,21.63,21.82,6936100,TCB
2024-11-20,21.72,22.26,21.68,22.26,10247500,TCB
2024-11-21,22.21,22.6,22.02,22.6,11213000,TCB
2024-11-22,22.6,22.94,22.55,22.89,14405800,TCB
2024-11-25,22.89,22.99,22.8,22.89,7187600,TCB
2024-11-26,22.89,23.09,22.84,22.94,6757500,TCB
2024-11-27,22.89,22.99,22.75,22.89,6388200,TCB
2024-11-28,23.04,23.09,22.8,22.99,8136900,TCB
2024-11-29,22.89,22.99,22.75,22.99,8447400,TCB
2024-12-02,23.09,23.09,22.8,23.04,6569300,TCB
2024-12-03,23.04,23.14,22.84,23.04,8333300,TCB
2024-12-04,22.84,22.99,22.8,22.84,8179300,TCB
2024-12-05,22.84,23.58,22.75,23.58,14188900,TCB
2024-12-06,23.58,23.62,23.33,23.53,10921300,TCB
2024-12-09,23.48,23.67,23.33,23.53,7597400,TCB
2024-12-10,23.43,23.58,23.38,23.43,7039400,TCB
2024-12-11,23.43,23.67,23.38,23.53,10341200,TCB
2024-12-12,23.58,23.87,23.53,23.62,18543300,TCB
2024-12-13,23.67,23.92,23.48,23.72,11020400,TCB
2024-12-16,23.67,23.77,23.48,23.67,6356400,TCB
2024-12-17,23.77,23.77,23.53,23.58,5387400,TCB
2024-12-18,23.62,23.67,23.48,23.58,5786300,TCB
2024-12-19,23.38,23.43,23.14,23.14,15028500,TCB
2024-12-20,23.23,23.33,23.19,23.19,4594100,TCB
2024-12-23,23.38,23.43,23.19,23.28,3208600,TCB
2024-12-24,23.43,23.43,23.19,23.38,5175500,TCB
2024-12-25,23.38,24.26,23.33,23.82,18370600,TCB
2024-12-26,23.87,23.92,23.67,23.72,5475600,TCB
2024-12-27,23.87,24.26,23.82,23.97,15395600,TCB
2024-12-30,24.11,24.11,23.72,23.77,10145800,TCB
2024-12-31,23.72,24.01,23.72,24.01,9403700,TCB
2025-01-02,24.01,24.06,23.67,23.72,7834500,TCB
2025-01-03,23.72,23.72,22.99,22.99,17426900,TCB
2025-01-06,22.99,23.23,22.89,22.99,8132700,TCB
2025-01-07,23.28,23.28,22.94,23.04,7615500,TCB
2025-01-08,23.19,23.67,23.04,23.33,11947100,TCB
2025-01-09,23.43,23.43,23.14,23.33,4709000,TCB
2025-01-10,23.38,23.38,22.8,22.8,6232100,TCB
2025-01-13,22.6,23.19,22.55,23.19,7939900,TCB
2025-01-14,22.94,23.14,22.89,22.99,4180100,TCB
2025-01-15,23.19,23.28,23.04,23.09,6720200,TCB
2025-01-16,23.23,23.33,22.99,23.23,8074100,TCB
2025-01-17,23.23,23.77,23.14,23.77,10016400,TCB
2025-01-20,23.77,23.87,23.62,23.77,5183100,TCB
2025-01-21,23.77,23.87,23.53,23.58,8127000,TCB
2025-01-22,23.82,23.82,23.53,23.58,7455200,TCB
2025-01-23,23.72,24.21,23.62,23.97,21069200,TCB
2025-01-24,24.16,24.21,24.01,24.11,10331500,TCB
2025-02-03,23.87,24.06,23.62,23.62,10885100,TCB
2025-02-04,23.72,24.06,23.67,24.01,12471500,TCB
2025-02-05,24.21,24.26,23.92,24.06,9430900,TCB
2025-02-06,24.26,24.84,24.16,24.55,37579600,TCB
2025-02-07,24.79,25.13,24.55,25.09,26585000,TCB
2025-02-10,25.09,25.57,24.79,25.09,22152900,TCB
2025-02-11,25.43,25.48,25.09,25.23,15667000,TCB
2025-02-12,25.33,25.33,25.04,25.04,11524500,TCB
2025-02-13,24.94,25.33,24.89,25.28,11953600,TCB
2025-02-14,25.43,25.52,25.23,25.33,10239600,TCB
2025-02-17,25.33,25.43,25.04,25.04,10972700,TCB
2025-02-18,25.04,25.43,24.99,25.18,10757000,TCB
2025-02-19,25.28,25.48,25.13,25.43,12938100,TCB
2025-02-20,25.52,25.91,25.38,25.86,21179000,TCB
2025-02-21,25.91,25.91,25.72,25.82,8800600,TCB
2025-02-24,25.72,25.96,25.62,25.82,11762200,TCB
2025-02-25,25.91,26.11,25.67,25.72,14496400,TCB
2025-02-26,25.72,25.86,25.62,25.62,9946900,TCB
2025-02-27,25.72,25.72,25.33,25.57,12505900,TCB
2025-02-28,25.57,25.62,25.38,25.43,12220900,TCB
2025-03-03,25.48,25.62,25.38,25.43,9359400,TCB
2025-03-04,25.43,26.84,25.33,26.79,40196300,TCB
2025-03-05,26.79,26.89,26.6,26.6,13269400,TCB
2025-03-06,26.74,26.99,26.64,26.99,12570100,TCB
2025-03-07,26.99,27.18,26.74,27.03,14922200,TCB
2025-03-10,27.03,27.57,26.99,27.08,13907700,TCB
2025-03-11,26.79,27.28,26.74,27.28,15313400,TCB
2025-03-12,27.37,27.52,27.08,27.13,10861400,TCB
2025-03-13,27.08,27.08,26.55,26.6,18991700,TCB
2025-03-14,26.4,26.69,26.4,26.6,10662000,TCB
2025-03-17,26.64,26.74,26.45,26.74,11002100,TCB
2025-03-18,26.79,26.89,26.6,26.69,7945400,TCB
2025-03-19,26.6,26.64,26.45,26.55,12083700,TCB
2025-03-20,26.79,26.84,26.4,26.74,14430700,TCB
2025-03-21,26.64,26.84,26.6,26.64,7447300,TCB
2025-03-24,26.64,27.47,26.5,27.28,21083700,TCB
2025-03-25,27.37,27.47,27.13,27.18,8130100,TCB
2025-03-26,27.18,27.76,27.08,27.28,24089300,TCB
2025-03-27,27.28,27.42,27.03,27.03,7518900,TCB
2025-03-28,27.03,27.08,26.74,26.84,12353600,TCB
2025-03-31,26.69,26.79,26.5,26.79,12983300,TCB
2025-04-01,26.79,27.28,26.69,27.23,9054500,TCB
2025-04-02,27.28,27.42,27.13,27.18,6668600,TCB
2025-04-03,26.25,26.5,25.28,25.28,58893200,TCB
2025-04-04,23.53,25.09,23.53,25.04,56795800,TCB
2025-04-08,24.35,24.35,23.33,23.33,33465800,TCB
2025-04-09,21.72,24.26,21.72,22.99,40792200,TCB
2025-04-10,24.6,24.6,24.6,24.6,1241800,TCB
2025-04-11,25.82,25.91,24.94,25.91,47940500,TCB
2025-04-14,25.91,26.01,25.43,25.86,19905300,TCB
2025-04-15,25.38,25.67,25.13,25.33,21183400,TCB
2025-04-16,25.48,25.77,25.09,25.13,18147100,TCB
2025-04-17,24.94,25.33,24.89,25.33,14259300,TCB
2025-04-18,25.82,25.82,25.33,25.33,16887000,TCB
2025-04-21,25.33,25.62,24.94,25.09,12192200,TCB
2025-04-22,24.6,24.99,23.33,24.5,29523500,TCB
2025-04-23,25.09,25.62,24.5,25.43,18232600,TCB
2025-04-24,25.33,25.43,25.04,25.09,8915900,TCB
2025-04-25,25.28,25.38,24.74,25.28,19491800,TCB
2025-04-28,25.33,25.43,25.13,25.33,11163200,TCB
2025-04-29,25.33,25.91,25.33,25.62,18134300,TCB
2025-05-05,25.67,25.82,25.67,25.82,9048300,TCB
2025-05-06,25.82,26.5,25.72,26.16,24407100,TCB
2025-05-07,26.16,26.4,25.91,26.3,13694100,TCB
2025-05-08,26.3,26.74,26.16,26.69,18382100,TCB
2025-05-09,26.6,27.28,26.55,26.89,18296500,TCB
2025-05-12,26.94,28.69,26.89,28.64,46701100,TCB
2025-05-13,28.74,28.93,28.4,28.64,13206500,TCB
2025-05-14,28.59,29.71,28.54,29.08,19728500,TCB
2025-05-15,29.13,29.42,28.79,29.13,17783500,TCB
2025-05-16,29.13,29.13,28.5,28.69,20031000,TCB
2025-05-19,28.45,29.18,28.35,28.74,20464800,TCB
2025-05-20,28.74,30.3,28.74,30.15,38192300,TCB
2025-05-21,30.2,30.59,29.91,30.1,19486900,TCB
2025-05-22,29.86,30.39,29.52,29.71,28001500,TCB
2025-05-23,29.76,29.81,29.03,29.37,17854600,TCB
2025-05-26,29.37,29.57,28.74,29.57,20226200,TCB
2025-05-27,29.81,30.44,29.57,29.81,23572600,TCB
2025-05-28,29.91,30.01,29.47,29.71,18570300,TCB
2025-05-29,29.71,30.01,29.52,30.01,14712100,TCB
2025-05-30,30.01,30.01,29.66,29.66,9979500,TCB
2025-06-02,29.62,30.15,29.42,30.05,13955600,TCB
2025-06-03,30.1,31.08,30.1,30.78,23860200,TCB
2025-06-04,30.88,30.88,30.39,30.54,15682100,TCB
2025-06-05,30.54,30.78,30.25,30.3,15787800,TCB
2025-06-06,30.2,30.2,29.52,29.52,28354600,TCB
2025-06-09,29.52,29.66,28.98,28.98,20750500,TCB
2025-06-10,29.18,29.71,29.08,29.27,15103700,TCB
2025-06-11,29.57,29.57,29.18,29.32,6090700,TCB
2025-06-12,29.57,30.35,29.47,30.15,24550800,TCB
2025-06-13,29.91,30.69,29.71,30.39,27415200,TCB
2025-06-16,30.2,31.52,30.15,31.47,23148300,TCB
2025-06-17,31.71,31.76,31.22,31.56,17962300,TCB
2025-06-18,31.56,32.49,31.37,31.95,17756300,TCB
2025-06-19,31.95,33.12,31.95,33.12,23284100,TCB
2025-06-20,33.32,33.95,33.03,33.12,17106000,TCB
2025-06-23,32.73,33.12,32.54,32.93,18895500,TCB
2025-06-24,33.17,33.85,32.83,33.12,25166100,TCB
2025-06-25,33.27,33.37,32.93,32.93,13115100,TCB
2025-06-26,33.12,33.56,32.93,33.17,12610700,TCB
2025-06-27,33.22,33.37,32.98,33.07,9837600,TCB
2025-06-30,33.22,33.8,33.12,33.32,13910000,TCB
2025-07-01,33.32,33.66,33.17,33.51,12545400,TCB
2025-07-02,33.61,34.19,33.56,34.1,16948700,TCB
2025-07-03,34.24,34.39,33.9,33.95,22273300,TCB
2025-07-04,33.95,34.1,33.76,34.05,12159000,TCB
2025-07-07,34.29,34.54,34.19,34.39,12244900,TCB
2025-07-08,34.39,34.63,34.19,34.39,12974100,TCB
2025-07-09,34.54,34.68,33.8,34.0,31885200,TCB
2025-07-10,34.0,34.1,33.76,33.9,14459300,TCB
2025-07-11,33.9,34.58,33.9,34.05,18592100,TCB
2025-07-14,34.05,34.19,33.41,34.19,18132100,TCB
2025-07-15,34.24,34.83,33.9,33.9,18005600,TCB
2025-07-16,33.9,34.54,33.71,34.34,15009100,TCB
2025-07-17,34.49,34.68,34.19,34.24,16136500,TCB
2025-07-18,34.24,35.56,34.15,35.31,36570000,TCB
2025-07-21,35.36,35.56,34.44,34.54,23119500,TCB
2025-07-22,34.24,34.54,34.0,34.44,26975100,TCB
2025-07-23,34.49,34.54,34.0,34.1,27862300,TCB
2025-07-24,34.15,34.68,34.05,34.15,19279700,TCB
2025-07-25,34.19,34.29,34.05,34.29,18898200,TCB
2025-07-28,34.34,34.92,34.29,34.68,30577800,TCB
2025-07-29,34.83,34.83,33.03,33.03,45002200,TCB
2025-07-30,33.27,33.71,32.83,33.61,30546900,TCB
2025-07-31,33.71,34.1,32.93,33.12,26760600,TCB
2025-08-01,33.27,33.8,33.17,33.22,20619700,TCB
2025-08-04,33.22,34.44,33.12,34.44,23096800,TCB
2025-08-05,34.88,36.82,34.88,36.05,92362096,TCB
2025-08-06,37.02,37.99,36.24,37.21,30371700,TCB
2025-08-07,37.51,37.9,36.82,37.41,30075200,TCB
2025-08-08,37.75,37.75,36.43,36.87,31007000,TCB
2025-08-11,36.97,37.46,36.63,36.78,24602200,TCB
2025-08-12,36.82,37.02,36.24,36.73,22622400,TCB
2025-08-13,36.82,37.02,35.95,36.53,27538600,TCB
2025-08-14,36.78,38.19,36.78,37.41,38004200,TCB
2025-08-15,37.9,37.94,36.63,36.63,31153200,TCB
2025-08-18,37.21,37.65,36.68,36.97,21688500,TCB
2025-08-19,37.26,38.43,37.12,38.19,37483600,TCB
2025-08-20,39.41,39.84,37.9,39.45,52927800,TCB
2025-08-21,40.23,41.4,39.94,40.48,37569600,TCB
2025-08-22,39.45,40.04,37.65,37.99,53106000,TCB
2025-08-25,38.53,38.63,36.34,36.58,39313700,TCB
2025-08-26,37.02,38.38,36.0,38.33,29545200,TCB
2025-08-27,38.48,39.65,37.9,37.94,25051600,TCB
2025-08-28,38.58,38.58,37.8,38.58,18621100,TCB
2025-08-29,39.07,39.21,38.58,38.58,23178500,TCB
2025-09-03,39.02,39.07,38.43,38.58,13486800,TCB
2025-09-04,38.58,38.92,38.38,38.58,16817900,TCB
2025-09-05,38.92,39.89,38.48,38.48,35382100,TCB
2025-09-08,38.48,38.58,37.02,37.02,31844700,TCB
2025-09-09,37.56,37.65,36.87,37.51,27379900,TCB
2025-09-10,38.24,38.77,37.6,37.99,25909000,TCB
2025-09-11,37.9,37.99,36.73,37.7,20441400,TCB
2025-09-12,38.04,38.09,37.51,37.6,18385600,TCB
2025-09-15,37.56,37.99,37.56,37.99,16479300,TCB
2025-09-16,38.63,39.07,38.24,38.33,30137900,TCB
2025-09-17,38.33,38.43,37.51,37.7,15622100,TCB
2025-09-18,37.7,37.8,37.21,37.8,13628900,TCB
2025-09-19,37.8,37.8,37.12,37.41,10813500,TCB
2025-09-22,37.31,37.41,36.34,36.53,21457800,TCB
2025-09-23,36.58,37.02,36.53,36.53,8090400,TCB
2025-09-24,36.53,37.8,36.19,37.8,14155200,TCB
2025-09-25,37.8,37.94,37.56,37.9,11877200,TCB
2025-09-26,37.9,37.94,37.41,37.7,11437300,TCB
2025-09-29,37.6,37.8,37.41,37.75,10121500,TCB
2025-09-30,38.05,38.05,37.5,37.85,11108100,TCB
2025-10-01,37.85,38.6,37.8,38.55,13225600,TCB
2025-10-02,38.85,39.2,38.4,38.85,16259200,TCB
2025-10-03,38.55,38.65,38.05,38.35,11272100,TCB
2025-10-06,38.95,39.4,38.5,39.4,23149900,TCB
2025-10-07,40.0,40.0,38.95,39.0,11813100,TCB
2025-10-08,39.25,39.4,38.45,38.6,20604100,TCB
2025-10-09,38.6,39.1,38.55,38.95,18770600,TCB
2025-10-10,39.1,39.9,39.0,39.35,20313000,TCB
2025-10-13,39.3,41.5,39.25,41.3,43313300,TCB
2025-10-14,41.75,42.0,40.55,40.8,25929200,TCB
2025-10-15,41.0,41.35,40.55,40.8,13321200,TCB
2025-10-16,41.2,41.25,40.8,41.25,20239100,TCB
2025-10-17,41.65,41.65,40.45,40.65,18690000,TCB
2025-10-20,40.65,40.65,37.85,37.85,30048800,TCB
2025-10-21,38.1,38.45,36.5,37.65,28577600,TCB
2025-10-22,38.1,38.15,36.4,38.0,15701400,TCB
2025-10-23,38.05,38.05,36.8,37.25,15619200,TCB
2025-10-24,37.0,37.0,36.05,36.1,23396700,TCB
2025-10-27,36.3,36.5,35.05,35.05,15906600,TCB
2025-10-28,35.05,36.4,34.0,36.0,26134800,TCB
2025-10-29,35.9,36.9,35.65,36.4,13116300,TCB
2025-10-30,36.5,36.6,35.6,35.7,10507900,TCB
2025-10-31,35.7,36.2,35.1,35.1,12256900,TCB
2025-11-03,35.1,35.5,33.6,33.6,16737200,TCB
2025-11-04,33.6,35.2,33.45,35.0,16062100,TCB
2025-11-05,34.9,34.9,34.05,34.1,11242500,TCB
2025-11-06,34.15,34.5,33.5,33.6,13684100,TCB
2025-11-07,33.6,33.95,33.0,33.0,16083600,TCB
2025-11-10,33.3,33.6,32.95,33.4,8793300,TCB
2025-11-11,33.45,34.0,33.35,33.65,11239700,TCB
2025-11-12,33.7,35.0,33.6,35.0,12025800,TCB
2025-11-13,34.65,35.5,34.6,35.1,12530800,TCB
2025-11-14,34.8,35.35,34.7,35.1,5603100,TCB
2025-11-17,35.1,35.25,34.7,35.15,9499500,TCB
2025-11-18,35.2,35.35,34.95,35.35,8594800,TCB
2025-11-19,35.4,35.4,34.75,34.8,6830700,TCB
2025-11-20,34.85,35.0,34.6,34.6,6941100,TCB
2025-11-21,34.5,34.5,33.5,34.25,8560200,TCB
2025-11-24,34.3,34.4,33.9,33.95,8275900,TCB
2025-11-25,34.0,34.0,33.45,33.45,9145600,TCB
2025-11-26,33.6,33.9,33.5,33.85,7859900,TCB
2025-11-27,33.95,34.2,33.7,33.75,8857300,TCB
2025-11-28,33.75,33.9,33.3,33.75,8390800,TCB
2025-12-01,33.7,33.7,33.2,33.2,7034700,TCB
2025-12-02,33.2,34.3,33.15,34.2,14025300,TCB
2025-12-03,34.25,35.0,34.25,34.9,16220500,TCB
2025-12-04,35.0,35.5,34.8,35.4,12020600,TCB
2025-12-05,35.5,35.5,34.7,34.7,7316700,TCB
2025-12-08,34.65,34.8,34.15,34.2,6283600,TCB
2025-12-09,34.2,34.2,33.5,33.8,10774500,TCB
2025-12-10,33.75,34.15,33.7,33.7,5381400,TCB
2025-12-11,33.75,34.0,33.4,33.4,6610500,TCB
2025-12-12,33.45,33.6,32.0,32.0,19124300,TCB
2025-12-15,32.0,32.3,31.5,32.0,10487300,TCB
2025-12-16,32.0,33.1,30.5,33.0,14017600,TCB
2025-12-17,33.0,33.15,32.55,32.6,6749600,TCB
2025-12-18,32.8,33.1,32.5,33.0,9090400,TCB
2025-12-19,33.2,33.65,33.1,33.6,9184900,TCB
2025-12-22,33.85,35.2,33.75,35.2,16562200,TCB
2025-12-23,35.3,35.35,34.75,34.8,12785000,TCB
2025-12-24,34.7,35.2,34.3,34.95,10571000,TCB
2025-12-25,34.95,35.8,34.0,34.0,10946100,TCB
2025-12-26,33.5,34.35,33.05,33.9,12160300,TCB
2025-12-29,33.95,34.45,33.8,34.05,6596700,TCB
2025-12-30,34.2,34.4,33.75,34.35,7265300,TCB
2025-12-31,34.8,34.9,34.25,34.9,9454000,TCB
2026-01-05,34.65,34.95,33.8,34.95,8187500,TCB
2026-01-06,34.95,36.0,34.2,36.0,25180300,TCB
2026-01-07,36.25,36.5,35.95,36.4,13319400,TCB
2026-01-08,36.5,36.65,35.5,36.0,21044200,TCB
2026-01-09,37.05,37.15,36.2,36.65,28290500,TCB
2026-01-12,36.7,38.0,36.45,38.0,23390400,TCB
2026-01-13,38.1,38.2,37.15,37.35,20065400,TCB
2026-01-14,37.2,37.3,36.0,36.5,24159300,TCB
2026-01-15,36.0,36.6,35.3,35.6,27274000,TCB
2026-01-16,35.65,36.35,35.6,35.8,9580800,TCB
2026-01-19,35.9,36.45,35.8,36.3,9996300,TCB
2026-01-20,36.35,36.6,35.65,35.95,15678200,TCB
2026-01-21,35.8,35.9,35.0,35.8,11159500,TCB
2026-01-22,35.85,36.25,35.65,36.0,8784900,TCB
2026-01-23,36.2,36.9,35.95,36.5,20704300,TCB
2026-01-26,36.7,36.7,35.65,35.65,9416700,TCB
2026-01-27,35.5,35.8,34.75,34.95,12126400,TCB
2026-01-28,35.0,35.3,34.35,34.5,11482000,TCB
2026-01-29,34.65,35.0,34.15,34.9,8593000,TCB
2026-01-30,34.85,35.9,34.8,35.9,11603200,TCB
2026-02-02,35.3,35.75,34.75,35.0,9657500,TCB
2026-02-03,35.6,35.6,34.7,34.7,14012600,TCB
2026-02-04,34.7,34.9,34.35,34.55,11708700,TCB
2026-02-05,34.95,35.1,34.75,34.85,10700200,TCB
2026-02-06,34.5,34.6,34.1,34.6,12492400,TCB
2026-02-09,35.0,35.0,34.5,34.75,7754700,TCB
2026-02-10,34.8,35.0,34.45,34.6,9951100,TCB
2026-02-11,34.7,35.35,34.6,35.3,11045000,TCB
2026-02-12,35.4,35.75,35.2,35.45,7542700,TCB
2026-02-13,35.2,35.5,35.2,35.45,6059700,TCB
2026-02-23,35.5,35.9,35.45,35.85,9141000,TCB
2026-02-24,35.85,35.9,35.75,35.8,10872100,TCB
2026-02-25,35.8,36.45,35.7,36.0,12384800,TCB
2026-02-26,36.1,36.45,36.0,36.45,9305800,TCB
2026-02-27,36.05,36.4,35.85,36.25,7958700,TCB
2026-03-02,35.8,35.8,34.65,34.65,17516400,TCB
2026-03-03,34.65,34.95,33.6,33.6,17273500,TCB
2026-03-04,33.5,33.7,31.8,32.5,30866600,TCB
2026-03-05,33.0,33.1,32.2,32.2,15754300,TCB
2026-03-06,32.1,32.1,31.35,31.45,14743000,TCB
2026-03-09,29.25,29.8,29.25,29.25,33386400,TCB
2026-03-10,30.8,30.8,29.75,30.3,18772700,TCB
2026-03-11,30.05,31.35,29.95,31.1,12998900,TCB
2026-03-12,30.55,31.0,29.9,30.0,18068400,TCB
2026-03-13,30.0,30.3,29.65,30.0,9833600,TCB
2026-03-16,30.0,30.45,30.0,30.2,8138100,TCB
2026-03-17,30.25,30.9,30.1,30.3,13156600,TCB
2026-03-18,30.5,30.8,30.15,30.3,6834600,TCB
2026-03-19,30.15,30.3,29.9,30.05,16386600,TCB
2026-03-20,30.0,30.1,29.85,29.85,7919000,TCB
2026-03-23,29.5,29.55,28.9,28.9,15397100,TCB
2026-03-24,29.3,29.85,29.15,29.85,9251700,TCB
2026-03-25,30.3,30.9,30.05,30.8,10014500,TCB
2026-03-26,30.7,30.7,30.15,30.15,7432100,TCB
2026-03-27,30.15,30.7,30.05,30.65,7624800,TCB
2026-03-30,30.05,30.5,29.75,30.5,6340300,TCB
2026-03-31,30.5,30.75,30.4,30.7,8861500,TCB
2026-04-01,31.35,31.35,30.8,30.8,8787500,TCB
2026-04-02,30.5,30.55,30.1,30.35,7864700,TCB
2026-04-03,30.4,30.5,29.75,29.75,8900100,TCB
2026-04-06,29.7,29.7,29.0,29.05,12541800,TCB
2026-04-07,29.25,29.3,28.35,28.7,15385300,TCB
2026-04-08,29.75,30.7,29.5,30.7,18128900,TCB
2026-04-09,30.95,31.6,30.6,30.9,20809500,TCB
2026-04-10,31.05,32.65,31.05,32.25,30690500,TCB
2026-04-13,31.5,32.15,31.5,31.9,10921700,TCB
2026-04-14,32.4,32.55,31.85,32.05,9838400,TCB
2026-04-15,32.4,32.55,31.85,31.85,12297700,TCB
2026-04-16,31.85,32.1,31.8,31.9,8572900,TCB
2026-04-17,32.15,32.45,32.0,32.25,12197000,TCB
2026-04-20,32.4,32.9,32.35,32.6,12615300,TCB
2018-01-02,13.92,14.73,13.75,14.73,2903770,BID
2018-01-03,14.73,14.76,14.45,14.62,2458110,BID
2018-01-04,14.62,15.11,14.48,15.03,4424190,BID
2018-01-05,15.0,15.03,14.7,14.94,1908830,BID
2018-01-08,15.11,15.38,14.94,15.19,2053870,BID
2018-01-09,15.19,15.24,14.18,14.94,4214750,BID
2018-01-10,14.94,15.41,14.89,14.97,2817750,BID
2018-01-11,15.0,15.14,14.82,15.05,1566970,BID
2018-01-12,14.85,15.03,14.78,14.85,2484840,BID
2018-01-15,14.76,15.11,14.59,14.89,1787190,BID
2018-01-16,14.91,15.22,14.85,15.11,2368450,BID
2018-01-17,14.73,15.33,14.73,14.73,2847680,BID
2018-01-18,14.51,14.78,14.34,14.78,1833010,BID
2018-01-19,14.83,14.89,14.51,14.67,3553540,BID
2018-01-22,14.67,15.61,14.65,15.52,5040120,BID
2018-01-25,15.87,16.59,15.71,16.59,7986250,BID
2018-01-26,17.73,17.73,17.18,17.73,5677170,BID
2018-01-29,18.0,18.96,18.0,18.87,4395390,BID
2018-01-30,17.92,19.63,17.92,19.63,3283230,BID
2018-01-31,20.28,20.32,18.65,18.65,1755870,BID
2018-02-01,18.81,18.85,17.95,18.39,1894280,BID
2018-02-02,18.16,18.71,18.06,18.39,1771520,BID
2018-02-05,18.11,18.22,17.1,17.1,2790640,BID
2018-02-06,15.93,16.79,15.93,15.93,3316700,BID
2018-02-07,17.02,17.02,16.37,17.02,2058050,BID
2018-02-08,17.02,17.89,17.02,17.56,2043470,BID
2018-02-09,16.37,18.0,16.34,17.61,1800170,BID
2018-02-12,18.0,18.85,17.73,18.85,2363270,BID
2018-02-13,19.85,19.91,19.1,19.31,2458380,BID
2018-02-21,19.63,20.65,19.42,20.4,2137010,BID
2018-02-22,20.18,21.06,20.04,20.08,2856780,BID
2018-02-23,20.18,20.46,19.58,20.23,3624350,BID
2018-02-26,20.67,21.13,20.4,20.79,3516600,BID
2018-02-27,20.79,21.16,20.51,20.81,2216610,BID
2018-02-28,20.67,21.55,20.54,21.27,4521850,BID
2018-03-01,21.06,21.6,20.46,20.62,2634150,BID
2018-03-02,20.18,20.73,20.13,20.62,2378830,BID
2018-03-05,20.87,20.95,19.2,19.2,2589100,BID
2018-03-06,19.63,20.54,19.33,20.54,2525060,BID
2018-03-07,20.73,20.79,20.13,20.46,2053190,BID
2018-03-08,20.46,20.73,20.18,20.28,1132070,BID
2018-03-09,20.46,20.73,20.18,20.32,2263330,BID
2018-03-12,21.12,21.27,20.73,21.06,2014660,BID
2018-03-13,21.06,21.38,20.73,21.38,1980080,BID
2018-03-14,21.71,21.71,21.21,21.27,1996080,BID
2018-03-15,21.27,22.75,21.12,22.75,3528060,BID
2018-03-16,23.07,23.73,22.8,23.34,2628200,BID
2018-03-19,23.46,23.51,22.47,22.75,2366180,BID
2018-03-20,22.47,23.51,22.36,23.18,1866550,BID
2018-03-21,23.73,23.89,23.24,23.73,1606790,BID
2018-03-22,23.73,24.28,23.59,24.16,2525390,BID
2018-03-23,23.73,23.79,22.58,23.1,3661530,BID
2018-03-26,22.92,24.49,22.92,24.49,1932890,BID
2018-03-27,25.09,25.42,24.05,24.05,2941390,BID
2018-03-28,23.99,24.41,23.67,24.3,1672540,BID
2018-03-29,24.3,24.38,23.89,23.99,896470,BID
2018-03-30,23.89,23.97,23.26,23.67,2211040,BID
2018-04-02,23.89,24.55,23.43,24.55,2610170,BID
2018-04-03,24.71,24.98,24.38,24.61,1340170,BID
2018-04-04,24.61,24.79,24.44,24.44,1511210,BID
2018-04-05,24.44,24.44,23.86,23.99,1744010,BID
2018-04-06,24.11,24.38,23.89,23.99,1469830,BID
2018-04-09,24.16,24.55,23.67,24.22,2724810,BID
2018-04-10,24.49,25.31,24.44,24.81,4181500,BID
2018-04-11,25.53,25.53,23.99,24.28,2384910,BID
2018-04-12,24.16,24.55,23.79,24.22,1816480,BID
2018-04-13,24.28,24.44,22.75,22.92,3369270,BID
2018-04-16,22.36,22.92,21.82,21.82,2207540,BID
2018-04-17,21.82,22.86,21.65,22.86,2516280,BID
2018-04-18,23.29,23.29,21.93,21.93,1196420,BID
2018-04-19,21.93,22.03,20.62,20.73,2755020,BID
2018-04-20,21.0,21.57,20.18,21.52,2415490,BID
2018-04-23,21.71,22.17,20.02,20.02,3210890,BID
2018-04-24,20.18,21.0,19.58,20.73,2503080,BID
2018-04-26,20.62,21.0,19.36,19.91,2207270,BID
2018-04-27,19.85,20.79,19.63,19.69,2026830,BID
2018-05-02,20.02,20.13,18.33,18.33,1868640,BID
2018-05-03,17.56,19.04,17.04,18.39,4169480,BID
2018-05-04,18.6,18.81,17.73,17.73,1599340,BID
2018-05-07,17.97,18.96,17.29,18.96,3558490,BID
2018-05-08,18.96,20.16,18.77,19.36,3013460,BID
2018-05-09,19.1,19.77,18.81,19.1,1843140,BID
2018-05-10,18.77,19.42,17.75,17.83,2834040,BID
2018-05-11,17.83,18.65,17.18,18.54,2116330,BID
2018-05-14,18.87,18.93,18.39,18.71,918220,BID
2018-05-15,18.71,19.1,18.54,18.87,2221560,BID
2018-05-16,18.6,18.71,18.08,18.11,1856760,BID
2018-05-17,18.11,18.28,17.83,18.0,1502680,BID
2018-05-18,18.0,18.22,16.91,17.97,2937450,BID
2018-05-21,17.97,17.97,17.18,17.18,2405890,BID
2018-05-22,16.91,17.12,15.98,15.98,3119620,BID
2018-05-23,15.71,16.63,15.69,16.61,1819230,BID
2018-05-24,16.63,16.77,16.06,16.18,1089040,BID
2018-05-25,16.28,16.42,15.11,15.11,2161610,BID
2018-05-28,14.78,14.83,14.07,14.07,3902270,BID
2018-05-29,14.45,15.05,14.07,15.05,2874020,BID
2018-05-30,15.28,15.55,14.91,15.05,2144210,BID
2018-05-31,14.89,16.03,14.89,15.95,3412580,BID
2018-06-01,15.81,16.74,15.71,16.2,3634920,BID
2018-06-04,15.81,16.69,15.49,16.63,4878280,BID
2018-06-05,16.53,17.02,16.14,16.59,3066250,BID
2018-06-06,16.61,17.35,16.26,17.35,2532640,BID
2018-06-07,17.35,17.56,17.02,17.02,3704890,BID
2018-06-08,17.02,17.29,16.79,17.18,2683390,BID
2018-06-11,16.96,17.43,16.91,16.91,2320290,BID
2018-06-12,16.53,16.63,15.73,16.14,4314510,BID
2018-06-13,16.14,16.37,15.89,16.18,1672030,BID
2018-06-14,16.2,16.31,15.44,15.44,3869180,BID
2018-06-15,15.28,15.81,15.16,15.81,2262000,BID
2018-06-18,15.81,15.84,14.83,14.89,2873220,BID
2018-06-19,14.62,14.73,13.86,14.62,5460120,BID
2018-06-20,14.78,15.28,14.53,15.28,2364060,BID
2018-06-21,15.05,15.28,14.51,14.62,2073850,BID
2018-06-22,14.2,15.08,14.2,15.0,2281830,BID
2018-06-25,15.3,15.63,15.22,15.38,1937980,BID
2018-06-26,15.0,15.33,14.89,15.16,1283390,BID
2018-06-27,15.16,15.38,14.62,14.62,1931320,BID
2018-06-28,14.4,14.62,14.07,14.12,3833920,BID
2018-06-29,14.18,14.57,14.01,14.18,2112720,BID
2018-07-02,13.92,14.18,13.28,13.5,3542250,BID
2018-07-03,13.53,13.72,12.57,12.57,4944960,BID
2018-07-04,12.57,12.63,11.98,12.49,4641640,BID
2018-07-05,12.3,12.57,11.61,11.78,3044050,BID
2018-07-06,11.67,12.6,11.37,12.6,5061910,BID
2018-07-09,12.88,13.3,12.69,12.71,5423120,BID
2018-07-10,12.93,13.28,12.77,12.9,3612750,BID
2018-07-11,12.44,12.55,12.0,12.06,5441810,BID
2018-07-12,12.22,12.88,12.03,12.55,2508790,BID
2018-07-13,12.82,13.09,12.71,12.82,3138160,BID
2018-07-16,13.09,13.3,12.93,13.17,2912010,BID
2018-07-17,12.88,13.72,12.88,13.59,3991770,BID
2018-07-18,13.64,14.29,13.59,14.26,4012340,BID
2018-07-19,14.18,14.29,13.92,14.07,3344910,BID
2018-07-20,13.86,14.12,13.53,13.86,4279270,BID
2018-07-23,13.86,14.29,13.53,13.53,3124370,BID
2018-07-24,13.47,13.92,13.09,13.53,2591310,BID
2018-07-25,13.64,13.72,12.88,12.88,2773760,BID
2018-07-26,12.88,13.14,12.69,13.14,2364560,BID
2018-07-27,13.14,13.61,13.09,13.53,2031060,BID
2018-07-30,13.75,14.34,13.64,14.34,3793610,BID
2018-07-31,14.29,14.7,14.1,14.34,5307160,BID
2018-08-01,14.34,14.62,14.18,14.34,3487790,BID
2018-08-02,14.18,14.29,13.8,14.29,3523250,BID
2018-08-03,14.51,14.57,14.34,14.48,2585620,BID
2018-08-06,14.51,15.05,14.2,14.65,3262290,BID
2018-08-07,14.34,15.11,14.34,14.97,3707270,BID
2018-08-08,15.0,15.93,15.0,15.93,4507240,BID
2018-08-09,16.09,16.26,15.71,15.73,3444030,BID
2018-08-10,15.61,16.31,15.55,16.31,4423770,BID
2018-08-13,16.2,16.83,16.14,16.63,3670180,BID
2018-08-14,16.63,16.71,16.31,16.37,2187220,BID
2018-08-15,16.63,16.74,15.61,15.98,4946070,BID
2018-08-16,15.79,16.39,15.28,16.37,5017400,BID
2018-08-17,16.69,17.29,16.42,16.96,4664800,BID
2018-08-20,16.91,17.35,16.79,17.12,3573200,BID
2018-08-21,16.91,18.0,16.91,18.0,4070460,BID
2018-08-22,18.11,18.39,17.67,17.73,4346680,BID
2018-08-23,17.83,18.28,17.56,18.03,3335590,BID
2018-08-24,17.78,18.3,17.78,18.22,2775350,BID
2018-08-27,18.39,18.6,18.25,18.54,2541980,BID
2018-08-28,18.71,18.71,18.16,18.39,2582530,BID
2018-08-29,18.39,18.6,18.3,18.36,2319810,BID
2018-08-30,18.33,19.04,18.28,19.04,3286300,BID
2018-08-31,18.98,19.1,18.71,18.77,2336200,BID
2018-09-04,18.54,18.54,17.56,17.73,4088990,BID
2018-09-05,17.56,18.2,17.53,18.06,3283340,BID
2018-09-06,18.06,18.11,17.67,17.87,1923190,BID
2018-09-07,17.73,18.62,17.73,18.48,3171020,BID
2018-09-10,18.43,18.81,18.28,18.54,3078830,BID
2018-09-11,18.54,19.31,18.48,19.26,4371130,BID
2018-09-12,19.36,19.42,18.96,18.96,2528070,BID
2018-09-13,19.2,19.36,18.81,19.1,2984670,BID
2018-09-14,19.26,19.36,18.93,19.01,1656240,BID
2018-09-17,18.93,19.15,18.65,18.65,2164200,BID
2018-09-18,18.43,19.26,18.28,19.23,4127500,BID
2018-09-19,19.36,19.61,19.2,19.26,2943070,BID
2018-09-20,19.26,19.5,19.01,19.36,2304800,BID
2018-09-21,19.47,19.5,18.9,19.26,4631020,BID
2018-09-24,19.26,19.42,19.01,19.04,2423940,BID
2018-09-25,18.96,19.42,18.87,19.1,1820120,BID
2018-09-26,19.06,19.33,19.04,19.04,1956500,BID
2018-09-27,19.1,19.12,18.9,18.9,2074090,BID
2018-09-28,19.04,19.44,18.93,19.2,2822910,BID
2018-10-01,19.2,19.36,18.87,18.96,1733190,BID
2018-10-02,18.98,19.85,18.81,19.75,5199330,BID
2018-10-03,19.8,20.04,19.75,19.99,2361360,BID
2018-10-04,20.02,20.08,19.8,20.04,1879790,BID
2018-10-05,19.85,19.96,19.36,19.36,2834960,BID
2018-10-08,19.2,19.75,19.04,19.63,3268360,BID
2018-10-09,19.69,19.91,19.52,19.69,1270140,BID
2018-10-10,19.75,19.75,19.2,19.29,2080020,BID
2018-10-11,18.06,18.71,17.95,17.95,6573500,BID
2018-10-12,18.0,18.62,17.45,18.43,2660970,BID
2018-10-15,18.54,18.54,17.78,17.78,1199560,BID
2018-10-16,17.78,18.28,17.78,18.28,1574440,BID
2018-10-17,18.54,18.98,18.52,18.87,2870340,BID
2018-10-18,18.77,19.18,18.43,18.87,3352560,BID
2018-10-19,18.54,18.96,18.43,18.87,2010830,BID
2018-10-22,19.1,19.33,18.93,19.1,3643590,BID
2018-10-23,18.98,19.2,18.28,19.04,3648830,BID
2018-10-24,19.04,19.1,17.78,17.78,2230710,BID
2018-10-25,16.56,17.45,16.56,17.02,4592300,BID
2018-10-26,17.45,17.61,16.69,16.69,1877950,BID
2018-10-29,16.63,16.79,15.71,15.76,2482950,BID
2018-10-30,15.55,16.2,15.05,15.05,3140410,BID
2018-10-31,15.55,16.09,15.38,16.09,1670350,BID
2018-11-01,17.16,17.18,16.53,16.56,2974110,BID
2018-11-02,16.91,17.69,16.79,17.69,3469490,BID
2018-11-05,17.45,17.89,17.24,17.89,1732340,BID
2018-11-06,18.0,18.08,17.37,17.45,1834970,BID
2018-11-07,17.45,17.92,17.41,17.69,2117240,BID
2018-11-08,18.28,18.28,17.67,17.69,1728670,BID
2018-11-09,17.56,17.73,17.26,17.29,1790150,BID
2018-11-12,16.96,17.69,16.96,17.56,1332890,BID
2018-11-13,17.07,17.32,16.91,16.91,2054350,BID
2018-11-14,16.91,17.18,16.37,16.37,1511410,BID
2018-11-15,16.37,17.35,16.31,16.91,1574190,BID
2018-11-16,17.18,17.69,17.18,17.56,2339880,BID
2018-11-19,17.56,17.75,17.45,17.56,1520580,BID
2018-11-20,17.16,17.45,17.16,17.29,1301980,BID
2018-11-21,17.02,17.56,16.99,17.45,1747970,BID
2018-11-22,17.56,17.69,17.35,17.37,1866110,BID
2018-11-23,17.35,17.51,17.24,17.29,1340870,BID
2018-11-26,17.12,17.43,17.12,17.26,790910,BID
2018-11-27,17.41,17.45,16.91,17.16,1382030,BID
2018-11-28,17.16,17.26,17.07,17.21,764130,BID
2018-11-29,17.21,17.45,17.04,17.04,2480990,BID
2018-11-30,16.69,17.35,16.69,17.12,2611400,BID
2018-12-03,17.45,18.3,17.35,18.3,3464870,BID
2018-12-04,18.3,18.6,18.11,18.22,2374250,BID
2018-12-05,18.0,18.57,17.89,18.46,2574670,BID
2018-12-06,18.39,18.46,18.11,18.39,1984110,BID
2018-12-07,18.43,18.77,18.36,18.39,1220210,BID
2018-12-10,18.39,18.6,18.14,18.39,1556580,BID
2018-12-11,18.39,18.46,18.22,18.3,1148790,BID
2018-12-12,18.39,18.9,18.22,18.9,2225990,BID
2018-12-13,19.06,19.06,18.71,18.71,1610470,BID
2018-12-14,18.65,18.98,18.43,18.48,1214630,BID
2018-12-17,18.25,18.57,18.11,18.11,2272850,BID
2018-12-18,17.83,18.36,17.73,18.36,2348370,BID
2018-12-19,18.36,18.52,18.16,18.16,1314340,BID
2018-12-20,18.28,18.68,18.22,18.52,1635620,BID
2018-12-21,18.43,18.57,18.22,18.54,706310,BID
2018-12-24,18.54,18.96,18.43,18.54,1857900,BID
2018-12-25,18.11,18.41,17.29,17.87,1827680,BID
2018-12-26,17.87,18.25,17.75,17.78,1036860,BID
2018-12-27,18.43,18.79,18.3,18.54,1643520,BID
2018-12-28,18.43,18.77,18.36,18.77,2131820,BID
2019-01-02,18.77,18.77,18.25,18.28,805700,BID
2019-01-03,18.28,18.43,17.45,17.45,1107500,BID
2019-01-04,17.18,17.43,16.79,17.21,1457300,BID
2019-01-07,17.45,18.0,17.45,17.61,806060,BID
2019-01-08,17.78,17.78,17.41,17.45,558540,BID
2019-01-09,17.61,18.03,17.51,18.0,1075730,BID
2019-01-10,18.0,18.06,17.73,17.73,410690,BID
2019-01-11,17.73,17.89,17.37,17.41,941940,BID
2019-01-14,17.41,17.64,17.16,17.41,755920,BID
2019-01-15,17.32,17.89,17.32,17.73,580710,BID
2019-01-16,17.83,17.87,17.56,17.56,363680,BID
2019-01-17,17.56,17.67,17.41,17.43,297560,BID
2019-01-18,17.43,17.61,17.26,17.29,509140,BID
2019-01-21,17.45,18.2,17.29,17.92,1207560,BID
2019-01-22,17.95,18.06,17.83,17.87,563940,BID
2019-01-23,17.67,17.92,17.51,17.83,457760,BID
2019-01-24,17.75,17.92,17.73,17.73,579540,BID
2019-01-25,17.83,17.83,17.45,17.49,570980,BID
2019-01-28,17.49,17.64,17.35,17.41,545190,BID
2019-01-29,17.41,17.41,17.21,17.29,635890,BID
2019-01-30,17.41,17.59,17.24,17.29,429410,BID
2019-01-31,17.56,17.56,17.18,17.18,678130,BID
2019-02-01,17.16,17.37,17.12,17.24,537050,BID
2019-02-11,17.37,17.59,17.35,17.43,631710,BID
2019-02-12,17.49,17.83,17.49,17.69,1395780,BID
2019-02-13,17.75,17.78,17.59,17.73,1557810,BID
2019-02-14,17.73,17.75,17.64,17.67,1018550,BID
2019-02-15,17.64,18.43,17.51,18.08,1622530,BID
2019-02-18,18.28,18.39,18.11,18.28,955540,BID
2019-02-19,18.28,18.41,17.95,17.95,1143130,BID
2019-02-20,17.89,19.04,17.81,18.54,2361110,BID
2019-02-21,18.68,18.9,18.54,18.68,2157870,BID
2019-02-22,18.65,18.93,18.54,18.54,1459730,BID
2019-02-25,18.81,18.81,18.39,18.54,1687500,BID
2019-02-26,18.39,18.54,18.28,18.33,1409740,BID
2019-02-27,18.33,18.52,18.28,18.33,749060,BID
2019-02-28,18.33,18.41,17.73,17.73,1793480,BID
2019-03-01,17.78,18.06,17.78,17.92,1153130,BID
2019-03-04,18.06,18.41,18.0,18.33,918340,BID
2019-03-05,18.11,19.26,18.11,18.87,4215640,BID
2019-03-06,18.87,19.04,18.77,18.96,1601660,BID
2019-03-07,19.1,19.23,18.93,19.04,1702650,BID
2019-03-08,18.79,18.93,18.48,18.54,1808960,BID
2019-03-11,18.6,18.6,18.25,18.36,1137250,BID
2019-03-12,18.6,19.36,18.43,19.36,1690500,BID
2019-03-13,19.26,19.61,19.2,19.42,2860920,BID
2019-03-14,19.42,20.02,19.2,19.75,2651040,BID
2019-03-15,19.75,20.46,19.58,20.28,3180240,BID
2019-03-18,20.28,20.51,20.13,20.34,2925810,BID
2019-03-19,20.26,20.34,19.91,19.96,2819110,BID
2019-03-20,19.71,19.91,19.36,19.69,2700620,BID
2019-03-21,19.77,19.99,18.98,18.98,2239650,BID
2019-03-22,19.31,19.47,18.98,19.15,1877120,BID
2019-03-25,18.6,19.1,18.28,18.81,2092900,BID
2019-03-26,19.04,19.15,18.65,18.71,1042090,BID
2019-03-27,19.01,19.15,18.71,19.04,1236550,BID
2019-03-28,18.79,19.55,18.79,19.42,2196570,BID
2019-03-29,19.42,19.63,19.42,19.52,1654790,BID
2019-04-01,19.52,19.8,19.26,19.36,909820,BID
2019-04-02,19.63,19.63,18.98,18.98,1453530,BID
2019-04-03,18.98,19.69,18.79,19.47,1895710,BID
2019-04-04,19.63,19.63,19.18,19.26,1058540,BID
2019-04-05,19.26,19.47,18.98,19.12,737650,BID
2019-04-08,18.98,19.38,18.98,19.36,1042660,BID
2019-04-09,19.36,19.75,19.36,19.5,2081540,BID
2019-04-10,19.5,19.52,19.2,19.2,522520,BID
2019-04-11,19.26,19.36,19.06,19.18,643960,BID
2019-04-12,19.15,19.2,18.93,18.96,894410,BID
2019-04-16,18.87,19.42,18.65,19.36,1404520,BID
2019-04-17,19.36,19.36,18.98,18.98,852450,BID
2019-04-18,18.98,19.31,18.9,18.98,1016060,BID
2019-04-19,18.98,19.2,18.93,19.01,293870,BID
2019-04-22,19.01,19.01,18.52,18.65,687460,BID
2019-04-23,18.87,18.87,18.52,18.65,1005740,BID
2019-04-24,18.81,18.98,18.71,18.87,538100,BID
2019-04-25,18.87,19.1,18.81,18.81,464620,BID
2019-04-26,18.81,19.04,18.81,18.98,484200,BID
2019-05-02,19.1,19.1,18.81,18.81,483460,BID
2019-05-03,18.81,18.98,18.65,18.65,555330,BID
2019-05-06,18.36,18.48,18.0,18.06,1220260,BID
2019-05-07,18.16,18.48,17.95,18.06,949150,BID
2019-05-08,17.83,18.0,17.64,17.64,1127910,BID
2019-05-09,17.81,17.89,16.91,16.96,1937960,BID
2019-05-10,17.18,17.56,17.12,17.45,1098030,BID
2019-05-13,17.45,17.89,17.45,17.83,778440,BID
2019-05-14,17.69,17.78,17.45,17.67,1091640,BID
2019-05-15,17.78,18.06,17.61,17.95,1460060,BID
2019-05-16,17.97,18.0,17.69,17.78,776200,BID
2019-05-17,17.83,17.83,17.45,17.53,938600,BID
2019-05-20,17.51,17.95,17.51,17.83,960860,BID
2019-05-21,17.83,18.14,17.78,18.03,1716340,BID
2019-05-22,18.11,18.33,18.03,18.11,1262730,BID
2019-05-23,18.0,18.22,17.78,18.22,795270,BID
2019-05-24,18.06,18.14,17.73,17.73,1510920,BID
2019-05-27,17.73,17.83,17.67,17.78,526030,BID
2019-05-28,17.73,17.89,17.53,17.61,881610,BID
2019-05-29,17.61,17.69,17.43,17.45,896960,BID
2019-05-30,17.56,17.61,17.35,17.35,671830,BID
2019-05-31,17.26,17.41,17.16,17.18,914150,BID
2019-06-03,17.12,17.18,16.69,16.69,1299050,BID
2019-06-04,16.69,17.45,16.66,17.45,867040,BID
2019-06-05,17.45,17.56,17.12,17.12,482730,BID
2019-06-06,17.12,17.29,16.85,17.07,329600,BID
2019-06-07,17.07,17.29,17.07,17.29,459310,BID
2019-06-10,17.35,17.51,17.29,17.29,471530,BID
2019-06-11,17.35,17.45,17.24,17.41,584390,BID
2019-06-12,17.29,17.41,17.16,17.18,351310,BID
2019-06-13,17.12,17.32,17.12,17.18,289140,BID
2019-06-14,17.29,17.59,17.18,17.53,1589620,BID
2019-06-17,17.56,17.75,17.43,17.51,693710,BID
2019-06-18,17.41,17.51,17.29,17.45,273680,BID
2019-06-19,17.45,17.67,17.43,17.45,461820,BID
2019-06-20,17.45,17.83,17.41,17.81,1142380,BID
2019-06-21,17.83,17.97,17.69,17.73,501660,BID
2019-06-24,17.81,18.0,17.67,17.78,750120,BID
2019-06-25,17.78,17.83,17.51,17.51,734450,BID
2019-06-26,17.45,17.75,17.41,17.73,1052510,BID
2019-06-27,17.69,17.69,17.45,17.45,664820,BID
2019-06-28,17.45,17.56,17.12,17.29,653190,BID
2019-07-01,17.56,17.73,17.51,17.64,550440,BID
2019-07-02,17.51,17.67,17.49,17.49,454740,BID
2019-07-03,17.45,17.67,17.45,17.51,409880,BID
2019-07-04,17.67,17.92,17.56,17.89,1147150,BID
2019-07-05,17.81,18.11,17.78,17.89,1204780,BID
2019-07-08,17.95,17.95,17.67,17.75,564180,BID
2019-07-09,17.67,17.83,17.67,17.78,403680,BID
2019-07-10,17.78,17.92,17.67,17.67,699090,BID
2019-07-11,17.78,18.28,17.67,18.25,2461040,BID
2019-07-12,18.28,18.43,18.16,18.22,1417000,BID
2019-07-15,18.16,18.28,18.14,18.16,913470,BID
2019-07-16,18.25,18.85,18.25,18.85,3287930,BID
2019-07-17,18.81,19.04,18.68,18.85,1551860,BID
2019-07-18,18.79,18.93,18.65,18.93,1442460,BID
2019-07-19,19.1,19.31,18.93,19.04,1713010,BID
2019-07-22,19.2,19.61,19.1,19.5,2863060,BID
2019-07-23,19.5,19.5,18.93,19.23,2132860,BID
2019-07-24,19.31,19.31,18.65,18.79,1886280,BID
2019-07-25,18.71,19.2,18.71,19.2,1316210,BID
2019-07-26,19.1,19.58,19.1,19.52,2184360,BID
2019-07-29,19.47,19.52,19.26,19.52,1351320,BID
2019-07-30,19.42,19.42,19.06,19.1,1623110,BID
2019-07-31,19.1,19.36,18.93,19.36,933640,BID
2019-08-01,19.36,19.36,19.12,19.33,744670,BID
2019-08-02,19.1,19.63,19.04,19.52,1824090,BID
2019-08-05,19.36,19.52,19.33,19.52,1969000,BID
2019-08-06,18.81,19.44,18.81,19.2,1229640,BID
2019-08-07,19.29,19.36,18.93,18.93,1081380,BID
2019-08-08,18.93,19.18,18.9,18.93,908980,BID
2019-08-09,19.1,19.1,18.65,18.93,997910,BID
2019-08-12,19.01,19.31,18.57,19.29,1373320,BID
2019-08-13,19.12,19.31,18.96,19.04,817060,BID
2019-08-14,19.26,19.31,18.96,19.15,520650,BID
2019-08-15,18.81,19.15,18.81,19.15,551130,BID
2019-08-16,19.1,20.02,19.04,19.63,3237040,BID
2019-08-19,19.91,20.18,19.8,20.02,1132960,BID
2019-08-20,20.16,20.16,19.94,20.08,800200,BID
2019-08-21,19.91,20.87,19.91,20.65,2691400,BID
2019-08-22,20.73,20.79,20.46,20.51,1618940,BID
2019-08-23,20.62,20.62,20.26,20.48,977030,BID
2019-08-26,20.13,20.65,19.96,20.65,1806980,BID
2019-08-27,20.89,20.95,20.46,20.46,1170790,BID
2019-08-28,20.46,20.73,20.4,20.51,932680,BID
2019-08-29,20.51,20.67,20.37,20.67,1330160,BID
2019-08-30,20.84,21.16,20.7,21.13,2186980,BID
2019-09-03,21.16,21.32,21.08,21.12,830420,BID
2019-09-04,21.12,21.16,20.73,21.06,921560,BID
2019-09-05,21.16,21.3,21.0,21.0,939140,BID
2019-09-06,21.0,21.0,20.48,20.73,1528000,BID
2019-09-09,20.73,20.79,20.59,20.79,801830,BID
2019-09-10,20.7,21.06,20.62,20.89,1003930,BID
2019-09-11,20.73,20.95,20.7,20.84,519270,BID
2019-09-12,20.92,21.13,20.73,21.08,1763420,BID
2019-09-13,21.19,21.74,21.06,21.74,2303060,BID
2019-09-16,21.74,22.25,21.71,21.82,1250810,BID
2019-09-17,21.65,22.36,21.49,22.36,1566850,BID
2019-09-18,22.3,22.5,22.11,22.44,1630310,BID
2019-09-19,22.47,22.5,22.22,22.25,1029490,BID
2019-09-20,22.25,22.42,21.71,21.82,2204400,BID
2019-09-23,21.65,22.09,21.6,21.63,1089550,BID
2019-09-24,21.71,21.82,21.52,21.52,821180,BID
2019-09-25,21.4,21.77,21.21,21.77,1445080,BID
2019-09-26,21.77,22.2,21.77,21.9,888310,BID
2019-09-27,21.98,22.03,21.85,21.96,876890,BID
2019-09-30,21.93,22.17,21.49,21.49,1429150,BID
2019-10-01,21.49,21.82,21.49,21.82,862420,BID
2019-10-02,21.82,22.25,21.79,21.93,1505190,BID
2019-10-03,21.71,22.5,21.69,22.5,1939160,BID
2019-10-04,22.53,22.72,22.09,22.09,884430,BID
2019-10-07,22.3,22.3,21.82,22.03,807180,BID
2019-10-08,22.03,22.42,21.88,22.42,650420,BID
2019-10-09,22.42,22.8,22.25,22.5,1415560,BID
2019-10-10,22.5,22.75,22.36,22.36,1054690,BID
2019-10-11,22.36,22.47,22.2,22.25,552640,BID
2019-10-14,22.36,22.88,22.28,22.44,1381960,BID
2019-10-15,22.36,22.67,22.36,22.58,631810,BID
2019-10-16,22.58,22.72,22.44,22.44,650130,BID
2019-10-17,22.55,22.55,22.25,22.25,801110,BID
2019-10-18,22.25,22.25,21.82,21.88,1225560,BID
2019-10-21,21.65,21.82,21.44,21.44,1281520,BID
2019-10-22,21.44,21.82,21.44,21.82,566150,BID
2019-10-23,21.82,21.98,21.74,21.88,455760,BID
2019-10-24,21.88,22.09,21.69,21.98,513170,BID
2019-10-25,21.82,22.11,21.71,21.93,968770,BID
2019-10-28,22.42,22.47,22.14,22.14,800080,BID
2019-10-29,22.3,22.3,21.82,22.14,921380,BID
2019-10-30,22.09,22.25,21.9,21.93,760410,BID
2019-10-31,21.93,22.2,21.85,22.14,777680,BID
2019-11-01,22.09,22.42,21.98,22.36,1180640,BID
2019-11-04,22.42,23.15,22.42,23.01,1744250,BID
2019-11-05,23.07,23.18,22.99,23.18,898400,BID
2019-11-06,23.1,23.29,23.01,23.01,821030,BID
2019-11-07,23.3,23.58,23.01,23.47,1105060,BID
2019-11-08,23.58,23.7,23.24,23.3,729880,BID
2019-11-11,23.27,23.64,23.19,23.3,724450,BID
2019-11-12,23.36,23.81,23.3,23.76,1499510,BID
2019-11-13,23.81,24.2,23.81,24.2,1804440,BID
2019-11-14,24.26,24.26,23.76,23.97,811080,BID
2019-11-15,24.06,24.09,23.7,23.7,627650,BID
2019-11-18,23.58,23.81,23.27,23.3,958470,BID
2019-11-19,23.3,23.53,23.19,23.5,676040,BID
2019-11-20,23.64,23.64,23.27,23.44,246520,BID
2019-11-21,23.41,23.53,23.21,23.24,611690,BID
2019-11-22,23.41,23.41,22.45,22.68,1041320,BID
2019-11-25,22.68,22.91,22.28,22.39,822450,BID
2019-11-26,22.74,22.88,22.45,22.57,406540,BID
2019-11-27,22.63,23.36,22.63,23.01,1060810,BID
2019-11-28,23.13,23.13,22.82,22.93,396280,BID
2019-11-29,22.85,23.07,22.85,22.85,391620,BID
2019-12-02,22.74,22.74,22.23,22.23,702050,BID
2019-12-03,22.23,22.59,22.01,22.39,786830,BID
2019-12-04,22.39,22.88,22.34,22.77,352310,BID
2019-12-05,22.88,22.91,22.37,22.57,393640,BID
2019-12-06,22.39,22.68,22.31,22.37,374930,BID
2019-12-09,22.57,22.57,22.37,22.57,358570,BID
2019-12-10,22.57,22.77,22.43,22.51,415660,BID
2019-12-11,22.51,22.63,22.45,22.63,280130,BID
2019-12-12,22.91,23.13,22.68,23.13,724090,BID
2019-12-13,23.13,23.67,23.13,23.64,1426060,BID
2019-12-16,23.81,23.83,23.41,23.64,841690,BID
2019-12-17,23.58,23.64,23.3,23.38,580480,BID
2019-12-18,23.19,24.0,23.19,23.7,1478200,BID
2019-12-19,23.76,23.94,23.36,23.81,702550,BID
2019-12-20,23.7,24.14,23.7,24.12,712940,BID
2019-12-23,24.12,25.36,24.12,25.25,2442660,BID
2019-12-24,25.13,25.47,24.99,25.33,741520,BID
2019-12-25,24.88,25.53,24.88,25.51,585450,BID
2019-12-26,25.42,25.59,24.93,24.93,525840,BID
2019-12-27,24.93,26.07,24.82,26.07,1098010,BID
2019-12-30,26.12,26.59,25.95,26.01,872650,BID
2019-12-31,26.07,26.24,25.89,26.03,630410,BID
2020-01-02,25.95,26.63,25.89,26.46,872620,BID
2020-01-03,26.71,26.8,26.35,26.35,603940,BID
2020-01-06,26.35,26.35,25.83,25.83,794490,BID
2020-01-07,25.83,26.35,25.51,26.35,526890,BID
2020-01-08,25.95,27.02,25.83,26.57,1230830,BID
2020-01-09,26.94,28.15,26.86,28.01,1573190,BID
2020-01-10,28.01,29.33,27.99,28.94,1506410,BID
2020-01-13,28.15,29.06,27.93,28.27,544740,BID
2020-01-14,28.27,29.06,28.15,28.27,752200,BID
2020-01-15,28.15,28.94,28.15,28.77,695290,BID
2020-01-16,28.77,30.52,28.77,30.46,1004080,BID
2020-01-17,30.52,30.81,29.96,30.18,643490,BID
2020-01-20,30.18,30.58,30.02,30.07,761650,BID
2020-01-21,30.07,30.75,30.07,30.46,609600,BID
2020-01-22,30.46,31.48,30.35,31.31,781390,BID
2020-01-30,30.75,30.97,29.33,29.74,1388710,BID
2020-01-31,29.5,30.24,29.06,29.06,1154570,BID
2020-02-03,28.09,31.02,27.02,30.18,1562560,BID
2020-02-04,30.69,30.87,30.24,30.69,1406270,BID
2020-02-05,30.97,31.14,30.18,30.18,718710,BID
2020-02-06,30.12,30.52,29.9,30.02,1469930,BID
2020-02-07,29.74,30.07,29.12,29.18,1501140,BID
2020-02-10,28.71,28.89,27.7,27.7,1111680,BID
2020-02-11,27.7,29.0,27.7,28.66,917080,BID
2020-02-12,29.06,29.22,28.6,28.66,704550,BID
2020-02-13,28.6,28.77,28.15,28.43,578820,BID
2020-02-14,28.27,28.55,28.21,28.21,627040,BID
2020-02-17,28.32,29.06,28.27,29.06,863730,BID
2020-02-18,29.27,29.68,29.06,29.33,879430,BID
2020-02-19,29.33,29.39,28.89,28.94,372250,BID
2020-02-20,29.27,29.33,28.89,28.94,552810,BID
2020-02-21,28.94,28.94,27.5,27.93,2619020,BID
2020-02-24,27.2,27.52,26.12,26.12,1081210,BID
2020-02-25,25.39,27.52,25.39,27.52,878610,BID
2020-02-26,26.86,27.25,26.44,26.52,626350,BID
2020-02-27,26.52,26.91,26.21,26.57,722680,BID
2020-02-28,25.95,26.18,25.42,25.67,972320,BID
2020-03-02,25.89,25.89,25.39,25.47,568290,BID
2020-03-03,26.4,26.94,25.78,26.46,1016900,BID
2020-03-04,26.52,26.52,25.89,26.03,658350,BID
2020-03-05,26.26,26.65,26.24,26.32,872610,BID
2020-03-06,25.67,26.59,25.67,26.44,555990,BID
2020-03-09,24.66,25.22,24.6,24.6,944020,BID
2020-03-10,23.97,24.82,23.3,23.92,1366220,BID
2020-03-11,24.55,24.55,22.25,22.25,1522030,BID
2020-03-12,20.74,21.26,20.7,20.7,1531140,BID
2020-03-13,19.27,20.7,19.27,19.75,2330290,BID
2020-03-16,19.75,20.27,18.37,18.5,2191590,BID
2020-03-17,17.26,19.13,17.26,19.07,1774340,BID
2020-03-18,19.19,20.03,19.15,19.49,1743970,BID
2020-03-19,19.15,19.3,18.48,18.84,906470,BID
2020-03-20,18.96,19.21,18.56,18.67,771320,BID
2020-03-23,17.5,18.0,17.38,17.38,2728710,BID
2020-03-24,17.5,18.02,17.32,17.82,1227020,BID
2020-03-25,18.84,18.87,18.5,18.73,1611980,BID
2020-03-26,18.62,19.3,18.14,18.78,1148580,BID
2020-03-27,18.67,19.05,18.28,18.62,1128210,BID
2020-03-30,17.5,18.0,17.32,17.44,1369430,BID
2020-03-31,18.06,18.14,16.64,17.41,1018770,BID
2020-04-01,17.44,18.62,17.38,18.11,1190960,BID
2020-04-03,18.4,19.35,18.4,19.35,1547020,BID
2020-04-06,20.14,20.7,19.8,20.7,1881640,BID
2020-04-07,21.15,21.26,20.31,20.88,1793050,BID
2020-04-08,20.2,21.44,19.8,21.4,1456160,BID
2020-04-09,21.4,21.78,21.24,21.26,1349000,BID
2020-04-10,21.05,21.32,20.7,20.82,1198580,BID
2020-04-13,20.7,21.26,20.65,20.96,1056950,BID
2020-04-14,20.9,21.18,20.2,20.59,1220360,BID
2020-04-15,20.7,21.26,20.7,21.05,1107070,BID
2020-04-16,20.99,21.05,20.74,21.05,1210270,BID
2020-04-17,21.36,21.55,20.99,21.1,1151710,BID
2020-04-20,21.38,21.44,20.84,20.94,1371830,BID
2020-04-21,20.31,20.76,19.57,19.57,2238980,BID
2020-04-22,18.67,20.9,18.67,20.42,1413800,BID
2020-04-23,20.88,20.99,20.37,20.42,789930,BID
2020-04-24,20.56,20.56,19.92,20.31,592910,BID
2020-04-27,20.42,20.53,19.8,19.8,1205680,BID
2020-04-28,19.8,20.2,19.46,19.83,589490,BID
2020-04-29,20.09,20.25,19.75,20.09,595490,BID
2020-05-04,20.09,20.53,19.8,19.92,655630,BID
2020-05-05,19.92,20.2,19.86,19.92,427650,BID
2020-05-06,20.0,20.31,19.92,20.31,739320,BID
2020-05-07,20.48,21.21,20.48,21.18,2524450,BID
2020-05-08,21.4,22.17,21.18,21.44,2563570,BID
2020-05-11,21.72,22.01,21.4,21.72,1209730,BID
2020-05-12,21.61,21.81,21.4,21.75,1645960,BID
2020-05-13,21.61,22.45,21.32,22.34,2725900,BID
2020-05-14,22.01,22.85,22.01,22.39,1994890,BID
2020-05-15,22.45,22.63,21.66,21.78,1909780,BID
2020-05-18,21.69,21.95,21.44,21.95,1864370,BID
2020-05-19,22.51,22.51,21.95,22.06,1686240,BID
2020-05-20,22.01,22.17,21.72,22.08,900670,BID
2020-05-21,22.28,22.65,22.25,22.39,2474770,BID
2020-05-22,22.39,22.57,22.17,22.17,1140830,BID
2020-05-25,22.17,22.45,22.01,22.37,888300,BID
2020-05-26,22.43,23.7,22.43,23.7,2954120,BID
2020-05-27,24.12,24.12,22.45,22.45,2293240,BID
2020-05-28,22.57,23.1,22.45,22.95,1913890,BID
2020-05-29,22.8,22.85,22.45,22.63,1669730,BID
2020-06-01,22.74,23.44,22.71,23.38,1104330,BID
2020-06-02,23.41,23.64,22.85,22.88,1496600,BID
2020-06-03,23.07,23.24,22.85,23.13,896130,BID
2020-06-04,23.24,23.86,23.19,23.58,2013380,BID
2020-06-05,23.58,23.81,23.27,23.76,1216160,BID
2020-06-08,24.09,24.82,23.97,24.82,2487930,BID
2020-06-09,24.88,24.88,24.43,24.46,1119590,BID
2020-06-10,24.32,24.88,23.97,24.55,1297400,BID
2020-06-11,24.55,24.66,22.85,22.85,2386670,BID
2020-06-12,22.28,23.97,22.28,23.97,1913590,BID
2020-06-15,23.86,23.86,22.51,22.51,1503480,BID
2020-06-16,23.41,23.47,22.85,22.95,958780,BID
2020-06-17,22.95,23.19,22.49,22.74,817560,BID
2020-06-18,22.74,22.91,22.57,22.85,629450,BID
2020-06-19,23.24,23.38,22.95,23.38,720420,BID
2020-06-22,23.41,23.62,23.01,23.3,622920,BID
2020-06-23,23.15,23.33,22.85,22.95,1110100,BID
2020-06-24,22.95,23.24,22.68,22.74,692090,BID
2020-06-25,22.57,22.71,22.45,22.57,791820,BID
2020-06-26,23.07,23.07,22.39,22.51,717380,BID
2020-06-29,22.17,22.28,21.66,21.72,1334210,BID
2020-06-30,22.01,22.02,21.32,21.38,862060,BID
2020-07-01,21.38,22.23,21.38,22.11,769310,BID
2020-07-02,22.25,22.25,21.83,22.01,501500,BID
2020-07-03,22.14,22.17,21.89,22.06,547350,BID
2020-07-06,22.23,22.68,22.06,22.63,757690,BID
2020-07-07,22.8,23.05,22.71,22.91,1097570,BID
2020-07-08,22.85,22.95,22.57,22.88,768660,BID
2020-07-09,22.88,23.64,22.88,23.47,1531780,BID
2020-07-10,23.24,23.5,22.99,23.41,1030790,BID
2020-07-13,23.5,23.62,23.13,23.3,1039520,BID
2020-07-14,23.05,23.3,22.95,23.27,990800,BID
2020-07-15,23.53,23.53,23.3,23.33,690440,BID
2020-07-16,23.33,23.36,23.13,23.33,473290,BID
2020-07-17,23.36,23.62,23.36,23.47,1343600,BID
2020-07-20,23.53,23.56,23.01,23.01,832370,BID
2020-07-21,23.13,23.13,22.77,23.01,374580,BID
2020-07-22,23.13,23.13,22.28,22.57,750600,BID
2020-07-23,22.57,22.82,22.37,22.49,764300,BID
2020-07-24,22.49,22.49,21.3,21.55,1807770,BID
2020-07-27,20.31,21.32,20.06,20.06,1545430,BID
2020-07-28,20.31,21.36,20.31,21.36,1193550,BID
2020-07-29,20.76,20.99,20.2,20.84,725660,BID
2020-07-30,21.15,21.15,20.31,20.99,419920,BID
2020-07-31,20.31,21.02,20.31,20.68,479890,BID
2020-08-03,20.48,21.08,20.48,20.99,646640,BID
2020-08-04,21.44,21.44,21.15,21.38,494030,BID
2020-08-05,21.32,22.01,21.21,21.87,911970,BID
2020-08-06,21.81,21.95,21.55,21.58,597260,BID
2020-08-07,21.58,21.78,21.4,21.5,532060,BID
2020-08-10,21.69,21.83,21.5,21.5,534820,BID
2020-08-11,21.64,21.78,21.5,21.72,780760,BID
2020-08-12,21.78,22.2,21.78,22.11,963310,BID
2020-08-13,22.28,22.39,22.17,22.37,673490,BID
2020-08-14,22.2,22.34,21.89,22.01,985710,BID
2020-08-17,21.95,22.01,21.69,21.83,631010,BID
2020-08-18,22.01,22.01,21.66,21.66,663290,BID
2020-08-19,21.66,21.93,21.66,21.78,346360,BID
2020-08-20,21.78,21.93,21.58,21.58,859310,BID
2020-08-21,21.66,22.14,21.66,21.97,1098410,BID
2020-08-24,22.28,22.51,22.11,22.37,940780,BID
2020-08-25,22.51,22.57,22.23,22.28,886570,BID
2020-08-26,22.28,22.28,22.17,22.2,831700,BID
2020-08-27,22.17,22.23,22.01,22.06,1095260,BID
2020-08-28,22.28,23.13,22.17,22.88,3032570,BID
2020-08-31,22.91,23.3,22.88,23.1,2006450,BID
2020-09-01,22.85,23.36,22.8,23.36,2124220,BID
2020-09-03,23.41,23.81,23.24,23.81,2666170,BID
2020-09-04,23.3,23.86,23.27,23.76,2001840,BID
2020-09-07,23.81,23.81,22.91,22.91,2246440,BID
2020-09-08,23.01,23.13,22.59,23.05,1261510,BID
2020-09-09,22.68,23.1,22.63,23.01,804160,BID
2020-09-10,23.19,23.21,22.85,22.85,846810,BID
2020-09-11,22.85,22.93,22.71,22.82,773230,BID
2020-09-14,22.88,23.01,22.82,22.85,931340,BID
2020-09-15,22.95,23.24,22.8,22.99,1109810,BID
2020-09-16,23.07,23.07,22.82,22.88,546300,BID
2020-09-17,22.95,23.19,22.74,22.85,1520660,BID
2020-09-18,22.91,23.13,22.85,23.13,1401990,BID
2020-09-21,23.24,23.41,22.95,23.01,1006520,BID
2020-09-22,22.95,23.07,22.82,22.95,1160730,BID
2020-09-23,23.01,23.64,23.01,23.36,2105880,BID
2020-09-24,23.24,23.44,23.01,23.07,1523780,BID
2020-09-25,23.13,23.19,22.88,23.01,1334760,BID
2020-09-28,23.15,23.53,23.01,23.3,1952000,BID
2020-09-29,23.41,23.67,22.91,22.93,2022020,BID
2020-09-30,22.95,23.07,22.85,23.01,933550,BID
2020-10-01,23.01,23.21,23.01,23.1,1157830,BID
2020-10-02,23.13,23.38,21.72,22.93,1758990,BID
2020-10-05,23.13,23.13,22.68,22.8,1567920,BID
2020-10-06,22.88,23.01,22.74,22.82,1507790,BID
2020-10-07,22.8,23.07,22.74,22.82,1177720,BID
2020-10-08,22.91,22.93,22.45,22.8,1893390,BID
2020-10-09,22.74,22.85,22.63,22.77,849330,BID
2020-10-12,23.47,23.67,22.95,23.1,3533550,BID
2020-10-13,23.13,23.62,22.91,23.27,1980740,BID
2020-10-14,23.58,24.23,23.41,24.2,6821050,BID
2020-10-15,24.52,24.52,23.81,23.83,2957800,BID
2020-10-16,23.83,24.37,23.58,23.81,2411650,BID
2020-10-19,23.94,23.94,23.53,23.64,2690250,BID
2020-10-20,23.41,23.97,23.41,23.7,1923390,BID
2020-10-21,23.92,24.55,23.78,23.89,3019940,BID
2020-10-22,23.86,24.23,23.64,24.23,1733020,BID
2020-10-23,24.49,24.49,24.14,24.14,1940000,BID
2020-10-26,23.97,24.26,23.13,23.13,3379510,BID
2020-10-27,23.13,23.41,22.95,22.95,2635960,BID
2020-10-28,22.85,22.95,22.17,22.17,2899500,BID
2020-10-29,21.89,22.28,21.69,21.81,2823190,BID
2020-10-30,22.01,22.11,21.52,21.72,1678270,BID
2020-11-02,21.72,22.06,21.72,21.95,1084730,BID
2020-11-03,22.01,22.28,22.01,22.23,1035230,BID
2020-11-04,22.23,22.63,22.2,22.43,1077740,BID
2020-11-05,22.43,22.43,22.02,22.02,1280230,BID
2020-11-06,22.25,22.25,21.93,22.02,646660,BID
2020-11-09,22.25,22.25,22.06,22.14,1187610,BID
2020-11-10,22.49,22.57,22.23,22.23,1361190,BID
2020-11-11,22.23,22.37,22.08,22.23,723840,BID
2020-11-12,22.28,22.45,22.23,22.34,1126040,BID
2020-11-13,22.39,22.74,22.37,22.74,1833350,BID
2020-11-16,22.77,23.01,22.51,22.51,1939610,BID
2020-11-17,22.57,22.74,22.43,22.74,1455550,BID
2020-11-18,22.74,22.77,22.57,22.59,1572210,BID
2020-11-19,22.63,23.01,22.63,22.8,1787480,BID
2020-11-20,22.95,23.27,22.95,23.24,2522690,BID
2020-11-23,23.41,23.41,22.88,23.19,1315280,BID
2020-11-24,23.15,23.19,22.8,22.95,1958510,BID
2020-11-25,23.13,23.38,22.88,23.3,2775000,BID
2020-11-26,23.3,24.03,23.13,24.03,4356380,BID
2020-11-27,24.14,24.18,23.72,23.94,2323620,BID
2020-11-30,23.94,23.97,23.53,23.53,1708190,BID
2020-12-01,23.13,23.58,23.01,23.53,2913470,BID
2020-12-02,23.56,23.7,23.36,23.41,1833120,BID
2020-12-03,23.44,23.64,23.36,23.47,1836790,BID
2020-12-04,23.47,23.86,23.41,23.5,2563040,BID
2020-12-07,23.7,24.37,23.62,24.26,4120830,BID
2020-12-08,24.43,24.43,23.94,24.09,2151740,BID
2020-12-09,24.2,24.82,24.12,24.71,3679830,BID
2020-12-10,24.71,25.27,24.66,24.79,3830860,BID
2020-12-11,24.76,25.83,24.6,25.83,4566950,BID
2020-12-14,26.03,26.26,25.87,26.24,2935490,BID
2020-12-15,26.03,26.52,25.87,26.01,3422380,BID
2020-12-16,26.01,26.77,26.01,26.74,3093050,BID
2020-12-17,26.4,26.86,26.18,26.18,3894580,BID
2020-12-18,26.35,26.8,26.18,26.52,2432540,BID
2020-12-21,27.08,27.08,26.24,26.77,2476240,BID
2020-12-22,26.77,26.77,26.29,26.44,2735230,BID
2020-12-23,26.52,26.8,26.18,26.29,2105620,BID
2020-12-24,26.29,26.4,24.76,25.67,3135180,BID
2020-12-25,25.67,26.35,25.39,26.29,1562900,BID
2020-12-28,26.5,27.08,26.4,26.77,3156280,BID
2020-12-29,26.68,27.44,26.68,27.28,3031270,BID
2020-12-30,27.31,27.52,27.08,27.11,1442160,BID
2020-12-31,27.11,27.48,26.96,27.48,1342380,BID
2021-01-04,27.4,27.8,27.4,27.68,1993800,BID
2021-01-05,27.48,27.59,27.34,27.48,2155700,BID
2021-01-06,27.71,29.04,27.29,28.0,3674500,BID
2021-01-07,28.0,28.63,27.82,28.05,1678500,BID
2021-01-08,28.29,28.29,27.65,27.82,2034900,BID
2021-01-11,27.82,27.88,27.48,27.68,2758800,BID
2021-01-12,27.68,28.11,27.48,27.97,2189300,BID
2021-01-13,28.0,28.23,27.76,27.8,1650200,BID
2021-01-14,27.82,28.11,27.53,28.03,1904800,BID
2021-01-15,28.29,28.4,28.03,28.03,2404700,BID
2021-01-18,28.05,28.11,27.88,27.91,1685100,BID
2021-01-19,27.88,27.88,25.96,25.96,2701100,BID
2021-01-20,25.96,26.68,24.38,26.11,2306500,BID
2021-01-21,26.16,26.68,25.93,26.68,1347000,BID
2021-01-22,26.68,26.7,25.88,25.96,2211800,BID
2021-01-25,25.82,25.93,25.48,25.6,1371900,BID
2021-01-26,25.45,25.45,23.98,24.42,1836800,BID
2021-01-27,24.42,24.89,23.29,23.7,2102100,BID
2021-01-28,22.37,22.95,22.06,22.06,2692000,BID
2021-01-29,20.94,23.43,20.94,22.9,2008200,BID
2021-02-01,22.9,23.53,22.17,22.44,1545000,BID
2021-02-02,22.31,22.92,22.11,22.58,2497300,BID
2021-02-03,23.0,23.81,22.78,23.72,1851900,BID
2021-02-04,23.76,23.86,23.47,23.81,1378500,BID
2021-02-05,23.81,24.15,23.7,23.98,1279600,BID
2021-02-08,23.98,24.09,22.4,23.0,1874900,BID
2021-02-09,23.24,23.64,22.78,23.41,1448500,BID
2021-02-17,23.43,24.15,23.43,24.15,1439000,BID
2021-02-18,24.21,24.95,23.92,24.89,2339700,BID
2021-02-19,24.67,25.54,24.59,25.3,2027200,BID
2021-02-22,25.3,25.54,25.07,25.1,1523800,BID
2021-02-23,25.1,25.3,24.78,25.24,1533100,BID
2021-02-24,25.18,25.36,24.44,24.71,1640000,BID
2021-02-25,24.75,25.12,24.21,24.65,1733200,BID
2021-02-26,24.56,25.07,24.27,25.01,1379500,BID
2021-03-01,25.01,25.48,25.01,25.3,2251400,BID
2021-03-02,25.54,25.6,25.16,25.27,2124000,BID
2021-03-03,25.27,25.36,25.07,25.12,1583800,BID
2021-03-04,25.24,25.39,24.27,24.53,2089500,BID
2021-03-05,24.53,24.84,24.09,24.33,1857200,BID
2021-03-08,24.89,24.89,24.27,24.36,1595300,BID
2021-03-09,24.33,24.33,23.81,24.01,2430700,BID
2021-03-10,24.09,24.21,23.76,24.09,2056500,BID
2021-03-11,24.5,25.01,24.42,24.84,1672400,BID
2021-03-12,24.95,25.07,24.72,24.87,2536400,BID
2021-03-15,24.95,25.01,24.56,24.67,2779700,BID
2021-03-16,24.67,24.78,24.27,24.33,2223700,BID
2021-03-17,24.38,24.89,24.07,24.84,4346500,BID
2021-03-18,25.24,25.99,24.98,25.82,5666500,BID
2021-03-19,25.82,26.05,25.64,25.82,2885400,BID
2021-03-22,25.82,25.82,25.54,25.62,2562800,BID
2021-03-23,25.54,25.56,24.72,25.07,4549300,BID
2021-03-24,24.67,24.84,24.04,24.18,3341900,BID
2021-03-25,24.38,24.65,24.07,24.24,2369000,BID
2021-03-26,24.07,24.33,23.24,24.15,2445100,BID
2021-03-29,24.38,24.47,24.18,24.42,1347900,BID
2021-03-30,24.67,24.71,24.27,24.59,2304200,BID
2021-03-31,24.65,24.93,24.56,24.65,2170100,BID
2021-04-01,24.67,25.24,24.67,25.22,3706500,BID
2021-04-02,25.48,26.11,25.27,25.82,5794100,BID
2021-04-05,26.22,26.34,25.88,26.13,5969400,BID
2021-04-06,26.05,26.53,25.84,26.25,4113800,BID
2021-04-07,26.22,26.25,26.02,26.13,2609000,BID
2021-04-08,26.22,26.28,25.64,25.7,4412400,BID
2021-04-09,25.64,25.7,25.27,25.42,4489700,BID
2021-04-12,25.54,25.99,25.3,25.67,5149300,BID
2021-04-13,25.82,25.88,24.95,25.04,3952000,BID
2021-04-14,24.95,25.42,24.67,25.24,2839300,BID
2021-04-15,25.3,25.36,24.67,24.71,3705100,BID
2021-04-16,24.59,24.95,24.01,24.09,4667300,BID
2021-04-19,24.09,24.72,23.98,24.67,3194000,BID
2021-04-20,24.72,25.24,24.65,24.78,2676100,BID
2021-04-22,24.78,24.78,23.53,23.53,2929700,BID
2021-04-23,23.53,24.18,23.43,24.09,3078200,BID
2021-04-26,23.95,24.09,23.24,23.24,3328300,BID
2021-04-27,23.24,23.41,23.06,23.14,1978500,BID
2021-04-28,23.14,23.47,23.14,23.29,1379200,BID
2021-04-29,23.29,24.04,23.29,23.53,1949100,BID
2021-05-04,22.95,23.98,22.95,23.7,2171900,BID
2021-05-05,23.92,24.3,23.81,24.04,2692200,BID
2021-05-06,24.04,24.04,23.64,23.67,2246100,BID
2021-05-07,23.29,23.64,23.24,23.32,3706600,BID
2021-05-10,23.24,23.81,23.14,23.76,3027800,BID
2021-05-11,24.09,24.95,23.98,24.15,5349300,BID
2021-05-12,24.09,24.5,23.98,24.47,3331500,BID
2021-05-13,24.38,24.89,24.09,24.44,3483900,BID
2021-05-14,24.56,24.67,24.27,24.3,2724600,BID
2021-05-17,24.38,24.67,23.92,23.98,2992400,BID
2021-05-18,23.92,23.92,23.41,23.47,3903100,BID
2021-05-19,23.53,23.76,23.29,23.47,2872100,BID
2021-05-20,23.47,24.04,22.95,24.01,3495000,BID
2021-05-21,24.09,25.67,24.01,25.67,13027500,BID
2021-05-24,26.11,26.62,26.11,26.4,6994100,BID
2021-05-25,26.4,26.87,26.07,26.79,6329600,BID
2021-05-26,26.79,27.02,26.51,26.76,7369800,BID
2021-05-27,26.85,26.85,25.84,26.05,5862300,BID
2021-05-28,26.16,27.37,25.76,27.06,7857000,BID
2021-05-31,27.42,28.0,27.25,27.94,5597900,BID
2021-06-01,28.03,28.11,27.53,27.53,4096100,BID
2021-06-02,27.14,27.51,27.08,27.2,6043600,BID
2021-06-03,27.42,28.4,27.2,28.0,6715400,BID
2021-06-04,27.94,28.4,27.53,28.11,5939600,BID
2021-06-07,27.82,27.88,26.16,26.85,5275100,BID
2021-06-08,26.91,27.08,25.64,25.7,5685400,BID
2021-06-09,25.82,26.22,25.24,26.07,4454300,BID
2021-06-10,26.07,26.16,25.18,25.18,4463400,BID
2021-06-11,25.24,25.96,24.95,25.93,6390300,BID
2021-06-14,26.11,26.16,25.62,25.76,3394300,BID
2021-06-15,25.67,25.9,25.24,25.76,3257000,BID
2021-06-16,25.64,26.79,25.36,25.99,4217600,BID
2021-06-17,25.6,26.58,25.6,26.34,3579300,BID
2021-06-18,26.53,26.68,26.22,26.48,3200200,BID
2021-06-21,26.34,26.4,25.73,25.82,4237600,BID
2021-06-22,25.99,26.07,25.76,25.82,2781900,BID
2021-06-23,25.76,26.62,25.76,26.05,2574200,BID
2021-06-24,26.05,26.34,25.82,25.93,2110700,BID
2021-06-25,25.88,26.4,25.64,26.13,2572300,BID
2021-06-28,26.4,27.02,26.19,26.91,6685100,BID
2021-06-29,26.96,27.48,26.73,26.91,3945700,BID
2021-06-30,26.91,27.23,26.87,27.11,4001800,BID
2021-07-01,27.25,27.34,26.87,27.14,4601600,BID
2021-07-02,27.25,27.4,26.91,27.0,4204700,BID
2021-07-05,27.0,27.0,25.93,26.76,3489500,BID
2021-07-06,26.91,27.88,25.24,25.24,6222400,BID
2021-07-07,25.54,26.19,25.01,26.11,3943600,BID
2021-07-08,26.11,26.48,25.78,26.28,2127400,BID
2021-07-09,25.93,26.4,25.24,25.76,3587800,BID
2021-07-12,25.6,25.6,23.98,24.09,6021800,BID
2021-07-13,24.38,24.53,23.83,24.33,1982500,BID
2021-07-14,24.4,24.51,23.54,24.45,1788900,BID
2021-07-15,24.13,24.76,24.11,24.51,1793200,BID
2021-07-16,24.57,24.69,24.4,24.4,1416400,BID
2021-07-19,23.6,24.05,22.77,22.77,2960800,BID
2021-07-20,22.79,23.54,22.33,23.54,2713600,BID
2021-07-21,23.76,23.76,23.24,23.36,1157700,BID
2021-07-22,23.3,23.6,23.3,23.54,1700900,BID
2021-07-23,23.48,23.82,23.08,23.08,1799400,BID
2021-07-26,22.95,23.15,22.68,22.95,1436600,BID
2021-07-27,23.19,23.42,23.05,23.08,1428900,BID
2021-07-28,23.08,23.24,22.95,23.24,1233300,BID
2021-07-29,23.42,23.54,23.3,23.54,1179900,BID
2021-07-30,23.72,23.74,23.51,23.6,2031500,BID
2021-08-02,24.11,24.66,24.11,24.43,3954300,BID
2021-08-03,24.28,24.89,24.17,24.89,2765600,BID
2021-08-04,24.91,24.97,24.51,24.69,2140000,BID
2021-08-05,24.45,24.97,24.28,24.66,2116600,BID
2021-08-06,24.66,24.91,24.45,24.63,1868300,BID
2021-08-09,24.43,24.76,24.32,24.76,1743800,BID
2021-08-10,24.83,24.97,24.71,24.85,1867400,BID
2021-08-11,24.85,25.32,24.63,24.74,2739100,BID
2021-08-12,24.89,24.91,24.57,24.57,1709400,BID
2021-08-13,24.48,24.69,23.99,24.43,2309600,BID
2021-08-16,24.32,24.97,24.11,24.85,3286300,BID
2021-08-17,25.03,25.03,24.57,24.66,1565300,BID
2021-08-18,24.63,24.69,24.4,24.48,1514500,BID
2021-08-19,24.45,24.45,24.19,24.4,1803900,BID
2021-08-20,24.45,24.63,22.95,23.24,4363500,BID
2021-08-23,23.24,23.42,22.56,22.56,2742300,BID
2021-08-24,22.56,22.79,22.33,22.62,2540900,BID
2021-08-25,22.68,22.71,22.39,22.64,1103600,BID
2021-08-26,22.77,22.77,21.81,22.15,2045600,BID
2021-08-27,22.1,22.39,21.7,22.21,1906500,BID
2021-08-30,22.39,22.68,22.27,22.64,1410200,BID
2021-08-31,22.73,22.73,22.36,22.36,1814800,BID
2021-09-01,22.27,22.44,22.19,22.39,1357900,BID
2021-09-06,22.42,22.68,22.36,22.44,1364600,BID
2021-09-07,22.56,23.08,22.47,22.79,1709800,BID
2021-09-08,23.08,23.19,22.68,22.73,1420900,BID
2021-09-09,22.73,22.85,22.71,22.85,839800,BID
2021-09-10,22.95,22.95,22.73,22.77,793800,BID
2021-09-13,22.77,22.77,22.39,22.47,1734700,BID
2021-09-14,22.44,22.47,22.15,22.21,1415300,BID
2021-09-15,22.15,22.39,22.15,22.27,1055100,BID
2021-09-16,22.44,22.68,22.42,22.62,1465600,BID
2021-09-17,22.73,23.22,22.73,22.95,1784100,BID
2021-09-20,22.99,23.13,22.91,22.91,1957000,BID
2021-09-21,22.68,22.85,22.5,22.77,1524100,BID
2021-09-22,22.73,22.91,22.44,22.73,1267800,BID
2021-09-23,22.85,22.91,22.64,22.64,1084600,BID
2021-09-24,22.68,22.85,22.64,22.79,964900,BID
2021-09-27,22.79,23.02,22.5,22.62,1210800,BID
2021-09-28,22.62,23.15,22.5,23.02,2187700,BID
2021-09-29,22.99,22.99,22.56,22.91,1183100,BID
2021-09-30,22.88,22.95,22.58,22.64,1097300,BID
2021-10-01,22.56,22.64,22.27,22.27,1658100,BID
2021-10-04,22.3,22.73,22.1,22.33,1055100,BID
2021-10-05,22.39,22.71,22.39,22.56,730100,BID
2021-10-06,22.68,22.95,22.56,22.62,813300,BID
2021-10-07,22.62,22.68,22.47,22.47,1021500,BID
2021-10-08,22.47,22.62,22.47,22.5,978100,BID
2021-10-11,22.73,22.95,22.62,22.95,1760100,BID
2021-10-12,23.08,23.39,22.99,23.1,1985900,BID
2021-10-13,23.13,23.22,22.73,22.91,1423600,BID
2021-10-14,22.91,22.93,22.71,22.71,1060700,BID
2021-10-15,22.71,22.88,22.68,22.68,1104900,BID
2021-10-18,22.68,22.99,22.39,22.56,1795500,BID
2021-10-19,22.56,23.28,22.39,22.99,2212300,BID
2021-10-20,22.99,23.08,22.56,22.82,1079600,BID
2021-10-21,22.82,22.91,22.68,22.68,632200,BID
2021-10-22,22.68,22.79,22.56,22.56,1054900,BID
2021-10-25,22.73,22.73,22.5,22.5,889700,BID
2021-10-26,22.5,22.62,22.47,22.5,547200,BID
2021-10-27,22.53,22.93,22.53,22.91,1412900,BID
2021-10-28,22.95,23.08,22.79,22.88,1237100,BID
2021-10-29,22.95,23.93,22.91,23.82,3730300,BID
2021-11-01,24.11,24.17,23.87,23.99,3293200,BID
2021-11-02,23.99,24.4,23.87,24.08,1527700,BID
2021-11-03,24.28,25.32,24.11,24.71,5601700,BID
2021-11-04,24.76,25.41,24.51,25.26,4380200,BID
2021-11-05,25.26,25.49,24.83,25.03,1940900,BID
2021-11-08,25.03,25.49,24.76,25.2,2686800,BID
2021-11-09,25.26,25.35,24.69,24.69,2541000,BID
2021-11-10,24.74,24.97,24.32,24.69,2138500,BID
2021-11-11,24.91,24.97,24.23,24.57,2441800,BID
2021-11-12,24.32,24.85,24.32,24.79,1878000,BID
2021-11-15,24.89,24.97,24.11,24.57,1523300,BID
2021-11-16,24.51,24.74,24.37,24.57,1266900,BID
2021-11-17,24.48,25.14,24.37,25.03,2444800,BID
2021-11-18,25.26,25.77,24.91,25.55,3510800,BID
2021-11-19,25.58,26.44,24.11,25.49,4055100,BID
2021-11-22,25.49,26.52,25.26,26.15,4942900,BID
2021-11-23,26.11,26.11,25.37,25.66,1795000,BID
2021-11-24,25.79,26.46,25.6,26.44,4127600,BID
2021-11-25,26.63,26.63,26.0,26.03,2686800,BID
2021-11-26,26.46,26.52,25.26,26.09,4132100,BID
2021-11-29,25.55,25.83,25.32,25.55,3260500,BID
2021-11-30,25.77,26.21,25.03,25.49,2542100,BID
2021-12-01,25.49,25.66,25.08,25.43,1755700,BID
2021-12-02,25.41,26.06,25.26,25.37,1367300,BID
2021-12-03,25.55,25.55,24.11,24.11,2199100,BID
2021-12-06,24.69,24.69,23.9,24.08,2858100,BID
2021-12-07,24.13,25.11,24.13,25.03,1653500,BID
2021-12-08,25.08,25.43,24.94,25.26,1145000,BID
2021-12-09,25.22,25.35,25.0,25.26,979700,BID
2021-12-10,25.43,25.94,25.43,25.6,2064600,BID
2021-12-13,26.11,26.3,25.88,26.11,2477500,BID
2021-12-14,26.24,26.24,25.94,26.0,1711000,BID
2021-12-15,25.94,26.11,25.69,25.77,1426700,BID
2021-12-16,25.83,25.83,25.26,25.77,1674500,BID
2021-12-17,25.77,26.11,25.32,25.77,1851700,BID
2021-12-20,25.72,25.79,25.55,25.6,1229300,BID
2021-12-21,25.55,25.63,25.14,25.14,2787700,BID
2021-12-22,25.26,25.41,24.66,24.85,2827800,BID
2021-12-23,25.24,25.32,24.45,25.02,2318800,BID
2021-12-24,25.02,25.67,25.02,25.39,1525000,BID
2021-12-27,25.54,25.74,25.39,25.6,1202100,BID
2021-12-28,25.74,25.74,25.32,25.54,1359900,BID
2021-12-29,25.78,25.78,25.46,25.54,1581600,BID
2021-12-30,25.67,25.89,25.54,25.67,987000,BID
2021-12-31,25.82,27.34,25.74,26.91,4857000,BID
2022-01-04,27.28,27.56,27.02,27.13,1769200,BID
2022-01-05,27.48,27.48,26.76,26.87,1922200,BID
2022-01-06,26.48,28.14,26.3,27.56,5998800,BID
2022-01-07,28.04,28.61,27.31,28.43,4367700,BID
2022-01-10,28.43,29.22,28.14,28.29,2951600,BID
2022-01-11,28.14,28.94,27.78,28.57,4276500,BID
2022-01-12,28.57,30.57,28.57,30.57,8028300,BID
2022-01-13,30.83,32.71,30.83,31.91,9664800,BID
2022-01-14,31.4,32.71,31.4,32.09,3265400,BID
2022-01-17,31.91,34.09,31.63,31.66,7741100,BID
2022-01-18,31.48,32.96,31.48,32.57,4849200,BID
2022-01-19,32.68,33.22,31.59,31.66,2972800,BID
2022-01-20,31.26,33.87,30.64,33.87,5637900,BID
2022-01-21,34.12,35.4,33.72,34.35,4570000,BID
2022-01-24,34.02,35.18,33.98,34.02,4165100,BID
2022-01-25,33.59,35.53,33.29,35.53,4703200,BID
2022-01-26,35.91,36.24,34.88,34.88,4052900,BID
2022-01-27,34.81,35.18,34.38,34.53,1921100,BID
2022-01-28,34.53,35.53,34.31,34.78,2956900,BID
2022-02-07,35.11,35.25,34.23,34.38,3477200,BID
2022-02-08,34.38,35.11,33.72,34.35,2672600,BID
2022-02-09,34.31,35.47,34.09,35.11,4562000,BID
2022-02-10,35.25,35.47,34.81,35.11,2741500,BID
2022-02-11,34.96,35.18,34.67,34.74,1716100,BID
2022-02-14,34.23,34.53,32.46,32.46,7129000,BID
2022-02-15,32.53,33.59,32.2,33.51,3694100,BID
2022-02-16,33.44,33.44,32.43,32.76,2795800,BID
2022-02-17,33.14,33.37,32.43,33.37,1790200,BID
2022-02-18,32.96,33.4,32.43,32.43,2995400,BID
2022-02-21,32.5,32.96,31.7,32.81,2957200,BID
2022-02-22,32.57,33.37,32.43,33.37,2290300,BID
2022-02-23,33.72,34.02,33.0,33.07,2954000,BID
2022-02-24,32.85,33.03,31.63,32.35,3385900,BID
2022-02-25,32.35,33.07,32.28,32.31,2347500,BID
2022-02-28,32.13,32.31,31.7,31.7,2699000,BID
2022-03-01,31.73,32.64,31.63,31.98,2395600,BID
2022-03-02,31.7,31.91,30.72,30.79,3090100,BID
2022-03-03,30.72,31.34,30.46,31.04,2473700,BID
2022-03-04,31.04,31.55,30.83,31.4,1660800,BID
2022-03-07,31.04,31.04,30.57,30.64,2258300,BID
2022-03-08,30.31,30.87,30.03,30.17,2585800,BID
2022-03-09,30.17,30.39,29.37,29.37,1970700,BID
2022-03-10,30.11,30.46,29.7,29.7,1563100,BID
2022-03-11,29.7,30.35,29.7,30.35,1476500,BID
2022-03-14,30.35,30.61,29.96,29.96,1337300,BID
2022-03-15,29.96,30.61,29.74,30.54,1515300,BID
2022-03-16,30.68,30.68,30.11,30.17,1331400,BID
2022-03-17,30.61,32.09,29.74,31.55,5819900,BID
2022-03-18,31.7,32.35,31.55,31.85,2786600,BID
2022-03-21,31.85,31.98,31.4,31.77,1279000,BID
2022-03-22,31.77,31.88,31.34,31.55,2825000,BID
2022-03-23,31.52,32.2,31.29,31.48,1995900,BID
2022-03-24,31.48,31.52,31.19,31.26,1287000,BID
2022-03-25,31.29,31.81,30.9,31.52,1969000,BID
2022-03-28,31.19,31.52,30.07,30.17,3983900,BID
2022-03-29,30.24,30.83,30.11,30.76,1731200,BID
2022-03-30,30.54,32.64,30.24,31.59,3512800,BID
2022-03-31,31.73,31.88,31.48,31.55,1444000,BID
2022-04-01,31.55,32.28,31.48,32.17,3165900,BID
2022-04-04,32.61,32.61,32.09,32.09,2081900,BID
2022-04-05,31.55,31.77,31.29,31.4,2905000,BID
2022-04-06,31.19,31.77,30.94,31.55,3242600,BID
2022-04-07,31.55,32.17,31.22,31.22,3152800,BID
2022-04-08,31.19,31.34,30.31,30.39,3146100,BID
2022-04-12,30.68,30.68,29.33,29.33,3187500,BID
2022-04-13,29.37,30.03,29.08,29.66,1996100,BID
2022-04-14,30.03,30.03,29.37,29.37,1890900,BID
2022-04-15,29.45,29.88,28.29,28.5,2508700,BID
2022-04-18,28.69,28.8,27.42,27.52,2820600,BID
2022-04-19,27.81,28.43,27.2,27.52,2322500,BID
2022-04-20,27.52,28.14,27.45,27.52,1458300,BID
2022-04-21,27.48,28.11,27.31,27.92,2094100,BID
2022-04-22,28.0,28.36,27.56,27.92,2624100,BID
2022-04-25,27.92,28.0,26.0,26.0,2945400,BID
2022-04-26,25.5,27.02,25.5,26.76,1857800,BID
2022-04-27,26.72,27.2,26.45,26.98,748100,BID
2022-04-28,26.98,26.98,26.62,26.62,974900,BID
2022-04-29,26.72,27.39,26.69,27.02,1518600,BID
2022-05-04,27.02,27.34,26.8,27.02,1561000,BID
2022-05-05,27.28,27.71,26.83,27.71,1990600,BID
2022-05-06,27.09,27.45,26.83,26.83,1579600,BID
2022-05-09,26.54,26.76,24.98,24.98,2414100,BID
2022-05-10,24.73,26.04,24.3,25.97,1727600,BID
2022-05-11,25.92,26.18,25.42,26.18,862900,BID
2022-05-12,25.67,25.97,24.37,24.37,1507900,BID
2022-05-13,24.52,24.66,23.06,23.06,2353900,BID
2022-05-16,24.08,24.12,23.35,23.35,1280700,BID
2022-05-17,23.57,24.98,23.24,24.98,1116800,BID
2022-05-18,25.32,25.74,24.8,25.32,1288800,BID
2022-05-19,24.66,25.39,24.59,25.13,895100,BID
2022-05-20,24.95,25.32,24.88,25.02,1128100,BID
2022-05-23,24.95,25.17,23.93,24.18,1002800,BID
2022-05-24,24.45,24.56,24.0,24.48,768000,BID
2022-05-25,24.66,25.46,24.66,25.32,1066800,BID
2022-05-26,25.82,25.92,25.39,25.46,1194100,BID
2022-05-27,25.46,25.67,25.32,25.6,891000,BID
2022-05-30,25.74,26.0,25.54,25.92,1088100,BID
2022-05-31,25.74,25.82,25.39,25.6,1027300,BID
2022-06-01,25.46,25.78,25.35,25.5,1071100,BID
2022-06-02,25.5,25.54,25.02,25.17,905200,BID
2022-06-03,25.17,25.21,24.66,24.91,570700,BID
2022-06-06,24.91,25.13,24.52,24.8,918800,BID
2022-06-07,24.73,24.8,24.0,24.37,1172500,BID
2022-06-08,24.45,25.24,24.41,24.88,982900,BID
2022-06-09,24.91,25.21,24.73,25.02,394400,BID
2022-06-10,24.71,24.88,24.52,24.52,786000,BID
2022-06-13,23.97,24.18,23.17,23.17,1446900,BID
2022-06-14,23.14,23.8,22.56,23.43,1178900,BID
2022-06-15,23.21,23.57,22.49,23.21,1366100,BID
2022-06-16,23.21,23.8,23.21,23.43,1293500,BID
2022-06-17,23.17,23.17,22.63,22.92,1218700,BID
2022-06-20,22.99,23.06,21.4,21.4,972600,BID
2022-06-21,21.11,22.23,21.0,21.98,1403700,BID
2022-06-22,21.98,22.92,21.61,22.12,1532700,BID
2022-06-23,22.12,22.49,21.8,22.49,422300,BID
2022-06-24,22.63,23.39,22.56,22.63,1328200,BID
2022-06-27,22.71,23.06,22.59,23.02,826300,BID
2022-06-28,22.92,24.63,22.92,24.41,2412700,BID
2022-06-29,23.93,25.32,23.93,25.32,2342200,BID
2022-06-30,25.39,25.39,24.3,24.3,1498400,BID
2022-07-01,23.86,25.89,23.29,25.42,3520700,BID
2022-07-04,25.74,25.92,25.32,25.42,1827500,BID
2022-07-05,25.42,27.2,25.39,26.33,4933500,BID
2022-07-06,25.97,26.76,25.74,25.82,2731600,BID
2022-07-07,25.67,26.58,24.88,26.33,2824700,BID
2022-07-08,26.4,26.45,25.39,25.39,1979400,BID
2022-07-11,25.32,25.5,23.93,25.02,2058500,BID
2022-07-12,24.91,26.48,24.8,26.4,1671000,BID
2022-07-13,26.26,26.98,25.97,26.15,2657100,BID
2022-07-14,25.97,26.76,25.92,26.22,1504200,BID
2022-07-15,26.18,26.65,25.97,25.97,1387300,BID
2022-07-18,26.11,26.11,25.67,25.74,1698400,BID
2022-07-19,25.74,26.0,25.39,25.86,976900,BID
2022-07-20,26.26,26.76,26.07,26.4,1587800,BID
2022-07-21,26.26,26.72,26.26,26.48,1519100,BID
2022-07-22,26.76,26.76,25.74,25.74,1247400,BID
2022-07-25,25.74,26.04,25.24,25.67,1196800,BID
2022-07-26,25.97,26.11,25.74,25.78,885800,BID
2022-07-27,25.78,25.86,25.39,25.78,725200,BID
2022-07-28,26.11,26.72,25.89,26.48,2049800,BID
2022-07-29,26.62,27.48,26.58,27.06,4174700,BID
2022-08-01,27.13,28.29,27.06,28.29,3367400,BID
2022-08-02,28.0,28.29,27.71,28.0,1497900,BID
2022-08-03,27.52,28.5,27.48,28.5,2146200,BID
2022-08-04,28.5,28.76,27.92,28.5,2421700,BID
2022-08-05,28.43,28.43,27.92,28.29,1029400,BID
2022-08-08,28.29,28.47,28.07,28.14,987900,BID
2022-08-09,28.14,28.43,28.0,28.04,1567700,BID
2022-08-10,27.92,28.14,27.86,27.86,987000,BID
2022-08-11,28.29,28.5,27.71,27.78,1739100,BID
2022-08-12,27.78,28.43,27.67,28.43,1639000,BID
2022-08-15,28.5,29.85,28.5,29.74,3772200,BID
2022-08-16,29.7,29.81,29.37,29.37,981400,BID
2022-08-17,29.37,29.45,29.02,29.02,1394900,BID
2022-08-18,28.8,29.08,28.72,28.72,1480900,BID
2022-08-19,28.69,29.02,28.43,28.54,1451800,BID
2022-08-22,28.54,28.54,27.81,27.89,1761800,BID
2022-08-23,27.81,28.65,27.71,28.65,1732500,BID
2022-08-24,28.8,28.87,28.25,28.5,969800,BID
2022-08-25,28.29,28.65,28.25,28.5,1272100,BID
2022-08-26,28.5,29.13,28.5,28.57,2006200,BID
2022-08-29,28.0,28.5,27.67,28.29,1345400,BID
2022-08-30,28.32,29.33,28.29,28.87,2329700,BID
2022-08-31,28.87,29.16,28.72,29.02,1622100,BID
2022-09-05,29.02,29.05,28.47,28.65,803800,BID
2022-09-06,28.65,29.41,28.61,29.05,1779600,BID
2022-09-07,28.94,28.94,27.42,27.42,3012000,BID
2022-09-08,27.48,27.81,26.54,26.62,2190400,BID
2022-09-09,26.62,26.91,26.22,26.83,1111000,BID
2022-09-12,26.83,27.2,26.69,26.76,937800,BID
2022-09-13,26.76,27.02,26.58,26.69,840200,BID
2022-09-14,26.11,26.48,26.07,26.48,933100,BID
2022-09-15,26.48,26.69,25.86,25.92,1929500,BID
2022-09-16,26.11,26.26,25.74,25.74,974900,BID
2022-09-19,25.71,25.71,24.73,24.8,1276000,BID
2022-09-20,24.88,25.57,24.88,25.5,1116600,BID
2022-09-21,25.24,25.46,25.21,25.21,495400,BID
2022-09-22,25.06,25.6,24.98,25.5,977300,BID
2022-09-23,25.82,25.82,25.02,25.21,785400,BID
2022-09-26,24.73,24.84,23.5,24.23,2016400,BID
2022-09-27,24.3,24.71,23.93,24.45,607200,BID
2022-09-28,24.45,24.59,24.18,24.3,777900,BID
2022-09-29,24.66,24.73,24.26,24.3,1000100,BID
2022-09-30,23.8,24.59,23.43,24.59,1817900,BID
2022-10-03,24.0,24.37,22.89,22.89,1573400,BID
2022-10-04,23.21,23.24,22.41,22.49,1195400,BID
2022-10-05,23.06,23.21,22.71,23.06,516100,BID
2022-10-06,23.17,23.17,22.49,22.49,915800,BID
2022-10-07,22.12,22.19,20.97,21.17,1716300,BID
2022-10-10,20.41,22.08,20.31,21.76,1000800,BID
2022-10-11,21.76,21.76,20.67,20.67,907900,BID
2022-10-12,21.03,22.08,20.82,22.08,1476600,BID
2022-10-13,22.15,23.54,22.08,23.54,1413700,BID
2022-10-14,23.93,24.08,23.65,23.93,1720800,BID
2022-10-17,23.9,23.9,22.99,23.72,1089500,BID
2022-10-18,23.93,24.26,23.72,23.8,882400,BID
2022-10-19,23.8,24.3,23.5,23.93,753300,BID
2022-10-20,23.65,24.66,23.57,24.04,1476300,BID
2022-10-21,24.04,24.04,23.29,23.65,1657300,BID
2022-10-24,23.9,23.9,22.02,22.02,1374200,BID
2022-10-25,21.76,23.54,21.25,22.71,1464500,BID
2022-10-26,22.85,23.57,22.71,22.99,684000,BID
2022-10-27,23.06,24.59,23.06,24.59,2034500,BID
2022-10-28,24.88,25.35,24.52,24.52,2106200,BID
2022-10-31,24.52,25.28,24.45,25.06,2663400,BID
2022-11-01,25.09,25.5,24.66,24.71,1615200,BID
2022-11-02,24.71,24.91,24.33,24.45,1325200,BID
2022-11-03,24.04,24.52,23.93,23.93,1125400,BID
2022-11-04,23.93,24.41,22.89,24.15,2376600,BID
2022-11-07,23.8,24.73,23.8,24.15,1582200,BID
2022-11-08,23.93,25.39,23.93,25.32,3079100,BID
2022-11-09,25.46,26.69,25.42,26.22,4501700,BID
2022-11-10,26.07,26.07,24.41,25.17,2499700,BID
2022-11-11,26.11,26.48,25.67,26.11,2165600,BID
2022-11-14,25.82,26.76,25.32,26.04,1326800,BID
2022-11-15,25.39,25.92,24.23,24.23,1888700,BID
2022-11-16,23.14,25.89,22.89,25.89,1603000,BID
2022-11-17,26.26,26.48,25.74,25.86,1492200,BID
2022-11-18,25.86,26.15,24.66,26.07,1383600,BID
2022-11-21,26.48,26.48,25.74,25.74,1285300,BID
2022-11-22,25.09,26.65,25.09,26.45,2109100,BID
2022-11-23,26.4,27.56,26.07,27.13,2415200,BID
2022-11-24,26.98,27.86,26.69,27.56,1789300,BID
2022-11-25,27.86,29.02,27.71,29.02,2564400,BID
2022-11-28,29.02,29.45,28.29,28.65,2605800,BID
2022-11-29,28.65,29.74,28.19,29.74,2549200,BID
2022-11-30,29.74,30.68,28.65,29.81,2054900,BID
2022-12-01,29.81,30.11,28.29,28.29,1935500,BID
2022-12-02,28.29,29.96,28.25,29.88,1503000,BID
2022-12-05,30.03,30.46,29.41,29.92,1665800,BID
2022-12-06,29.81,29.81,28.36,28.36,2673000,BID
2022-12-07,28.65,28.65,27.92,28.29,1797900,BID
2022-12-08,28.43,29.88,28.14,28.29,2731500,BID
2022-12-09,28.22,28.65,27.78,28.43,1624100,BID
2022-12-12,28.57,28.94,27.63,27.63,1983700,BID
2022-12-13,27.6,28.65,27.6,28.07,1706400,BID
2022-12-14,28.8,28.8,28.14,28.14,659400,BID
2022-12-15,28.0,28.9,28.0,28.29,1459900,BID
2022-12-16,28.04,28.65,28.04,28.22,1000200,BID
2022-12-19,28.14,29.37,28.14,28.14,1917400,BID
2022-12-20,28.14,28.29,27.2,27.92,1651500,BID
2022-12-21,28.19,28.72,27.89,28.0,1432800,BID
2022-12-22,28.19,28.94,28.11,28.29,1335700,BID
2022-12-23,28.65,28.65,28.29,28.29,690600,BID
2022-12-26,28.29,28.36,28.11,28.14,1255700,BID
2022-12-27,28.14,28.22,28.11,28.14,370100,BID
2022-12-27,28.14,29.02,28.07,29.02,1496000,BID
2022-12-28,29.08,30.76,28.72,30.39,3692800,BID
2022-12-29,30.46,30.54,29.02,29.02,1265700,BID
2022-12-30,29.2,30.11,28.0,28.0,2618200,BID
2023-01-03,28.5,29.88,28.32,29.88,1732900,BID
2023-01-04,29.88,30.61,29.3,29.6,2070300,BID
2023-01-05,29.74,29.81,29.2,29.55,1175100,BID
2023-01-06,29.55,30.79,29.45,30.21,3400900,BID
2023-01-09,30.61,30.61,29.63,29.74,1326400,BID
2023-01-10,30.17,30.24,29.55,29.96,924000,BID
2023-01-11,30.17,30.61,29.66,29.92,1531300,BID
2023-01-12,29.99,30.43,29.74,30.07,708200,BID
2023-01-13,30.17,30.61,30.17,30.31,1630000,BID
2023-01-16,30.46,32.43,30.43,32.43,4737900,BID
2023-01-17,32.64,32.85,32.35,32.61,1499200,BID
2023-01-18,32.57,33.03,32.5,32.71,1832900,BID
2023-01-19,32.71,33.59,32.61,33.33,1656800,BID
2023-01-27,33.72,33.79,32.28,32.31,1729800,BID
2023-01-30,31.91,32.57,31.91,32.28,1210300,BID
2023-01-31,32.09,32.71,31.59,32.71,1643500,BID
2023-02-01,32.89,33.0,30.9,31.04,2510500,BID
2023-02-02,31.01,31.63,30.54,31.29,2864500,BID
2023-02-03,31.55,31.77,31.29,31.44,1377900,BID
2023-02-06,31.4,32.64,31.11,32.64,1747200,BID
2023-02-07,32.64,32.89,31.7,31.77,1568300,BID
2023-02-08,31.85,32.81,31.85,32.28,1796700,BID
2023-02-09,32.28,32.64,31.91,31.91,1184800,BID
2023-02-10,32.2,32.31,31.15,31.15,1398000,BID
2023-02-13,31.15,32.2,31.15,32.2,1589700,BID
2023-02-14,32.28,32.28,31.4,31.48,1325100,BID
2023-02-15,31.29,32.24,31.29,31.91,604600,BID
2023-02-16,32.43,32.64,31.91,32.64,1068100,BID
2023-02-17,32.64,33.22,32.61,33.22,1493700,BID
2023-02-20,33.22,34.35,33.22,34.23,1508300,BID
2023-02-21,34.23,34.31,33.55,33.55,996600,BID
2023-02-22,33.26,33.37,32.64,32.64,994100,BID
2023-02-23,32.61,33.03,31.7,33.03,1279900,BID
2023-02-24,32.68,33.03,32.2,32.35,497900,BID
2023-02-27,32.28,32.28,31.63,32.09,939200,BID
2023-02-28,32.09,32.35,31.95,31.98,257600,BID
2023-03-01,31.91,33.11,31.77,33.11,740900,BID
2023-03-02,33.11,33.72,32.93,33.65,976200,BID
2023-03-03,33.65,33.72,32.81,33.29,735400,BID
2023-03-06,33.29,34.09,32.85,33.22,864900,BID
2023-03-07,33.0,34.17,33.0,34.02,1634600,BID
2023-03-08,33.65,34.81,33.29,34.81,1229700,BID
2023-03-09,34.81,34.81,34.12,34.56,1170600,BID
2023-03-10,34.42,34.42,34.05,34.2,862200,BID
2023-03-13,33.79,34.02,33.55,33.55,933700,BID
2023-03-14,33.44,33.62,32.46,32.68,1444500,BID
2023-03-15,33.37,34.38,32.96,33.94,628400,BID
2023-03-16,33.4,34.02,33.4,33.55,875700,BID
2023-03-17,34.09,34.09,33.37,33.59,310700,BID
2023-03-20,33.37,33.37,32.64,32.89,585800,BID
2023-03-21,32.93,33.18,32.5,32.89,741600,BID
2023-03-22,33.18,33.51,32.96,33.29,509200,BID
2023-03-23,32.85,33.37,32.85,33.29,329500,BID
2023-03-24,33.29,33.59,33.0,33.0,307000,BID
2023-03-27,33.03,33.47,32.64,33.26,633500,BID
2023-03-28,33.72,33.94,33.55,33.65,453900,BID
2023-03-29,33.37,33.62,33.03,33.22,290100,BID
2023-03-30,33.55,33.79,33.51,33.72,655700,BID
2023-03-31,33.51,34.09,33.4,33.55,612300,BID
2023-04-03,33.83,33.94,33.22,33.29,1200900,BID
2023-04-04,33.29,33.47,33.14,33.33,842100,BID
2023-04-05,33.37,33.59,32.85,33.29,1280200,BID
2023-04-06,33.0,33.72,32.85,33.7,1487900,BID
2023-04-07,33.18,33.37,33.0,33.11,601600,BID
2023-04-10,33.22,33.22,32.46,32.46,1724700,BID
2023-04-11,32.24,32.38,32.02,32.2,1161300,BID
2023-04-12,32.28,32.5,32.05,32.2,775500,BID
2023-04-13,32.2,32.64,32.2,32.57,729100,BID
2023-04-14,32.64,32.64,32.24,32.53,562500,BID
2023-04-17,32.24,32.71,32.2,32.68,693700,BID
2023-04-18,32.5,32.64,32.13,32.38,611300,BID
2023-04-19,32.46,32.46,32.05,32.24,414000,BID
2023-04-20,32.17,32.35,32.02,32.24,168700,BID
2023-04-21,32.35,32.35,32.05,32.13,292700,BID
2023-04-24,32.05,32.05,31.73,31.73,435300,BID
2023-04-25,31.63,31.85,31.34,31.34,496600,BID
2023-04-26,31.55,32.13,31.34,31.88,367700,BID
2023-04-27,31.98,31.98,31.55,31.77,139700,BID
2023-04-28,31.88,31.98,31.66,31.7,319600,BID
2023-05-04,31.55,32.05,31.4,31.44,317400,BID
2023-05-05,31.77,31.81,31.52,31.73,261900,BID
2023-05-08,31.59,33.0,31.59,32.53,1100400,BID
2023-05-09,32.43,32.89,32.43,32.76,615800,BID
2023-05-10,32.85,32.85,32.28,32.79,533200,BID
2023-05-11,32.64,32.81,32.5,32.64,494100,BID
2023-05-12,32.64,32.71,32.31,32.64,324300,BID
2023-05-15,33.37,33.37,32.57,32.64,416500,BID
2023-05-16,32.71,32.71,32.46,32.61,358300,BID
2023-05-17,32.64,32.71,32.57,32.64,793500,BID
2023-05-18,32.57,32.61,32.28,32.5,478000,BID
2023-05-19,32.35,32.61,32.13,32.24,577700,BID
2023-05-22,32.2,32.61,32.2,32.35,555400,BID
2023-05-23,32.57,32.57,31.81,31.81,695300,BID
2023-05-24,31.91,31.91,31.55,31.55,767100,BID
2023-05-25,31.55,31.91,31.52,31.73,655400,BID
2023-05-26,31.98,31.98,31.48,31.48,544800,BID
2023-05-29,31.88,31.88,31.48,31.85,668100,BID
2023-05-30,31.91,31.91,31.63,31.77,800800,BID
2023-05-31,31.77,31.91,31.59,31.91,770800,BID
2023-06-01,31.91,31.91,31.66,31.85,617900,BID
2023-06-02,31.91,32.57,31.91,32.43,1202800,BID
2023-06-05,32.57,32.89,32.43,32.43,959100,BID
2023-06-06,32.64,32.64,32.13,32.5,846100,BID
2023-06-07,32.5,32.57,32.17,32.17,967700,BID
2023-06-08,32.2,32.28,31.7,31.7,1655400,BID
2023-06-09,31.77,31.95,31.26,31.52,1289600,BID
2023-06-12,31.63,31.66,31.19,31.66,1125600,BID
2023-06-13,31.7,32.28,31.66,32.17,1328300,BID
2023-06-14,32.35,32.43,31.91,31.91,1334800,BID
2023-06-15,31.85,32.05,31.7,31.81,823400,BID
2023-06-16,32.13,32.28,31.66,31.7,1441500,BID
2023-06-19,31.77,31.81,31.4,31.4,796000,BID
2023-06-20,31.52,31.55,31.29,31.55,812700,BID
2023-06-21,31.55,31.91,31.4,31.48,812800,BID
2023-06-22,31.7,31.95,31.48,31.88,1284000,BID
2023-06-23,31.85,32.61,31.7,32.13,1911900,BID
2023-06-26,32.28,32.53,31.85,32.13,1225100,BID
2023-06-27,31.98,32.24,31.91,32.13,793800,BID
2023-06-28,32.13,32.89,32.02,32.89,2337400,BID
2023-06-29,32.93,33.29,32.28,32.28,1582000,BID
2023-06-30,32.28,32.5,31.44,31.44,975000,BID
2023-07-03,31.85,32.28,31.7,32.28,1085400,BID
2023-07-04,32.2,32.31,31.73,31.91,1183300,BID
2023-07-05,32.05,32.46,31.95,32.17,1294400,BID
2023-07-06,32.05,32.38,31.63,31.88,1337000,BID
2023-07-07,31.7,32.13,31.7,32.13,880100,BID
2023-07-10,32.2,34.05,32.05,34.05,4620400,BID
2023-07-11,34.23,34.38,33.72,33.76,2620200,BID
2023-07-12,34.05,34.2,33.47,33.87,2332100,BID
2023-07-13,34.02,34.45,33.76,34.02,1884600,BID
2023-07-14,34.02,34.56,33.4,33.91,2606100,BID
2023-07-17,33.91,34.17,33.51,33.51,2231500,BID
2023-07-18,33.51,33.87,33.51,33.87,1667200,BID
2023-07-19,34.02,34.02,33.26,33.55,2329500,BID
2023-07-20,33.51,33.65,33.26,33.55,934600,BID
2023-07-21,33.55,33.91,33.44,33.91,1422100,BID
2023-07-24,34.02,34.53,33.94,33.94,1970000,BID
2023-07-25,33.91,34.23,33.87,34.2,1621600,BID
2023-07-26,34.2,34.85,34.2,34.35,2329100,BID
2023-07-27,34.31,34.38,33.83,33.87,1369700,BID
2023-07-28,33.87,34.31,33.65,33.87,1754600,BID
2023-07-31,34.09,34.42,33.87,34.23,1873000,BID
2023-08-01,34.5,35.91,34.23,34.96,3814100,BID
2023-08-02,34.96,35.76,34.92,35.61,2355600,BID
2023-08-03,35.61,35.65,35.11,35.21,2094400,BID
2023-08-04,35.18,35.47,34.96,35.11,2196000,BID
2023-08-07,35.33,35.86,35.14,35.44,2004700,BID
2023-08-08,35.47,35.86,35.21,35.29,2104900,BID
2023-08-09,35.29,35.4,34.85,34.96,1802300,BID
2023-08-10,34.96,35.11,33.72,33.72,2612100,BID
2023-08-11,33.72,34.02,33.07,33.87,2102400,BID
2023-08-14,34.09,34.56,33.83,34.53,2117100,BID
2023-08-15,34.38,34.53,33.98,34.09,1658000,BID
2023-08-16,34.05,34.53,34.02,34.45,1353700,BID
2023-08-17,34.45,34.6,34.17,34.17,1666000,BID
2023-08-18,34.17,34.17,31.98,32.05,2845400,BID
2023-08-21,32.35,33.98,32.28,33.07,1810000,BID
2023-08-22,32.57,33.33,32.28,33.22,1287500,BID
2023-08-23,33.51,33.51,32.93,33.14,1363100,BID
2023-08-24,33.14,33.44,32.89,33.22,1360100,BID
2023-08-25,33.22,33.22,32.68,32.79,1174700,BID
2023-08-28,32.89,33.29,32.85,32.93,740300,BID
2023-08-29,32.93,33.44,32.89,33.22,1359600,BID
2023-08-30,33.37,33.79,33.22,33.51,1123800,BID
2023-08-31,33.62,34.05,33.59,34.05,1668900,BID
2023-09-05,34.09,34.6,34.09,34.45,1362300,BID
2023-09-06,34.6,34.6,34.2,34.31,1178700,BID
2023-09-07,34.45,34.92,34.23,34.35,1172700,BID
2023-09-08,34.45,34.5,34.05,34.09,1600700,BID
2023-09-11,34.38,34.38,33.37,33.72,967200,BID
2023-09-12,33.91,34.09,33.65,34.09,991700,BID
2023-09-13,34.17,34.35,33.72,34.09,1201100,BID
2023-09-14,34.09,34.74,33.91,33.91,1873900,BID
2023-09-15,34.09,34.38,33.94,33.94,1054000,BID
2023-09-18,34.09,34.09,32.85,33.18,1446600,BID
2023-09-19,33.22,33.47,32.64,32.79,1189600,BID
2023-09-20,32.79,33.14,32.71,33.14,673300,BID
2023-09-21,33.14,33.4,32.71,32.79,915200,BID
2023-09-22,32.5,33.4,32.05,33.4,1822500,BID
2023-09-25,33.4,33.4,32.57,32.71,1038300,BID
2023-09-26,32.85,32.85,32.05,32.17,1121800,BID
2023-09-27,32.17,32.43,32.09,32.2,1079800,BID
2023-09-28,32.17,32.43,32.09,32.17,695600,BID
2023-09-29,32.2,32.46,32.05,32.17,542600,BID
2023-10-02,32.17,32.38,31.77,31.88,688100,BID
2023-10-03,31.66,31.73,30.13,30.13,1336300,BID
2023-10-04,29.74,31.15,29.74,30.83,892900,BID
2023-10-05,30.83,31.07,30.13,30.17,526100,BID
2023-10-06,30.17,30.83,29.88,30.61,555200,BID
2023-10-09,30.61,30.68,30.31,30.43,699800,BID
2023-10-10,30.61,30.83,30.39,30.49,876600,BID
2023-10-11,30.83,30.83,30.28,30.46,1117500,BID
2023-10-12,30.49,30.76,30.39,30.57,1015900,BID
2023-10-13,30.61,30.83,30.54,30.83,1027000,BID
2023-10-16,30.83,30.83,29.92,30.21,973400,BID
2023-10-17,30.39,30.61,29.96,29.96,978500,BID
2023-10-18,29.96,29.99,29.02,29.02,1455600,BID
2023-10-19,29.16,29.45,28.8,29.16,1169600,BID
2023-10-20,29.16,29.37,28.69,29.37,978400,BID
2023-10-23,29.22,29.37,29.08,29.22,706800,BID
2023-10-24,29.13,30.07,29.13,29.96,915400,BID
2023-10-25,29.96,30.17,29.55,29.55,741800,BID
2023-10-26,29.02,29.66,28.29,29.41,1976000,BID
2023-10-27,29.41,30.46,29.16,30.46,894500,BID
2023-10-30,30.39,30.39,29.74,29.74,540600,BID
2023-10-31,29.74,30.11,29.16,29.16,545000,BID
2023-11-01,29.66,29.66,28.8,29.02,350900,BID
2023-11-02,29.63,30.21,29.45,30.21,690200,BID
2023-11-03,30.64,30.64,30.11,30.11,563400,BID
2023-11-06,30.21,30.61,30.17,30.31,586900,BID
2023-11-07,30.46,30.46,30.11,30.31,531300,BID
2023-11-08,30.21,31.19,30.13,31.11,966700,BID
2023-11-09,31.19,31.29,30.9,31.07,756700,BID
2023-11-10,30.76,31.11,30.54,30.61,627400,BID
2023-11-13,30.61,30.97,30.43,30.54,473900,BID
2023-11-14,30.64,31.52,30.64,31.19,1571600,BID
2023-11-15,31.48,32.02,31.34,32.02,1449200,BID
2023-11-16,32.09,32.2,31.52,31.73,970300,BID
2023-11-17,31.91,31.91,30.87,31.11,1209700,BID
2023-11-20,30.46,31.81,30.46,31.29,809800,BID
2023-11-21,31.7,31.88,31.19,31.88,824200,BID
2023-11-22,31.88,31.91,31.48,31.63,738100,BID
2023-11-23,31.91,31.91,31.19,31.19,755300,BID
2023-11-24,31.19,31.66,30.76,31.66,811000,BID
2023-11-27,31.66,31.66,31.04,31.19,747600,BID
2023-11-28,31.88,31.88,31.22,31.76,833900,BID
2023-11-29,31.88,32.12,31.8,32.12,811800,BID
2023-11-30,31.88,32.28,31.72,31.76,726300,BID
2023-12-01,31.8,32.28,31.76,32.2,761100,BID
2023-12-04,32.28,32.53,32.16,32.53,711900,BID
2023-12-05,32.53,32.62,32.2,32.41,654400,BID
2023-12-06,32.41,33.02,32.2,32.7,1157100,BID
2023-12-07,32.98,33.51,32.7,33.18,1955000,BID
2023-12-08,33.18,34.33,33.18,34.25,2406400,BID
2023-12-11,34.33,34.5,33.79,33.83,1589400,BID
2023-12-12,33.92,34.37,33.68,34.25,956500,BID
2023-12-13,34.25,34.33,33.18,34.0,793400,BID
2023-12-14,34.04,34.17,33.75,34.0,779800,BID
2023-12-15,33.88,34.08,33.71,33.92,562000,BID
2023-12-18,33.56,33.92,33.1,33.51,678400,BID
2023-12-19,33.51,33.92,33.14,33.68,823300,BID
2023-12-20,34.25,34.33,33.35,33.75,1024900,BID
2023-12-21,33.43,34.25,33.43,34.17,1136900,BID
2023-12-22,34.17,34.69,33.83,34.69,1189100,BID
2023-12-25,34.73,35.4,34.33,35.31,1173400,BID
2023-12-26,35.31,35.59,34.9,35.15,1163800,BID
2023-12-27,34.98,35.31,34.98,35.15,938900,BID
2023-12-28,35.15,35.27,34.9,34.9,1099500,BID
2023-12-29,34.9,35.48,34.58,35.48,882100,BID
2024-01-02,35.48,35.63,34.9,35.15,1112000,BID
2024-01-03,35.48,36.05,35.15,35.8,1559300,BID
2024-01-04,35.88,36.78,35.63,35.67,3213200,BID
2024-01-05,35.72,36.74,35.72,36.38,1329800,BID
2024-01-08,36.61,38.01,36.49,37.93,1949000,BID
2024-01-09,38.41,38.41,37.64,37.64,1741100,BID
2024-01-10,37.64,39.07,37.6,38.74,2141800,BID
2024-01-11,38.58,38.62,37.76,38.01,3385600,BID
2024-01-12,37.51,38.58,36.82,37.6,3074500,BID
2024-01-15,37.64,38.41,37.64,38.09,1335700,BID
2024-01-16,37.64,38.37,37.64,38.33,1130700,BID
2024-01-17,38.05,38.41,37.84,38.29,1463000,BID
2024-01-18,38.29,39.11,38.13,38.83,2278300,BID
2024-01-19,39.15,40.75,38.58,40.75,2954000,BID
2024-01-22,40.83,41.03,39.81,40.71,2365400,BID
2024-01-23,40.46,40.71,39.77,40.38,2182200,BID
2024-01-24,39.64,40.21,39.6,39.97,1868700,BID
2024-01-25,39.97,40.67,39.56,39.56,1348900,BID
2024-01-26,39.56,40.0,39.56,40.0,812400,BID
2024-01-29,39.97,40.21,39.64,39.81,984500,BID
2024-01-30,39.89,39.97,39.39,39.6,1121300,BID
2024-01-31,39.64,39.89,38.83,38.99,1673600,BID
2024-02-01,38.83,39.19,38.54,38.62,1542600,BID
2024-02-02,38.66,38.83,38.18,38.33,1952800,BID
2024-02-05,38.5,40.38,38.45,39.77,2249900,BID
2024-02-06,39.89,39.89,39.23,39.89,1527400,BID
2024-02-07,39.89,40.09,39.73,40.0,1859200,BID
2024-02-15,40.0,40.25,39.6,40.0,1625600,BID
2024-02-16,40.05,40.05,39.48,39.68,1353000,BID
2024-02-19,39.85,41.11,39.44,40.29,3283300,BID
2024-02-20,40.46,41.03,40.38,40.38,1569300,BID
2024-02-21,40.67,40.71,39.97,40.67,1850900,BID
2024-02-22,40.71,40.79,40.46,40.67,1596200,BID
2024-02-23,40.71,43.49,40.29,42.51,6935200,BID
2024-02-26,43.16,44.54,42.51,43.81,1533000,BID
2024-02-27,43.89,44.14,43.32,43.32,1742700,BID
2024-02-28,43.49,44.79,42.74,44.06,2342300,BID
2024-02-29,44.06,44.14,43.32,43.32,1337300,BID
2024-03-01,43.57,44.39,42.83,43.72,1246100,BID
2024-03-04,43.81,44.54,42.91,43.72,2330400,BID
2024-03-05,43.72,44.47,43.24,44.47,1200400,BID
2024-03-06,44.14,44.79,43.72,44.47,1585300,BID
2024-03-07,44.47,44.47,43.49,43.57,2125200,BID
2024-03-08,43.64,43.64,40.54,41.77,2740700,BID
2024-03-11,42.34,42.83,41.28,41.28,1478700,BID
2024-03-12,41.36,42.59,41.28,42.51,1210100,BID
2024-03-13,42.67,42.99,42.34,42.99,1398100,BID
2024-03-14,43.72,43.72,42.01,42.26,1482400,BID
2024-03-15,42.17,43.16,41.69,42.67,1433700,BID
2024-03-18,42.51,43.16,40.79,42.51,1481000,BID
2024-03-19,42.59,42.59,41.69,42.17,765300,BID
2024-03-20,42.17,43.4,41.28,43.32,3132600,BID
2024-03-21,43.49,43.64,43.16,43.32,1857100,BID
2024-03-22,43.57,46.34,43.57,44.3,4361200,BID
2024-03-25,44.3,45.37,43.07,43.32,1262200,BID
2024-03-26,43.32,44.06,43.32,43.32,1409500,BID
2024-03-27,43.57,43.57,42.91,42.91,1607900,BID
2024-03-28,43.49,44.06,42.91,42.99,1358700,BID
2024-03-29,43.49,43.49,42.51,42.59,1788300,BID
2024-04-01,42.67,43.07,42.26,42.59,1362900,BID
2024-04-02,42.42,42.83,42.09,42.42,1576300,BID
2024-04-03,42.51,42.74,41.69,41.69,1496500,BID
2024-04-04,42.34,42.34,41.69,41.69,1093500,BID
2024-04-05,41.61,41.61,41.03,41.03,1654900,BID
2024-04-08,41.03,42.17,40.87,41.52,904800,BID
2024-04-09,41.77,43.07,41.52,43.07,1751000,BID
2024-04-10,43.16,43.16,42.42,42.51,1193200,BID
2024-04-11,42.09,43.64,41.93,43.32,2276400,BID
2024-04-12,43.32,44.54,43.16,43.64,3374100,BID
2024-04-15,43.57,44.54,40.62,40.62,2541500,BID
2024-04-16,40.62,41.84,40.42,41.11,2349900,BID
2024-04-17,41.61,41.69,39.23,39.31,1973200,BID
2024-04-19,39.15,40.46,38.5,39.52,2170000,BID
2024-04-22,39.89,40.94,39.89,40.94,1298900,BID
2024-04-23,40.21,41.28,39.64,40.38,2273300,BID
2024-04-24,40.42,41.19,40.34,40.87,1416800,BID
2024-04-25,40.67,41.11,40.29,40.54,1053600,BID
2024-04-26,40.54,40.94,40.13,40.21,774500,BID
2024-05-02,40.29,40.62,39.93,40.21,568700,BID
2024-05-03,40.58,40.79,40.05,40.21,700800,BID
2024-05-06,40.29,41.28,40.29,41.28,1192000,BID
2024-05-07,41.36,41.69,40.87,40.87,1069500,BID
2024-05-08,40.94,41.52,40.71,40.71,1057600,BID
2024-05-09,41.11,41.11,40.46,40.46,970600,BID
2024-05-10,40.54,40.67,40.0,40.09,827700,BID
2024-05-13,40.21,40.46,39.64,39.73,1663700,BID
2024-05-14,39.89,40.21,39.27,39.31,1948300,BID
2024-05-15,39.6,40.0,39.52,39.73,1393000,BID
2024-05-16,40.17,41.11,40.09,40.54,2097300,BID
2024-05-17,40.58,40.62,40.21,40.34,1518300,BID
2024-05-20,40.54,41.44,40.46,40.54,2191900,BID
2024-05-21,40.87,41.11,40.38,40.87,1794700,BID
2024-05-22,41.28,41.84,40.67,40.71,2428000,BID
2024-05-23,40.71,41.03,40.38,40.46,1788900,BID
2024-05-24,40.54,41.36,39.64,40.21,2175600,BID
2024-05-27,40.38,40.38,39.68,39.97,763200,BID
2024-05-28,40.05,40.21,39.73,40.13,1230700,BID
2024-05-29,40.42,40.42,39.73,39.73,1388900,BID
2024-05-30,39.56,39.64,38.74,38.99,2092000,BID
2024-05-31,38.99,39.48,38.5,38.5,1967800,BID
2024-06-03,39.15,39.6,38.58,38.66,2095200,BID
2024-06-04,39.11,39.39,38.87,38.91,1112900,BID
2024-06-05,39.15,39.39,38.95,38.95,1799400,BID
2024-06-06,38.99,39.31,38.99,39.15,1413000,BID
2024-06-07,39.31,39.48,38.99,39.03,1233400,BID
2024-06-10,39.11,39.68,38.87,38.95,2062700,BID
2024-06-11,39.07,39.11,38.58,38.7,2535500,BID
2024-06-12,38.91,39.19,38.41,39.15,2649200,BID
2024-06-13,39.52,39.52,39.15,39.52,2615400,BID
2024-06-14,39.56,39.85,38.83,38.83,2240900,BID
2024-06-17,38.83,38.83,38.01,38.01,2812800,BID
2024-06-18,38.18,38.45,38.01,38.01,1468000,BID
2024-06-19,38.25,38.25,37.47,37.68,2599500,BID
2024-06-20,37.6,37.76,37.07,37.19,2671200,BID
2024-06-21,37.28,37.97,37.23,37.28,1540200,BID
2024-06-24,37.6,37.89,36.78,36.78,1951000,BID
2024-06-25,37.11,37.35,35.59,36.13,2891100,BID
2024-06-26,36.17,36.61,35.96,36.38,1689800,BID
2024-06-27,36.53,36.78,36.05,36.05,1573600,BID
2024-06-28,36.05,36.45,35.35,35.35,2120500,BID
2024-07-01,35.4,35.88,35.15,35.88,1236800,BID
2024-07-02,36.17,37.43,36.0,37.39,3612500,BID
2024-07-03,37.6,38.58,37.23,38.58,4601800,BID
2024-07-04,38.41,38.74,38.25,38.66,2666100,BID
2024-07-05,38.7,39.39,38.5,38.66,4622000,BID
2024-07-08,38.87,39.07,38.21,38.41,1981700,BID
2024-07-09,38.83,39.23,38.33,38.83,2572300,BID
2024-07-10,39.11,39.15,38.33,38.33,2019900,BID
2024-07-11,38.78,38.78,38.25,38.25,1293700,BID
2024-07-12,38.33,38.58,37.8,38.09,1435600,BID
2024-07-15,38.41,38.45,37.84,38.05,1185400,BID
2024-07-16,38.25,39.48,38.01,38.54,4079700,BID
2024-07-17,39.15,40.87,38.87,39.23,7855000,BID
2024-07-18,39.73,40.29,39.11,39.64,3362700,BID
2024-07-19,39.89,40.05,38.83,38.99,3082700,BID
2024-07-22,38.99,39.81,38.58,38.99,3438100,BID
2024-07-23,39.07,39.44,36.38,37.6,3359700,BID
2024-07-24,36.78,38.29,36.78,37.68,2478000,BID
2024-07-25,37.97,37.97,37.19,37.6,1465000,BID
2024-07-26,37.84,38.05,37.47,37.8,1238300,BID
2024-07-29,37.89,38.62,37.89,38.5,1045400,BID
2024-07-30,38.7,38.7,38.01,38.25,2282100,BID
2024-07-31,38.41,39.56,38.33,38.91,3161200,BID
2024-08-01,39.15,39.97,38.25,38.25,3825500,BID
2024-08-02,38.01,39.03,38.01,39.03,1968800,BID
2024-08-05,38.33,38.58,36.78,37.68,2723100,BID
2024-08-06,37.93,38.95,37.47,38.21,1806100,BID
2024-08-07,38.74,38.74,37.6,37.93,2145000,BID
2024-08-08,38.01,38.25,37.35,37.6,1424000,BID
2024-08-09,38.41,38.41,37.89,38.18,1050900,BID
2024-08-12,38.18,38.7,38.01,38.25,1358400,BID
2024-08-13,38.41,38.54,38.01,38.13,1015400,BID
2024-08-14,38.25,39.03,38.25,38.45,1703800,BID
2024-08-15,38.45,38.78,38.13,38.13,1004300,BID
2024-08-16,38.21,39.27,38.21,38.83,2382200,BID
2024-08-19,39.07,39.64,38.91,39.15,2107200,BID
2024-08-20,39.48,40.21,39.35,40.17,4359400,BID
2024-08-21,40.42,41.52,40.09,41.36,6170900,BID
2024-08-22,41.69,41.93,40.79,41.11,2738000,BID
2024-08-23,41.03,41.52,40.94,41.28,2273200,BID
2024-08-26,41.52,41.61,40.94,41.03,2246500,BID
2024-08-27,41.11,41.11,40.13,40.54,4159800,BID
2024-08-28,40.54,41.11,40.46,40.54,1206100,BID
2024-08-29,40.29,41.36,40.29,40.29,1686100,BID
2024-08-30,40.5,40.62,39.97,39.97,1798000,BID
2024-09-04,39.64,40.42,39.35,40.0,1971000,BID
2024-09-05,39.85,40.46,39.73,39.81,1899400,BID
2024-09-06,39.81,40.46,39.77,40.29,2361500,BID
2024-09-09,40.21,40.5,39.97,40.09,1202400,BID
2024-09-10,40.29,40.29,39.6,39.64,2399900,BID
2024-09-11,39.6,39.77,39.23,39.48,1405800,BID
2024-09-12,39.64,39.81,39.52,39.52,1105200,BID
2024-09-13,39.39,39.68,39.39,39.39,747400,BID
2024-09-16,39.39,39.73,39.03,39.03,1570700,BID
2024-09-17,39.07,39.81,38.83,39.81,1363300,BID
2024-09-18,39.89,40.42,39.64,40.09,1836300,BID
2024-09-19,40.0,40.25,39.89,40.25,1356100,BID
2024-09-20,40.46,40.79,40.09,40.09,2652200,BID
2024-09-23,40.09,40.38,39.81,39.81,1217700,BID
2024-09-24,40.0,40.25,39.64,40.25,1414200,BID
2024-09-25,40.62,41.19,40.34,40.87,5257900,BID
2024-09-26,41.11,41.52,40.75,40.87,4232600,BID
2024-09-27,41.11,42.26,40.87,40.94,3204000,BID
2024-09-30,40.94,41.03,40.54,40.62,2190600,BID
2024-10-01,40.62,41.44,40.62,40.62,2817700,BID
2024-10-02,40.62,41.03,40.54,40.71,1835200,BID
2024-10-03,40.71,41.52,40.46,40.46,3503800,BID
2024-10-04,40.46,40.54,40.17,40.21,2164800,BID
2024-10-07,40.46,40.46,40.05,40.09,1492500,BID
2024-10-08,40.09,40.34,39.89,39.97,1900100,BID
2024-10-09,40.21,40.54,39.89,40.42,2190900,BID
2024-10-10,40.83,40.83,40.38,40.67,2650400,BID
2024-10-11,40.75,40.75,40.29,40.38,1539800,BID
2024-10-14,40.46,40.67,40.38,40.38,1161900,BID
2024-10-15,40.46,41.69,40.46,40.87,6928400,BID
2024-10-16,40.87,41.28,40.71,40.75,1789000,BID
2024-10-17,41.03,41.11,40.5,41.11,2118900,BID
2024-10-18,41.44,41.69,41.11,41.11,3395100,BID
2024-10-21,40.87,41.03,40.58,40.58,2125200,BID
2024-10-22,40.62,40.62,39.81,39.85,3371700,BID
2024-10-23,39.85,39.85,39.23,39.56,2397200,BID
2024-10-24,39.31,39.93,39.23,39.23,1465200,BID
2024-10-25,39.27,39.48,38.83,38.83,1696500,BID
2024-10-28,38.83,39.03,38.66,38.83,1726200,BID
2024-10-29,38.99,39.6,38.83,38.87,2176400,BID
2024-10-30,38.95,39.39,38.95,38.99,1415800,BID
2024-10-31,39.23,39.6,38.95,39.03,1792200,BID
2024-11-01,39.23,39.31,38.87,39.03,1543200,BID
2024-11-04,39.03,39.39,38.87,38.99,1337100,BID
2024-11-05,38.99,39.15,38.7,38.74,1526000,BID
2024-11-06,38.91,39.35,38.91,39.27,1082600,BID
2024-11-07,39.56,39.56,38.91,38.91,1263600,BID
2024-11-08,38.99,39.15,38.41,38.74,2648700,BID
2024-11-11,38.74,38.83,37.93,38.01,2600300,BID
2024-11-12,38.01,38.29,37.84,37.84,1686200,BID
2024-11-13,37.84,38.01,37.47,37.72,1816400,BID
2024-11-14,37.8,37.8,37.19,37.19,1998500,BID
2024-11-15,37.28,37.28,36.53,36.53,2255800,BID
2024-11-18,36.49,37.28,36.34,36.34,1914300,BID
2024-11-19,36.95,36.95,36.45,36.45,1457400,BID
2024-11-20,36.53,37.47,36.38,36.78,2188800,BID
2024-11-21,36.86,37.31,36.86,37.07,1472400,BID
2024-11-22,37.43,37.43,36.99,37.35,1874700,BID
2024-11-25,37.35,37.43,37.19,37.23,1110400,BID
2024-11-26,37.19,37.8,37.19,37.8,1839300,BID
2024-11-27,37.8,37.97,37.64,37.89,1214900,BID
2024-11-28,38.01,38.05,37.68,37.68,1284700,BID
2024-11-29,37.68,38.21,37.47,38.21,1443200,BID
2024-12-02,38.33,38.5,38.01,38.01,1314100,BID
2024-12-03,38.01,38.01,37.64,37.64,1400100,BID
2024-12-04,37.68,37.72,36.9,36.9,2399100,BID
2024-12-05,37.03,38.25,37.03,37.6,2427400,BID
2024-12-06,37.93,38.37,37.93,38.09,2497200,BID
2024-12-09,38.13,38.41,38.09,38.18,1717700,BID
2024-12-10,38.25,38.7,38.21,38.21,1943300,BID
2024-12-11,38.37,38.41,38.01,38.09,1286600,BID
2024-12-12,38.18,38.54,38.09,38.09,1935300,BID
2024-12-13,38.05,38.25,37.93,37.93,1382900,BID
2024-12-16,38.41,38.62,38.18,38.21,3247200,BID
2024-12-17,38.41,38.54,38.09,38.09,2248800,BID
2024-12-18,38.29,38.41,38.18,38.29,1661100,BID
2024-12-19,38.13,38.21,37.93,37.97,2706000,BID
2024-12-20,38.01,38.18,37.89,37.97,2993400,BID
2024-12-23,38.47,38.57,38.08,38.18,2895400,BID
2024-12-24,38.27,38.42,37.63,37.68,3216000,BID
2024-12-25,37.78,39.36,37.68,38.22,5277300,BID
2024-12-26,38.52,38.92,38.37,38.57,3884200,BID
2024-12-27,38.82,39.07,38.67,38.72,2859500,BID
2024-12-30,38.67,38.72,37.83,37.83,4011800,BID
2024-12-31,38.08,38.32,37.14,37.14,3416900,BID
2025-01-02,37.78,38.22,37.48,37.78,3160500,BID
2025-01-03,37.78,38.18,37.78,37.78,3698500,BID
2025-01-06,37.88,38.72,37.78,38.37,4820800,BID
2025-01-07,38.67,40.05,38.62,39.96,10448400,BID
2025-01-08,39.96,39.96,39.21,39.91,3125200,BID
2025-01-09,39.46,39.61,38.92,39.51,3599100,BID
2025-01-10,39.46,39.46,38.67,38.67,3114500,BID
2025-01-13,38.67,38.92,37.98,38.87,2461400,BID
2025-01-14,38.77,38.77,38.47,38.57,957600,BID
2025-01-15,38.77,38.77,38.18,38.77,1485800,BID
2025-01-16,38.77,39.07,38.62,38.97,1628500,BID
2025-01-17,38.77,39.07,38.62,39.07,1572900,BID
2025-01-20,39.02,39.66,38.97,39.46,2854300,BID
2025-01-21,39.61,39.61,39.07,39.36,2139600,BID
2025-01-22,39.36,39.36,39.02,39.07,2020900,BID
2025-01-23,39.07,39.66,39.02,39.46,2925500,BID
2025-01-24,39.46,39.56,39.31,39.56,2333900,BID
2025-02-03,39.26,39.46,38.67,38.97,3550500,BID
2025-02-04,39.07,39.66,38.72,39.21,4270900,BID
2025-02-05,39.46,39.51,39.11,39.16,2370300,BID
2025-02-06,39.21,39.56,39.16,39.36,3976100,BID
2025-02-07,39.36,40.35,39.36,40.05,8054000,BID
2025-02-10,40.05,40.75,39.66,39.91,4596700,BID
2025-02-11,40.05,40.3,39.66,40.0,2873800,BID
2025-02-12,39.91,40.0,39.46,39.56,4336000,BID
2025-02-13,39.56,39.81,39.46,39.56,2430100,BID
2025-02-14,39.91,40.4,39.71,40.2,4557800,BID
2025-02-17,40.2,40.2,39.71,39.76,2273100,BID
2025-02-18,39.66,40.2,39.61,40.05,3320100,BID
2025-02-19,40.05,40.45,39.96,40.4,5452400,BID
2025-02-20,40.55,40.6,40.2,40.45,3398400,BID
2025-02-21,40.4,40.6,40.2,40.45,2988800,BID
2025-02-24,40.45,40.94,40.25,40.65,4168600,BID
2025-02-25,40.7,40.9,40.55,40.8,4348800,BID
2025-02-26,40.75,40.8,40.5,40.75,3020100,BID
2025-02-27,40.75,40.85,40.45,40.5,2552300,BID
2025-02-28,40.5,40.5,40.25,40.5,3051600,BID
2025-03-03,40.5,40.75,40.4,40.5,1966100,BID
2025-03-04,40.35,40.45,39.96,40.35,3340100,BID
2025-03-05,40.25,40.7,40.0,40.2,2829800,BID
2025-03-06,40.2,40.45,40.1,40.35,2390500,BID
2025-03-07,40.35,40.7,40.25,40.7,4622400,BID
2025-03-10,40.85,41.54,40.75,40.94,4881700,BID
2025-03-11,40.5,40.94,40.3,40.94,3352200,BID
2025-03-12,40.9,40.94,40.4,40.45,3968100,BID
2025-03-13,40.45,40.45,39.66,39.76,3981300,BID
2025-03-14,39.76,39.96,39.61,39.96,2298100,BID
2025-03-17,39.96,40.1,39.71,39.91,3319900,BID
2025-03-18,40.05,40.15,39.56,39.56,3419200,BID
2025-03-19,39.76,39.76,39.11,39.36,3182000,BID
2025-03-20,39.11,39.46,39.11,39.36,2255800,BID
2025-03-21,39.16,39.36,39.02,39.02,2407600,BID
2025-03-24,39.02,39.07,38.57,38.67,3733500,BID
2025-03-25,38.77,39.26,38.77,39.26,2936500,BID
2025-03-26,39.16,39.41,38.97,39.11,2603800,BID
2025-03-27,39.21,39.21,38.67,38.67,1862400,BID
2025-03-28,38.72,38.82,38.62,38.67,1401500,BID
2025-03-31,38.57,38.57,38.08,38.32,2899600,BID
2025-04-01,38.47,38.57,38.27,38.57,1367000,BID
2025-04-02,38.82,38.82,38.27,38.27,3026000,BID
2025-04-03,36.59,37.48,35.6,35.6,7520100,BID
2025-04-04,33.18,35.6,33.18,35.6,6883200,BID
2025-04-08,34.61,35.11,33.13,33.13,4706500,BID
2025-04-09,30.86,34.12,30.86,32.09,6519100,BID
2025-04-10,34.32,34.32,34.32,34.32,635800,BID
2025-04-11,36.49,36.49,35.16,36.35,6947500,BID
2025-04-14,36.59,36.59,35.6,36.59,3547400,BID
2025-04-15,36.2,36.35,35.6,36.1,2999100,BID
2025-04-16,35.7,36.0,35.31,35.6,2914600,BID
2025-04-17,34.81,35.46,34.57,35.46,3126800,BID
2025-04-18,35.8,35.85,35.46,35.55,3477600,BID
2025-04-21,35.55,35.6,34.71,34.86,2105600,BID
2025-04-22,34.76,34.81,32.44,34.71,3599300,BID
2025-04-23,35.36,35.36,34.61,34.96,1849600,BID
2025-04-24,34.96,35.06,34.52,35.06,2028700,BID
2025-04-25,34.91,35.01,34.61,34.61,2684500,BID
2025-04-28,34.91,34.91,34.02,34.17,3320200,BID
2025-04-29,34.22,34.37,33.97,34.17,2440200,BID
2025-05-05,34.37,34.47,34.32,34.47,1834700,BID
2025-05-06,34.52,34.81,34.17,34.57,2972100,BID
2025-05-07,34.42,34.52,34.22,34.52,2129800,BID
2025-05-08,34.52,35.16,34.32,35.06,4666200,BID
2025-05-09,35.16,35.31,34.71,34.71,3058100,BID
2025-05-12,34.71,34.91,34.61,34.86,3137300,BID
2025-05-13,35.06,35.41,34.91,35.41,6592100,BID
2025-05-14,35.55,37.09,35.51,37.04,11855500,BID
2025-05-15,37.09,37.29,36.74,36.99,6223800,BID
2025-05-16,36.99,37.04,36.15,36.2,5773600,BID
2025-05-19,36.1,36.15,35.7,35.8,2742800,BID
2025-05-20,35.85,36.0,35.46,35.8,4650500,BID
2025-05-21,35.95,36.44,35.6,35.8,3685900,BID
2025-05-22,35.8,35.8,35.46,35.6,3481000,BID
2025-05-23,35.6,35.6,35.11,35.46,3338100,BID
2025-05-26,35.46,35.51,34.61,35.46,2512800,BID
2025-05-27,35.6,36.0,35.41,35.9,3546900,BID
2025-05-28,36.54,36.54,35.65,36.1,4671900,BID
2025-05-29,36.1,36.1,35.7,36.05,3029800,BID
2025-05-30,36.0,36.0,35.41,35.6,2334100,BID
2025-06-02,35.41,35.46,35.11,35.31,2796500,BID
2025-06-03,35.51,35.75,35.41,35.51,2729300,BID
2025-06-04,35.6,35.7,35.26,35.36,3010300,BID
2025-06-05,35.51,35.51,35.06,35.11,3302200,BID
2025-06-06,35.11,35.26,34.81,34.86,2792100,BID
2025-06-09,34.86,34.96,34.61,34.86,1659900,BID
2025-06-10,34.86,35.06,34.81,34.81,1865600,BID
2025-06-11,34.91,35.01,34.61,34.66,1236800,BID
2025-06-12,34.71,35.01,34.71,34.91,1416400,BID
2025-06-13,34.66,35.85,34.61,35.16,6320900,BID
2025-06-16,35.16,35.51,35.06,35.46,2707600,BID
2025-06-17,35.6,35.8,35.46,35.51,3745800,BID
2025-06-18,35.51,35.65,35.21,35.26,2595800,BID
2025-06-19,35.31,35.51,35.11,35.41,1873000,BID
2025-06-20,35.41,36.0,35.41,35.6,5982300,BID
2025-06-23,35.26,35.6,35.16,35.46,2289600,BID
2025-06-24,35.65,35.8,35.31,35.6,4416300,BID
2025-06-25,35.65,35.85,35.46,35.46,3395300,BID
2025-06-26,35.51,35.55,35.21,35.31,2340200,BID
2025-06-27,35.31,36.25,35.31,35.7,8298600,BID
2025-06-30,35.95,35.95,35.8,35.9,4550000,BID
2025-07-01,35.95,36.44,35.85,36.2,7013400,BID
2025-07-02,36.2,36.25,35.9,36.0,3804400,BID
2025-07-03,36.1,36.4,35.75,35.9,6056200,BID
2025-07-04,36.05,36.3,35.9,36.15,3907700,BID
2025-07-07,36.25,36.79,36.25,36.79,11238100,BID
2025-07-08,36.79,37.09,36.59,37.09,7363100,BID
2025-07-09,37.24,38.03,37.09,37.78,11136600,BID
2025-07-10,38.08,38.27,37.63,37.83,7732900,BID
2025-07-11,37.83,38.22,37.73,37.88,8713900,BID
2025-07-14,38.08,38.92,37.88,38.22,8309600,BID
2025-07-15,38.18,38.32,37.68,37.68,5787900,BID
2025-07-16,37.48,37.98,37.43,37.98,7121600,BID
2025-07-17,38.37,38.37,37.73,37.88,5679300,BID
2025-07-18,37.88,38.37,37.58,37.93,9035700,BID
2025-07-21,38.03,38.22,37.63,37.68,6201500,BID
2025-07-22,37.63,38.87,37.58,38.47,10824300,BID
2025-07-23,38.67,38.77,38.13,38.27,6983000,BID
2025-07-24,38.57,39.21,38.27,38.42,10953100,BID
2025-07-25,38.67,38.67,38.32,38.42,6289500,BID
2025-07-28,38.67,39.36,38.47,38.97,11057400,BID
2025-07-29,39.21,39.21,36.99,36.99,15396400,BID
2025-07-30,36.99,38.37,36.89,37.68,9305000,BID
2025-07-31,38.08,38.08,37.09,37.43,6291400,BID
2025-08-01,37.43,37.88,36.69,36.79,7122300,BID
2025-08-04,36.79,37.83,36.79,37.63,4467900,BID
2025-08-05,37.98,39.76,37.78,38.32,28540100,BID
2025-08-06,38.57,39.46,38.52,39.07,6984500,BID
2025-08-07,39.26,40.05,39.07,40.0,12283900,BID
2025-08-08,40.55,40.55,38.92,39.26,16734500,BID
2025-08-11,39.56,40.15,39.16,39.76,11391300,BID
2025-08-12,40.05,41.49,40.0,41.04,15346900,BID
2025-08-13,41.34,41.34,39.86,40.9,11836100,BID
2025-08-14,41.14,42.18,40.7,41.69,15166900,BID
2025-08-15,42.13,42.13,40.25,40.55,14374100,BID
2025-08-18,40.6,40.85,40.15,40.35,7511900,BID
2025-08-19,40.45,41.04,40.25,40.4,9924300,BID
2025-08-20,40.55,41.39,39.16,40.25,14543200,BID
2025-08-21,40.55,42.13,40.45,41.83,17322300,BID
2025-08-22,41.93,44.6,41.49,42.77,22730700,BID
2025-08-25,43.42,43.42,40.55,40.55,11310800,BID
2025-08-26,40.55,41.39,40.1,41.34,11173900,BID
2025-08-27,41.69,44.01,41.39,42.33,14870300,BID
2025-08-28,42.58,42.77,41.79,42.03,5841200,BID
2025-08-29,42.23,43.12,42.03,42.38,10429800,BID
2025-09-03,42.63,43.42,41.59,43.02,11349700,BID
2025-09-04,43.27,43.47,42.68,42.92,7236000,BID
2025-09-05,43.12,43.12,41.49,41.49,13561000,BID
2025-09-08,41.24,41.39,40.2,40.2,9074900,BID
2025-09-09,40.2,40.55,39.91,40.2,4248700,BID
2025-09-10,40.25,40.9,40.1,40.25,5472700,BID
2025-09-11,40.35,40.35,39.41,40.2,5782600,BID
2025-09-12,40.35,40.8,40.35,40.5,3319500,BID
2025-09-15,40.6,41.74,40.6,41.74,7330300,BID
2025-09-16,42.03,42.23,41.54,41.59,7340200,BID
2025-09-17,41.54,41.93,40.55,40.55,3700300,BID
2025-09-18,40.55,40.99,40.1,40.35,4684500,BID
2025-09-19,40.65,40.75,39.36,39.36,6161400,BID
2025-09-22,39.76,40.55,39.16,40.55,7994300,BID
2025-09-23,40.25,40.45,40.05,40.4,3466500,BID
2025-09-24,40.4,40.75,39.76,40.75,4669500,BID
2025-09-25,40.7,40.7,40.35,40.45,2009200,BID
2025-09-26,40.35,40.7,40.1,40.1,2295100,BID
2025-09-29,39.81,40.1,39.66,39.86,2110500,BID
2025-09-30,39.76,40.1,39.16,39.56,3683900,BID
2025-10-01,39.56,40.2,39.36,39.61,1783000,BID
2025-10-02,39.71,40.25,39.56,39.66,2735400,BID
2025-10-03,39.56,39.71,39.36,39.36,2515700,BID
2025-10-06,39.86,40.45,39.61,40.3,3058100,BID
2025-10-07,40.55,40.55,40.0,40.05,2418400,BID
2025-10-08,40.45,40.45,39.81,40.0,4602600,BID
2025-10-09,40.1,40.5,39.96,40.35,4346900,BID
2025-10-10,40.45,41.04,40.45,40.75,6794000,BID
2025-10-13,40.55,40.7,40.3,40.45,4326200,BID
2025-10-14,40.6,40.75,39.6,39.6,7724500,BID
2025-10-15,39.7,40.15,39.35,39.35,4329400,BID
2025-10-16,39.35,39.75,39.2,39.75,3801100,BID
2025-10-17,39.75,39.8,39.05,39.05,4176200,BID
2025-10-20,38.95,39.05,36.5,36.5,7393700,BID
2025-10-21,36.55,37.5,36.55,37.05,4500300,BID
2025-10-22,37.5,37.5,36.5,37.2,3971100,BID
2025-10-23,37.0,37.45,36.85,36.9,2708600,BID
2025-10-24,37.0,37.1,36.2,36.9,3489900,BID
2025-10-27,36.95,37.2,36.5,36.5,2062600,BID
2025-10-28,36.6,37.15,36.6,37.1,2793500,BID
2025-10-29,37.5,37.9,37.3,37.8,3204200,BID
2025-10-30,37.95,38.25,37.6,37.9,2599600,BID
2025-10-31,38.0,38.0,37.4,37.4,2380000,BID
2025-11-03,37.6,37.8,37.1,37.1,2453800,BID
2025-11-04,37.1,38.0,36.9,37.9,3482600,BID
2025-11-05,37.6,38.8,37.6,38.65,3945700,BID
2025-11-06,38.7,38.9,38.35,38.5,2392700,BID
2025-11-07,38.35,38.65,37.45,37.5,3220900,BID
2025-11-10,37.5,38.0,37.3,37.4,2337400,BID
2025-11-11,37.6,38.15,37.6,38.0,2393800,BID
2025-11-12,38.2,38.4,37.8,38.25,2029800,BID
2025-11-13,38.25,38.45,38.0,38.3,1942700,BID
2025-11-14,38.2,38.5,38.2,38.35,2234600,BID
2025-11-17,38.35,38.55,38.3,38.4,1422700,BID
2025-11-18,38.5,38.5,38.25,38.4,1451400,BID
2025-11-19,38.3,38.45,38.1,38.1,1302400,BID
2025-11-20,38.2,38.2,37.9,37.95,1467900,BID
2025-11-21,37.9,37.9,37.4,37.6,1247000,BID
2025-11-24,37.6,37.95,37.6,37.65,1091700,BID
2025-11-25,37.8,37.8,37.0,37.0,1798100,BID
2025-11-26,37.05,37.55,37.05,37.35,1237300,BID
2025-11-27,37.45,37.7,37.3,37.55,1071300,BID
2025-11-28,37.55,37.6,37.1,37.1,878600,BID
2025-12-01,37.2,37.3,36.95,36.95,1458900,BID
2025-12-02,36.95,37.05,36.65,36.85,1590300,BID
2025-12-03,37.0,38.45,37.0,38.4,4011700,BID
2025-12-04,38.5,38.55,38.05,38.2,2052100,BID
2025-12-05,38.3,38.45,37.8,37.8,1626100,BID
2025-12-08,37.8,37.95,37.45,37.5,1702000,BID
2025-12-09,37.5,37.95,37.1,37.45,3264300,BID
2025-12-10,37.5,37.9,37.45,37.7,1904100,BID
2025-12-11,37.7,38.1,37.6,37.6,1133200,BID
2025-12-12,37.7,37.7,37.0,37.0,1877500,BID
2025-12-15,37.05,37.15,36.9,37.0,1243400,BID
2025-12-16,37.1,37.75,36.85,37.4,2060100,BID
2025-12-17,37.45,38.5,37.45,38.0,4085100,BID
2025-12-18,38.1,38.3,37.9,38.0,1238300,BID
2025-12-19,38.0,38.15,37.6,37.7,2050700,BID
2025-12-22,37.7,38.45,37.65,38.4,2714700,BID
2025-12-23,38.5,38.8,37.9,38.0,1919100,BID
2025-12-24,38.0,38.45,37.8,38.4,1986000,BID
2025-12-25,38.4,38.95,38.35,38.8,3728800,BID
2025-12-26,38.45,38.8,38.0,38.8,2657200,BID
2025-12-29,38.8,38.9,38.6,38.8,1644300,BID
2025-12-30,38.8,39.85,38.65,39.4,5379000,BID
2025-12-31,39.5,39.55,38.9,38.9,1630700,BID
2026-01-05,38.85,38.9,37.9,38.45,3885400,BID
2026-01-06,38.3,38.9,37.8,38.9,4854900,BID
2026-01-07,39.5,41.4,39.5,40.95,13409700,BID
2026-01-08,41.3,43.8,40.9,43.05,27506700,BID
2026-01-09,43.8,46.05,43.7,46.05,22918600,BID
2026-01-12,47.9,49.25,47.0,49.25,7783600,BID
2026-01-13,49.35,51.6,48.6,51.0,21869900,BID
2026-01-14,50.8,54.5,50.2,54.5,17646800,BID
2026-01-15,52.6,54.0,50.7,50.7,26455700,BID
2026-01-16,51.0,54.2,50.4,51.1,13973800,BID
2026-01-19,51.1,52.6,50.5,52.0,9409600,BID
2026-01-20,52.9,55.3,52.2,53.2,15547500,BID
2026-01-21,52.6,53.9,51.1,53.0,11935000,BID
2026-01-22,53.5,56.6,51.6,52.0,18089900,BID
2026-01-23,51.8,52.8,50.7,50.8,10080300,BID
2026-01-26,51.0,52.6,50.8,52.5,11947600,BID
2026-01-27,52.5,52.8,49.5,52.6,12478800,BID
2026-01-28,53.4,55.9,51.4,51.9,17897800,BID
2026-01-29,51.8,52.8,51.0,51.9,7082200,BID
2026-01-30,52.3,54.5,51.9,53.9,13696100,BID
2026-02-02,53.8,55.2,52.1,55.0,11934200,BID
2026-02-03,55.7,56.5,54.0,54.1,11573700,BID
2026-02-04,54.0,54.4,52.6,53.0,9645300,BID
2026-02-05,53.0,53.3,51.5,51.5,9817200,BID
2026-02-06,50.7,52.3,50.7,51.4,9885700,BID
2026-02-09,51.8,51.8,50.6,50.6,3595300,BID
2026-02-10,50.2,50.5,47.1,47.1,22973600,BID
2026-02-11,46.55,48.75,46.1,48.5,8738800,BID
2026-02-12,48.3,48.5,47.35,47.55,4806600,BID
2026-02-13,47.55,47.7,46.8,46.9,6762700,BID
2026-02-23,47.6,49.7,47.15,49.1,7557400,BID
2026-02-24,49.45,49.45,48.45,48.75,5739400,BID
2026-02-25,48.95,49.95,48.5,48.5,8375400,BID
2026-02-26,48.55,48.9,47.75,48.45,4690300,BID
2026-02-27,48.45,49.1,47.5,47.9,6519700,BID
2026-03-02,46.05,47.4,45.2,45.2,11738000,BID
2026-03-03,45.1,45.9,43.5,43.55,15198300,BID
2026-03-04,43.4,45.6,43.4,45.6,10734400,BID
2026-03-05,46.1,46.1,44.4,44.4,6063200,BID
2026-03-06,44.0,45.0,43.0,43.55,5423100,BID
2026-03-09,40.55,41.0,40.55,40.55,6134800,BID
2026-03-10,41.5,42.8,39.5,41.8,14055500,BID
2026-03-11,41.3,42.35,41.3,41.7,6154500,BID
2026-03-12,41.8,41.9,40.65,40.75,6452900,BID
2026-03-13,40.6,41.25,39.95,40.65,7923500,BID
2026-03-16,40.5,41.2,40.0,40.3,5174500,BID
2026-03-17,40.8,41.3,40.35,40.45,6922000,BID
2026-03-18,41.1,43.0,41.0,41.3,14609300,BID
2026-03-19,40.9,41.1,40.1,40.65,6392700,BID
2026-03-20,40.65,41.1,39.6,39.75,10147300,BID
2026-03-23,39.4,39.45,38.1,38.45,10634100,BID
2026-03-24,39.3,39.6,38.5,39.1,6990400,BID
2026-03-25,39.5,39.65,38.9,39.5,8722100,BID
2026-03-26,39.5,39.7,38.9,38.9,6156000,BID
2026-03-27,38.9,39.9,38.9,39.85,8196600,BID
2026-03-30,39.1,39.55,38.95,39.45,6075800,BID
2026-03-31,39.6,39.8,39.1,39.4,7278600,BID
2026-04-01,40.0,40.6,39.7,40.25,10071800,BID
2026-04-02,40.0,40.0,39.4,39.7,7101700,BID
2026-04-03,39.7,39.75,39.05,39.05,7279600,BID
2026-04-06,39.05,39.4,38.65,39.35,5679400,BID
2026-04-07,39.4,39.5,39.0,39.4,4798100,BID
2026-04-08,40.5,41.45,40.05,41.45,15053900,BID
2026-04-09,41.0,41.15,40.5,40.6,8138800,BID
2026-04-10,41.1,41.95,40.65,40.8,8968200,BID
2026-04-13,40.5,40.75,40.25,40.35,5770800,BID
2026-04-14,40.75,40.85,40.25,40.4,5565300,BID
2026-04-15,40.75,41.0,40.3,40.3,6296700,BID
2026-04-16,40.4,40.6,40.15,40.2,4295800,BID
2026-04-17,40.3,40.7,40.1,40.3,5789600,BID
2026-04-20,40.45,40.75,40.25,40.55,5993200,BID
2018-01-02,100.77,101.19,99.63,100.99,372760,VNM
2018-01-03,101.98,102.67,101.28,102.14,557370,VNM
2018-01-04,101.77,102.67,101.77,102.57,704350,VNM
2018-01-05,102.19,102.67,101.49,101.98,518860,VNM
2018-01-08,101.73,101.73,99.58,100.28,674800,VNM
2018-01-09,100.33,101.24,98.61,98.85,810590,VNM
2018-01-10,98.0,100.77,98.0,100.77,902750,VNM
2018-01-11,101.24,101.24,99.86,100.28,794780,VNM
2018-01-12,100.23,100.77,99.94,100.23,585640,VNM
2018-01-15,99.8,100.05,99.34,99.58,405160,VNM
2018-01-16,99.47,99.58,98.93,99.47,701460,VNM
2018-01-17,96.04,99.34,95.5,96.04,891480,VNM
2018-01-18,95.5,98.18,95.26,98.18,921800,VNM
2018-01-19,98.57,99.99,98.18,98.18,1094050,VNM
2018-01-22,98.85,101.09,98.37,101.04,1031780,VNM
2018-01-25,99.8,101.14,98.85,98.85,1059420,VNM
2018-01-26,98.89,101.33,98.89,101.14,672410,VNM
2018-01-29,101.14,101.24,98.61,98.61,573230,VNM
2018-01-30,97.41,97.89,96.89,97.65,843170,VNM
2018-01-31,96.66,99.1,96.04,97.19,1120270,VNM
2018-02-01,97.41,98.65,95.99,96.94,451270,VNM
2018-02-02,96.21,98.85,96.21,98.85,677340,VNM
2018-02-05,96.71,97.89,96.31,97.0,504920,VNM
2018-02-06,91.69,96.46,90.49,94.52,1484810,VNM
2018-02-07,97.32,97.32,95.6,95.66,507670,VNM
2018-02-08,95.5,95.66,93.78,94.11,234230,VNM
2018-02-09,90.73,91.69,89.29,91.22,856530,VNM
2018-02-12,90.26,91.69,90.26,91.69,970250,VNM
2018-02-13,91.69,93.13,91.69,92.41,541650,VNM
2018-02-21,94.52,97.04,92.64,97.04,649890,VNM
2018-02-22,97.04,97.04,95.07,95.99,449840,VNM
2018-02-23,96.94,97.19,95.01,96.46,481780,VNM
2018-02-26,96.46,97.41,95.5,95.5,889620,VNM
2018-02-27,96.46,96.46,94.56,95.5,457260,VNM
2018-02-28,95.01,95.32,93.61,93.61,886780,VNM
2018-03-01,93.61,95.01,93.61,93.61,732890,VNM
2018-03-02,93.61,95.26,93.13,95.17,412780,VNM
2018-03-05,95.41,97.89,94.79,96.66,712070,VNM
2018-03-06,96.66,97.19,95.12,96.46,786240,VNM
2018-03-07,96.04,100.28,96.04,98.42,1981110,VNM
2018-03-08,98.85,99.94,98.85,99.8,592410,VNM
2018-03-09,99.8,100.57,99.34,99.34,1021150,VNM
2018-03-12,99.58,100.63,98.37,98.37,828230,VNM
2018-03-13,98.37,100.77,98.37,100.28,1265790,VNM
2018-03-14,100.28,102.19,99.89,101.73,1133180,VNM
2018-03-15,101.73,101.73,100.19,100.38,623080,VNM
2018-03-16,100.77,102.19,99.8,102.19,1730500,VNM
2018-03-19,102.42,102.42,100.52,101.24,801280,VNM
2018-03-20,101.24,101.24,99.8,99.8,684730,VNM
2018-03-21,99.8,100.8,99.8,99.8,907550,VNM
2018-03-22,101.19,101.19,99.8,99.8,478650,VNM
2018-03-23,98.42,99.34,97.95,98.85,685220,VNM
2018-03-26,98.85,100.52,98.65,99.58,643500,VNM
2018-03-27,100.28,102.52,99.8,101.73,1660410,VNM
2018-03-28,101.73,102.19,100.77,100.77,585030,VNM
2018-03-29,100.77,100.91,98.85,98.85,758530,VNM
2018-03-30,98.85,98.85,96.04,96.94,1529690,VNM
2018-04-02,96.71,96.89,94.79,95.38,1768080,VNM
2018-04-03,95.5,95.75,91.98,92.51,2017950,VNM
2018-04-04,92.51,95.5,92.51,95.5,991130,VNM
2018-04-05,95.5,95.5,93.5,94.21,452710,VNM
2018-04-06,94.16,95.38,94.08,94.65,621180,VNM
2018-04-09,95.01,95.12,94.08,94.47,699250,VNM
2018-04-10,94.47,94.47,93.13,94.08,1093850,VNM
2018-04-11,93.61,94.32,93.31,93.61,846970,VNM
2018-04-12,93.83,93.98,93.31,93.73,751180,VNM
2018-04-13,94.08,94.08,93.37,93.46,727110,VNM
2018-04-16,93.46,93.46,90.73,90.73,653380,VNM
2018-04-17,89.53,90.26,86.54,88.1,1217530,VNM
2018-04-18,88.35,89.53,88.0,89.53,756500,VNM
2018-04-19,89.53,89.92,89.01,89.53,845170,VNM
2018-04-20,89.29,89.29,88.35,88.83,739700,VNM
2018-04-23,88.35,88.78,86.9,87.1,636940,VNM
2018-04-24,85.47,86.45,84.09,85.95,1469750,VNM
2018-04-26,86.86,86.86,85.95,86.45,959520,VNM
2018-04-27,87.1,90.26,86.9,88.35,997890,VNM
2018-05-02,88.83,88.83,88.1,88.1,619230,VNM
2018-05-03,89.29,89.29,87.86,88.35,878320,VNM
2018-05-04,88.25,88.35,87.73,87.86,735730,VNM
2018-05-07,88.35,90.97,88.1,90.73,771810,VNM
2018-05-08,90.97,90.97,88.39,88.39,514230,VNM
2018-05-09,88.35,88.83,87.86,88.35,555260,VNM
2018-05-10,88.83,88.83,85.47,85.95,451010,VNM
2018-05-11,85.95,86.45,84.52,85.01,1006620,VNM
2018-05-14,85.47,85.95,84.06,85.01,575000,VNM
2018-05-15,85.95,86.21,84.06,84.06,1240740,VNM
2018-05-16,84.06,84.57,80.76,80.76,1644010,VNM
2018-05-17,80.7,80.93,78.8,78.8,1028400,VNM
2018-05-18,79.28,81.72,79.08,81.72,1153810,VNM
2018-05-21,82.14,82.14,78.83,79.28,1042490,VNM
2018-05-22,78.8,79.28,76.41,77.35,1185350,VNM
2018-05-23,76.46,80.93,76.46,79.88,971280,VNM
2018-05-24,80.7,80.89,79.64,80.23,807290,VNM
2018-05-25,79.74,80.23,79.28,79.28,512860,VNM
2018-05-28,78.8,79.04,77.35,78.8,464830,VNM
2018-05-29,78.09,80.93,77.35,80.51,703120,VNM
2018-05-30,80.23,80.27,78.83,79.04,491920,VNM
2018-05-31,79.04,79.28,78.09,78.4,2231710,VNM
2018-06-01,79.28,80.8,79.04,80.33,1051610,VNM
2018-06-04,81.17,83.67,80.7,83.57,965230,VNM
2018-06-05,84.06,86.42,83.31,85.02,879160,VNM
2018-06-06,85.02,85.02,83.31,84.06,463720,VNM
2018-06-07,84.43,85.44,84.37,85.16,401900,VNM
2018-06-08,84.09,85.02,84.09,85.02,505520,VNM
2018-06-11,85.02,87.42,84.77,86.5,721050,VNM
2018-06-12,85.96,86.93,85.48,86.93,873690,VNM
2018-06-13,86.93,86.93,86.17,86.93,472470,VNM
2018-06-14,86.5,86.93,85.83,86.47,767750,VNM
2018-06-15,85.78,86.68,85.48,86.47,1114730,VNM
2018-06-18,85.54,86.37,82.96,82.96,356320,VNM
2018-06-19,82.6,82.6,79.3,79.87,1076550,VNM
2018-06-20,79.72,81.55,79.61,81.07,569890,VNM
2018-06-21,81.07,81.9,80.68,81.66,381390,VNM
2018-06-22,80.92,85.72,80.92,85.48,1123650,VNM
2018-06-25,87.42,87.42,85.72,86.07,637320,VNM
2018-06-26,84.77,85.48,83.57,84.49,250240,VNM
2018-06-27,83.85,84.49,83.85,84.06,320100,VNM
2018-06-28,83.57,83.85,81.17,81.66,748160,VNM
2018-06-29,81.66,82.85,81.66,81.66,1164710,VNM
2018-07-02,81.66,82.13,81.17,82.13,974640,VNM
2018-07-03,81.66,81.71,81.17,81.66,1055480,VNM
2018-07-04,81.66,81.66,80.21,80.21,856350,VNM
2018-07-05,80.21,80.68,78.76,79.25,880690,VNM
2018-07-06,78.76,81.66,78.76,79.72,449020,VNM
2018-07-09,81.11,81.42,80.11,80.21,320530,VNM
2018-07-10,80.21,81.11,80.21,80.21,701800,VNM
2018-07-11,80.21,80.92,79.72,80.21,729620,VNM
2018-07-12,80.21,81.07,80.21,80.83,158530,VNM
2018-07-13,80.83,81.07,79.61,79.87,384360,VNM
2018-07-16,80.31,80.83,79.61,80.68,557460,VNM
2018-07-17,79.97,80.68,79.91,80.65,588420,VNM
2018-07-18,80.68,81.17,80.45,81.17,503880,VNM
2018-07-19,83.1,83.1,81.17,81.9,970590,VNM
2018-07-20,82.01,82.01,81.26,81.42,620700,VNM
2018-07-23,81.17,82.51,80.78,81.66,685300,VNM
2018-07-24,81.55,82.13,81.32,81.61,566120,VNM
2018-07-25,81.66,81.85,81.61,81.61,427050,VNM
2018-07-26,81.61,82.37,81.17,82.37,519640,VNM
2018-07-27,82.13,82.37,80.96,81.07,290680,VNM
2018-07-30,81.17,81.61,80.6,80.92,453180,VNM
2018-07-31,80.68,81.17,80.21,80.78,634220,VNM
2018-08-01,80.68,80.78,80.01,80.15,684770,VNM
2018-08-02,79.87,80.15,77.65,79.25,1590510,VNM
2018-08-03,79.1,79.1,77.48,77.61,1232510,VNM
2018-08-06,77.8,77.8,76.61,76.79,1238870,VNM
2018-08-07,76.84,76.84,73.49,73.49,2337260,VNM
2018-08-08,73.0,75.15,73.0,74.69,1267410,VNM
2018-08-09,75.9,76.75,74.91,75.41,770210,VNM
2018-08-10,75.41,75.78,74.91,75.5,908450,VNM
2018-08-13,75.41,75.41,74.64,74.95,1245500,VNM
2018-08-14,76.36,76.79,75.78,75.95,995480,VNM
2018-08-15,76.13,77.04,75.98,76.13,1081050,VNM
2018-08-16,75.9,76.19,74.74,76.19,1038700,VNM
2018-08-17,76.36,76.61,76.13,76.13,408930,VNM
2018-08-20,76.36,77.76,76.19,76.9,1290170,VNM
2018-08-21,77.2,78.31,77.0,78.31,664240,VNM
2018-08-22,78.66,78.71,77.76,78.31,640010,VNM
2018-08-23,78.31,78.41,78.05,78.41,410280,VNM
2018-08-24,78.41,78.41,77.9,77.9,453010,VNM
2018-08-27,78.31,78.31,76.84,77.0,1141160,VNM
2018-08-28,76.9,76.96,76.36,76.5,1057220,VNM
2018-08-29,76.61,76.66,75.36,75.69,1124120,VNM
2018-08-30,75.69,75.74,74.69,75.15,899040,VNM
2018-08-31,75.41,76.25,75.26,75.26,726110,VNM
2018-09-04,75.78,75.78,75.2,75.26,690780,VNM
2018-09-05,75.92,75.92,73.09,73.28,1250390,VNM
2018-09-06,73.28,73.8,71.24,71.3,1234110,VNM
2018-09-07,71.24,74.5,71.24,74.21,882130,VNM
2018-09-10,74.44,74.94,74.34,74.5,603870,VNM
2018-09-11,74.44,77.29,74.44,77.06,1533670,VNM
2018-09-12,77.65,78.7,77.2,77.29,1342390,VNM
2018-09-13,77.06,77.35,76.36,77.14,655170,VNM
2018-09-14,77.14,78.25,77.14,77.65,969270,VNM
2018-09-17,78.25,79.41,77.83,79.41,1148720,VNM
2018-09-18,79.47,81.04,78.94,80.57,1310670,VNM
2018-09-19,80.57,80.69,79.93,80.46,929630,VNM
2018-09-20,80.11,80.16,79.41,79.41,771520,VNM
2018-09-21,79.41,80.46,78.76,80.46,1840850,VNM
2018-09-24,80.46,80.46,79.54,80.0,639720,VNM
2018-09-25,80.0,80.04,79.54,79.93,480150,VNM
2018-09-26,79.93,79.93,79.58,79.69,418120,VNM
2018-09-27,80.0,81.75,79.87,80.87,980840,VNM
2018-09-28,80.87,81.09,80.16,80.16,520020,VNM
2018-10-01,79.87,80.0,79.41,79.58,514820,VNM
2018-10-02,78.83,80.35,78.83,80.0,581340,VNM
2018-10-03,80.0,80.04,79.69,79.93,701280,VNM
2018-10-04,79.93,80.0,79.37,79.93,304620,VNM
2018-10-05,79.41,79.47,78.83,78.94,519180,VNM
2018-10-08,78.32,78.64,77.65,77.65,566750,VNM
2018-10-09,77.2,77.65,76.36,76.43,660630,VNM
2018-10-10,76.2,76.43,75.78,75.92,636650,VNM
2018-10-11,71.81,75.32,71.81,74.14,1182360,VNM
2018-10-12,74.14,75.15,72.75,75.02,957810,VNM
2018-10-15,75.32,75.32,73.34,73.4,692180,VNM
2018-10-16,73.57,73.8,73.09,73.57,988520,VNM
2018-10-17,74.44,74.44,73.74,74.09,444290,VNM
2018-10-18,74.09,74.14,73.52,73.57,349110,VNM
2018-10-19,73.04,74.04,72.47,74.04,1087950,VNM
2018-10-22,73.57,74.04,73.45,73.45,316450,VNM
2018-10-23,73.4,73.4,71.07,72.11,1197220,VNM
2018-10-24,72.11,72.11,71.18,71.57,742160,VNM
2018-10-25,70.07,70.59,68.37,70.07,1154690,VNM
2018-10-26,71.18,71.24,70.59,70.94,643020,VNM
2018-10-29,70.94,70.94,69.3,70.07,488810,VNM
2018-10-30,70.07,70.07,68.49,68.49,535070,VNM
2018-10-31,68.49,68.91,66.84,67.79,1075800,VNM
2018-11-01,68.31,68.31,65.11,66.73,1724930,VNM
2018-11-02,66.73,69.36,66.73,69.18,1601100,VNM
2018-11-05,68.37,68.96,67.08,68.02,841100,VNM
2018-11-06,68.02,69.36,67.44,68.73,1599760,VNM
2018-11-07,68.73,70.35,68.73,69.77,1339350,VNM
2018-11-08,70.53,70.65,69.77,70.07,815890,VNM
2018-11-09,68.91,69.6,68.26,68.31,728150,VNM
2018-11-12,67.32,68.31,67.21,68.31,596940,VNM
2018-11-13,67.26,68.19,67.03,67.74,483810,VNM
2018-11-14,67.74,69.07,67.62,68.61,674260,VNM
2018-11-15,68.61,68.91,67.14,68.31,556360,VNM
2018-11-16,68.31,68.61,67.14,67.14,566540,VNM
2018-11-19,67.74,67.89,67.08,67.38,739450,VNM
2018-11-20,67.38,68.08,67.32,68.02,715090,VNM
2018-11-21,67.74,69.6,67.56,69.6,1113540,VNM
2018-11-22,69.6,70.23,69.6,70.14,933880,VNM
2018-11-23,70.02,70.02,68.61,68.91,416930,VNM
2018-11-26,69.0,72.05,68.91,71.88,1817580,VNM
2018-11-27,72.69,74.44,71.94,73.86,1882720,VNM
2018-11-28,73.57,75.32,73.57,74.74,1330740,VNM
2018-11-29,75.02,75.02,73.74,73.74,970820,VNM
2018-11-30,73.57,75.02,73.57,74.74,1417590,VNM
2018-12-03,74.74,78.25,74.74,78.02,1282310,VNM
2018-12-04,78.25,79.69,78.02,79.69,1001800,VNM
2018-12-05,78.54,78.94,77.14,77.65,1107160,VNM
2018-12-06,77.06,77.53,75.85,76.9,1089360,VNM
2018-12-07,77.14,78.58,77.14,78.18,509830,VNM
2018-12-10,78.18,79.69,77.95,78.83,1003810,VNM
2018-12-11,78.7,79.1,77.95,78.7,443060,VNM
2018-12-12,78.32,78.76,77.65,78.25,782440,VNM
2018-12-13,78.25,79.41,78.25,78.83,643110,VNM
2018-12-14,78.83,79.06,78.46,78.83,260170,VNM
2018-12-17,78.83,78.83,78.18,78.18,1043020,VNM
2018-12-18,76.2,77.06,76.2,76.9,811850,VNM
2018-12-19,76.54,76.77,75.32,75.38,484090,VNM
2018-12-20,75.32,75.32,73.68,73.68,539710,VNM
2018-12-21,72.75,72.99,71.3,71.52,1901570,VNM
2018-12-24,71.81,73.86,71.81,73.34,459230,VNM
2018-12-25,72.51,72.8,71.81,72.75,349610,VNM
2018-12-26,72.75,72.75,71.52,72.41,670520,VNM
2018-12-27,72.99,74.1,72.51,72.51,772610,VNM
2018-12-28,72.99,73.68,70.64,70.64,1013580,VNM
2019-01-02,71.51,72.99,71.23,72.99,403570,VNM
2019-01-03,72.99,72.99,71.56,72.35,449730,VNM
2019-01-04,72.11,73.58,71.23,73.58,498470,VNM
2019-01-07,75.15,77.11,73.86,77.11,897430,VNM
2019-01-08,77.33,77.33,75.76,76.51,448350,VNM
2019-01-09,76.51,78.0,75.95,77.64,636050,VNM
2019-01-10,77.64,77.69,77.05,77.52,301700,VNM
2019-01-11,77.52,78.87,77.52,78.87,954110,VNM
2019-01-14,78.31,79.47,78.24,79.47,611420,VNM
2019-01-15,79.47,79.58,78.87,79.41,598510,VNM
2019-01-16,78.87,79.29,77.69,78.31,562220,VNM
2019-01-17,78.31,78.52,77.47,77.81,514870,VNM
2019-01-18,78.31,79.41,78.31,78.87,545600,VNM
2019-01-21,78.93,78.93,77.87,78.76,279380,VNM
2019-01-22,79.0,79.47,78.31,78.87,399040,VNM
2019-01-23,79.41,79.47,78.76,79.17,1028650,VNM
2019-01-24,79.47,79.74,79.06,79.74,1077600,VNM
2019-01-25,80.04,80.24,79.82,80.0,813810,VNM
2019-01-28,80.36,80.41,80.0,80.36,487650,VNM
2019-01-29,80.66,80.66,79.74,80.36,371010,VNM
2019-01-30,80.41,80.41,79.74,79.74,279280,VNM
2019-01-31,80.36,80.36,78.57,79.47,812290,VNM
2019-02-01,79.93,79.93,78.31,79.47,731430,VNM
2019-02-11,79.47,81.17,79.41,80.66,1357210,VNM
2019-02-12,81.22,81.35,80.66,81.22,957440,VNM
2019-02-13,81.22,81.47,80.16,81.41,764480,VNM
2019-02-14,81.41,82.58,81.22,82.04,1341090,VNM
2019-02-15,82.41,82.58,82.11,82.52,910160,VNM
2019-02-18,82.64,83.87,82.58,83.58,1082650,VNM
2019-02-19,84.18,84.33,83.81,83.93,1974200,VNM
2019-02-20,84.18,84.47,84.06,84.18,983460,VNM
2019-02-21,84.47,87.78,84.18,87.42,1859260,VNM
2019-02-22,87.71,87.98,87.29,87.65,814320,VNM
2019-02-25,87.71,89.84,87.52,89.23,1211040,VNM
2019-02-26,88.3,89.46,85.36,85.99,806810,VNM
2019-02-27,86.12,88.3,86.12,86.94,484610,VNM
2019-02-28,87.42,87.42,83.05,83.05,976450,VNM
2019-03-01,84.69,84.69,83.24,83.24,868720,VNM
2019-03-04,83.27,84.69,83.27,84.11,876760,VNM
2019-03-05,83.87,84.06,83.33,83.58,532510,VNM
2019-03-06,83.58,84.06,81.53,83.01,711250,VNM
2019-03-07,83.17,83.58,82.11,82.22,708000,VNM
2019-03-08,81.82,82.11,79.82,80.66,980860,VNM
2019-03-11,80.36,81.75,80.36,80.98,423100,VNM
2019-03-12,81.22,82.11,81.22,81.82,560360,VNM
2019-03-13,82.11,82.46,81.35,81.41,616010,VNM
2019-03-14,81.82,81.82,80.47,80.76,920860,VNM
2019-03-15,80.76,81.22,80.36,80.66,1254050,VNM
2019-03-18,81.22,81.59,80.93,81.22,910690,VNM
2019-03-19,81.22,81.22,80.41,80.58,936230,VNM
2019-03-20,80.36,81.53,79.58,81.53,1269860,VNM
2019-03-21,81.82,82.35,80.04,80.04,885480,VNM
2019-03-22,80.04,80.66,79.74,80.36,526570,VNM
2019-03-25,79.29,80.36,79.22,80.36,582580,VNM
2019-03-26,80.36,80.88,80.04,80.36,684470,VNM
2019-03-27,80.47,80.76,80.24,80.36,682000,VNM
2019-03-28,80.29,80.36,79.58,79.58,816770,VNM
2019-03-29,79.58,80.36,79.36,79.36,1357400,VNM
2019-04-01,79.74,81.59,79.47,81.59,796720,VNM
2019-04-02,82.35,82.35,80.82,81.82,1233340,VNM
2019-04-03,81.82,81.82,80.98,81.53,683970,VNM
2019-04-04,81.22,82.29,81.22,81.22,469730,VNM
2019-04-05,81.22,81.22,80.24,80.24,1017700,VNM
2019-04-08,80.88,81.06,80.36,80.76,546190,VNM
2019-04-09,81.17,81.17,79.47,79.69,1148040,VNM
2019-04-10,79.47,80.36,79.47,79.62,873110,VNM
2019-04-11,79.62,80.16,79.62,79.82,383850,VNM
2019-04-12,79.82,80.11,79.41,79.87,684520,VNM
2019-04-16,79.47,80.29,79.47,80.04,514140,VNM
2019-04-17,80.29,80.58,79.41,79.47,864260,VNM
2019-04-18,79.47,79.74,79.41,79.58,601240,VNM
2019-04-19,79.74,79.82,78.0,78.31,599290,VNM
2019-04-22,77.11,77.69,76.04,76.27,1417290,VNM
2019-04-23,75.41,76.22,74.59,74.76,974950,VNM
2019-04-24,75.22,76.22,74.97,76.22,482490,VNM
2019-04-25,76.27,76.33,75.52,76.22,414330,VNM
2019-04-26,76.4,76.71,76.11,76.4,565240,VNM
2019-05-02,76.51,77.18,76.33,76.51,736990,VNM
2019-05-03,77.11,77.11,76.46,77.11,486390,VNM
2019-05-06,76.71,76.71,75.35,75.99,368910,VNM
2019-05-07,76.46,76.51,76.04,76.22,723470,VNM
2019-05-08,75.41,75.99,75.35,75.35,628830,VNM
2019-05-09,75.65,75.99,75.35,75.45,287680,VNM
2019-05-10,75.65,76.58,75.65,76.58,366690,VNM
2019-05-13,76.4,78.82,76.4,78.82,974030,VNM
2019-05-14,77.81,80.29,77.81,79.74,1097910,VNM
2019-05-15,79.74,80.29,79.1,79.82,355850,VNM
2019-05-16,79.62,80.29,79.47,80.29,702130,VNM
2019-05-17,80.36,80.36,79.74,79.82,435380,VNM
2019-05-20,79.47,80.98,79.29,80.93,450900,VNM
2019-05-21,80.66,80.66,78.57,78.57,762310,VNM
2019-05-22,77.76,79.47,77.64,77.76,619370,VNM
2019-05-23,77.23,78.31,77.23,77.76,429290,VNM
2019-05-24,77.11,78.57,76.75,76.81,765150,VNM
2019-05-27,77.11,78.87,76.46,78.87,320060,VNM
2019-05-28,78.87,79.17,77.52,77.69,608790,VNM
2019-05-29,77.93,78.69,77.58,78.24,271730,VNM
2019-05-30,78.17,78.31,77.4,77.4,542710,VNM
2019-05-31,77.33,77.58,76.22,76.22,711390,VNM
2019-06-03,76.22,76.58,74.84,75.35,717990,VNM
2019-06-04,75.65,75.95,75.35,75.7,472650,VNM
2019-06-05,76.59,76.96,75.64,75.95,358780,VNM
2019-06-06,75.95,76.11,74.96,75.34,548650,VNM
2019-06-07,75.21,75.88,75.21,75.41,362030,VNM
2019-06-10,75.64,76.11,74.96,75.58,561260,VNM
2019-06-11,75.64,75.64,74.69,74.75,565400,VNM
2019-06-12,74.57,74.91,74.5,74.57,699880,VNM
2019-06-13,74.57,74.57,73.13,73.38,1125310,VNM
2019-06-14,73.26,73.96,73.2,73.67,665880,VNM
2019-06-17,73.67,73.72,73.13,73.67,632730,VNM
2019-06-18,73.26,73.67,73.26,73.26,1039070,VNM
2019-06-19,73.5,73.67,73.26,73.5,929690,VNM
2019-06-20,73.56,73.56,73.32,73.44,1010200,VNM
2019-06-21,74.75,74.75,73.44,74.75,2613920,VNM
2019-06-24,74.96,74.96,73.32,73.32,615090,VNM
2019-06-25,73.32,73.96,73.32,73.5,704890,VNM
2019-06-26,73.32,73.79,73.26,73.56,497730,VNM
2019-06-27,73.56,73.72,73.2,73.32,802160,VNM
2019-06-28,73.26,73.38,72.37,73.26,919970,VNM
2019-07-01,73.26,74.5,73.26,74.44,991440,VNM
2019-07-02,74.44,75.1,74.21,74.5,716810,VNM
2019-07-03,74.57,75.21,74.33,75.03,657870,VNM
2019-07-04,75.15,75.41,75.1,75.15,613870,VNM
2019-07-05,75.15,75.41,74.87,75.15,520290,VNM
2019-07-08,74.87,74.87,73.85,73.96,969080,VNM
2019-07-09,73.96,74.44,73.62,74.44,951440,VNM
2019-07-10,74.44,74.75,74.33,74.44,420940,VNM
2019-07-11,74.75,74.75,74.44,74.57,277200,VNM
2019-07-12,74.57,74.63,73.85,73.85,370730,VNM
2019-07-15,74.57,73.85,73.38,73.38,703320,VNM
2019-07-16,73.72,73.96,73.56,73.85,512540,VNM
2019-07-17,73.85,74.96,73.79,74.69,965170,VNM
2019-07-18,74.44,74.69,74.14,74.21,707720,VNM
2019-07-19,74.44,75.7,74.21,75.58,1381230,VNM
2019-07-22,75.34,75.34,74.75,74.75,721980,VNM
2019-07-23,74.75,74.82,74.33,74.69,764550,VNM
2019-07-24,75.03,75.58,74.57,74.82,593800,VNM
2019-07-25,74.44,74.75,74.44,74.5,686030,VNM
2019-07-26,74.63,74.96,74.14,74.14,526110,VNM
2019-07-29,73.89,74.09,73.26,73.56,1095840,VNM
2019-07-30,74.44,74.82,73.56,73.56,921500,VNM
2019-07-31,73.56,73.85,73.2,73.38,816150,VNM
2019-08-01,73.56,74.14,73.38,73.96,502790,VNM
2019-08-02,73.56,73.96,73.44,73.85,471510,VNM
2019-08-05,73.56,74.09,72.65,72.65,882750,VNM
2019-08-06,72.06,72.06,71.0,71.57,938500,VNM
2019-08-07,72.06,72.53,71.57,72.06,731780,VNM
2019-08-08,72.06,72.43,71.57,72.01,570640,VNM
2019-08-09,72.01,72.49,71.94,72.06,726150,VNM
2019-08-12,72.06,72.06,71.71,71.82,442330,VNM
2019-08-13,71.47,71.57,70.26,70.26,1178780,VNM
2019-08-14,71.0,71.4,70.69,70.69,677360,VNM
2019-08-15,69.87,72.65,69.87,72.65,673120,VNM
2019-08-16,72.06,74.87,71.76,73.89,1074270,VNM
2019-08-19,74.14,74.57,74.09,74.38,758210,VNM
2019-08-20,74.38,74.38,73.89,74.09,787020,VNM
2019-08-21,73.85,74.03,73.56,73.79,580860,VNM
2019-08-22,73.79,74.03,73.72,73.85,525610,VNM
2019-08-23,73.89,73.96,73.26,73.26,621830,VNM
2019-08-26,72.65,72.78,71.57,71.76,839870,VNM
2019-08-27,72.37,72.53,70.87,70.87,943130,VNM
2019-08-28,71.47,71.52,71.0,71.1,521700,VNM
2019-08-29,71.47,73.26,71.34,73.26,561530,VNM
2019-08-30,71.47,73.96,73.07,73.26,797090,VNM
2019-09-03,73.26,74.03,73.26,73.85,744840,VNM
2019-09-04,73.26,73.85,73.01,73.72,405800,VNM
2019-09-05,73.96,73.96,72.65,72.65,587180,VNM
2019-09-06,72.65,73.32,72.65,73.13,315980,VNM
2019-09-09,73.26,74.14,72.96,74.14,498850,VNM
2019-09-10,74.03,74.03,73.44,73.67,647890,VNM
2019-09-11,73.72,73.85,72.72,72.72,401410,VNM
2019-09-12,72.96,73.44,72.31,72.65,600870,VNM
2019-09-13,72.78,72.96,72.37,72.72,503530,VNM
2019-09-16,73.57,73.57,72.72,73.57,604710,VNM
2019-09-17,73.57,74.47,73.07,74.17,482570,VNM
2019-09-18,73.86,75.01,73.68,74.89,972940,VNM
2019-09-19,74.79,75.01,74.17,74.87,725700,VNM
2019-09-20,74.89,74.89,73.91,73.91,1623350,VNM
2019-09-23,74.47,75.75,74.29,75.39,1560140,VNM
2019-09-24,75.39,77.26,75.26,76.84,1340450,VNM
2019-09-25,76.47,76.84,75.99,76.52,617630,VNM
2019-09-26,76.97,78.77,76.6,78.71,1613560,VNM
2019-09-27,78.71,79.38,78.35,78.77,1183530,VNM
2019-09-30,78.77,79.13,78.35,78.54,885490,VNM
2019-10-01,78.4,78.54,77.31,77.51,1207380,VNM
2019-10-02,77.21,77.37,76.41,76.9,2070220,VNM
2019-10-03,76.27,78.12,75.99,78.12,825310,VNM
2019-10-04,78.17,79.26,77.79,77.86,641540,VNM
2019-10-07,77.74,78.71,77.62,78.17,833680,VNM
2019-10-08,77.86,78.31,77.86,78.12,537440,VNM
2019-10-09,77.99,77.99,76.77,76.9,663150,VNM
2019-10-10,76.73,77.79,76.73,76.9,442150,VNM
2019-10-11,76.9,77.51,76.84,77.51,631310,VNM
2019-10-14,78.12,78.12,77.44,77.86,586040,VNM
2019-10-15,77.79,78.4,77.31,77.68,1165130,VNM
2019-10-16,77.68,79.26,77.68,78.96,1321580,VNM
2019-10-17,78.96,80.16,78.83,79.33,1409580,VNM
2019-10-18,79.61,80.53,79.61,80.23,1116920,VNM
2019-10-21,80.23,82.03,79.86,80.89,2006630,VNM
2019-10-22,81.12,81.38,80.11,80.23,1398920,VNM
2019-10-23,80.23,80.36,79.45,80.11,847820,VNM
2019-10-24,80.04,80.76,80.04,80.29,520890,VNM
2019-10-25,80.29,81.44,80.23,81.44,816560,VNM
2019-10-28,81.44,81.96,80.89,81.01,558360,VNM
2019-10-29,80.93,81.7,80.89,81.19,520280,VNM
2019-10-30,81.38,81.63,79.33,79.92,1301690,VNM
2019-10-31,79.92,79.92,77.99,78.71,2550480,VNM
2019-11-01,78.83,80.53,78.83,80.16,969370,VNM
2019-11-04,80.53,80.53,79.08,79.51,1407970,VNM
2019-11-05,79.51,79.51,78.24,78.24,1876790,VNM
2019-11-06,78.12,79.01,77.79,78.77,1184100,VNM
2019-11-07,78.4,78.58,77.92,78.17,866170,VNM
2019-11-08,78.17,78.9,78.05,78.24,1193130,VNM
2019-11-11,78.24,78.83,78.12,78.31,645500,VNM
2019-11-12,78.31,78.31,77.07,77.21,1934480,VNM
2019-11-13,77.21,77.21,75.95,75.99,1956940,VNM
2019-11-14,76.27,76.52,76.04,76.22,695470,VNM
2019-11-15,76.27,76.27,72.65,74.47,2384360,VNM
2019-11-18,74.47,74.72,72.89,73.14,1671470,VNM
2019-11-19,72.89,75.32,72.89,75.32,1078610,VNM
2019-11-20,75.39,75.57,74.66,75.08,1150700,VNM
2019-11-21,74.79,74.93,73.68,73.86,1395000,VNM
2019-11-22,73.57,74.61,73.45,73.57,719680,VNM
2019-11-25,73.99,74.66,73.01,74.4,680740,VNM
2019-11-26,74.4,75.08,74.29,74.47,971390,VNM
2019-11-27,74.89,74.89,73.91,73.91,366920,VNM
2019-11-28,73.91,74.06,72.89,73.91,1107720,VNM
2019-11-29,73.86,74.1,73.39,73.57,549840,VNM
2019-12-02,73.57,73.57,71.62,71.62,1489150,VNM
2019-12-03,71.33,71.33,70.29,70.48,1422610,VNM
2019-12-04,70.48,71.94,70.48,71.94,693700,VNM
2019-12-05,72.49,72.49,71.33,71.33,694150,VNM
2019-12-06,71.38,71.38,70.41,70.41,937120,VNM
2019-12-09,70.41,71.55,70.41,71.5,766050,VNM
2019-12-10,71.5,71.88,71.14,71.55,850090,VNM
2019-12-11,71.28,71.8,71.03,71.8,793940,VNM
2019-12-12,72.06,72.36,71.99,72.18,701380,VNM
2019-12-13,72.24,72.58,71.45,71.45,564680,VNM
2019-12-16,71.74,71.94,71.28,71.88,751280,VNM
2019-12-17,71.94,71.94,70.9,70.9,829630,VNM
2019-12-18,71.09,72.06,71.03,71.8,1400340,VNM
2019-12-19,71.8,72.65,71.8,72.49,1582510,VNM
2019-12-20,72.65,72.83,72.36,72.65,1822570,VNM
2019-12-23,72.65,72.65,71.45,71.45,786100,VNM
2019-12-24,71.45,71.94,71.45,71.8,577000,VNM
2019-12-25,72.36,72.36,71.28,71.45,541190,VNM
2019-12-26,71.94,72.06,71.45,71.45,345150,VNM
2019-12-27,71.45,72.37,70.84,72.18,383460,VNM
2019-12-30,71.94,72.06,71.14,71.14,672140,VNM
2019-12-31,72.66,72.66,71.09,71.14,387640,VNM
2020-01-02,71.45,72.18,71.14,72.0,352700,VNM
2020-01-03,72.18,72.66,72.18,72.24,625390,VNM
2020-01-06,72.06,72.18,71.33,71.69,495910,VNM
2020-01-07,71.74,72.53,71.74,72.37,459520,VNM
2020-01-08,72.37,72.53,71.74,72.53,837710,VNM
2020-01-09,72.66,72.97,72.31,72.44,624130,VNM
2020-01-10,72.44,72.79,72.31,72.59,596280,VNM
2020-01-13,72.66,72.66,71.69,71.69,412880,VNM
2020-01-14,71.69,72.13,71.51,71.94,335180,VNM
2020-01-15,71.94,72.0,71.55,71.94,681740,VNM
2020-01-16,71.94,72.37,71.55,72.18,545090,VNM
2020-01-17,72.18,72.44,71.94,72.44,375030,VNM
2020-01-20,72.66,72.79,72.31,72.66,493600,VNM
2020-01-21,72.66,74.43,72.44,73.87,853940,VNM
2020-01-22,73.87,74.43,73.87,74.07,794440,VNM
2020-01-30,72.66,73.16,70.96,71.21,1533720,VNM
2020-01-31,71.09,71.21,66.25,66.25,1915820,VNM
2020-02-03,61.97,67.48,61.69,66.14,2289150,VNM
2020-02-04,67.1,67.18,63.56,64.11,1869040,VNM
2020-02-05,64.98,65.76,63.07,65.11,1545750,VNM
2020-02-06,65.64,66.33,64.66,65.64,2137020,VNM
2020-02-07,65.76,67.48,65.71,67.3,1523380,VNM
2020-02-10,66.57,66.8,65.51,66.57,910510,VNM
2020-02-11,66.57,66.57,65.34,65.44,885960,VNM
2020-02-12,65.95,65.95,65.44,65.44,838170,VNM
2020-02-13,65.44,65.64,65.11,65.29,713560,VNM
2020-02-14,65.44,65.57,65.11,65.11,708080,VNM
2020-02-17,65.22,65.71,65.22,65.64,623350,VNM
2020-02-18,65.83,65.83,64.29,64.42,1078500,VNM
2020-02-19,64.11,65.16,64.11,64.98,794470,VNM
2020-02-20,65.34,65.64,64.91,64.98,624620,VNM
2020-02-21,65.64,66.8,65.64,66.25,1484500,VNM
2020-02-24,65.34,65.83,64.72,64.98,954600,VNM
2020-02-25,64.91,66.25,64.72,65.95,1200220,VNM
2020-02-26,65.16,65.16,64.11,64.11,1346630,VNM
2020-02-27,64.11,65.57,63.38,65.57,863890,VNM
2020-02-28,64.29,64.79,62.91,63.82,1437350,VNM
2020-03-02,63.82,64.42,63.38,63.82,909240,VNM
2020-03-03,64.42,64.86,63.87,64.29,741380,VNM
2020-03-04,64.29,64.72,63.82,64.0,612800,VNM
2020-03-05,64.11,64.66,63.82,63.82,438020,VNM
2020-03-06,63.82,64.0,63.26,63.63,664920,VNM
2020-03-09,61.07,62.59,59.23,59.23,2356790,VNM
2020-03-10,58.61,62.16,58.61,62.11,1761300,VNM
2020-03-11,62.28,64.11,60.58,62.03,2292410,VNM
2020-03-12,59.36,61.97,59.23,61.63,2431600,VNM
2020-03-13,58.14,61.43,58.14,60.53,2159130,VNM
2020-03-16,60.53,60.58,58.93,59.23,1087080,VNM
2020-03-17,58.61,58.87,58.01,58.61,1788240,VNM
2020-03-18,58.74,59.73,58.01,58.01,1322150,VNM
2020-03-19,56.8,57.4,54.36,54.36,2774560,VNM
2020-03-20,54.36,55.75,54.36,54.95,2316660,VNM
2020-03-23,54.4,54.4,51.12,51.12,2187710,VNM
2020-03-24,51.12,53.91,51.12,52.56,1739530,VNM
2020-03-25,55.32,56.23,55.02,56.17,2993020,VNM
2020-03-26,56.37,58.01,54.23,57.4,2556450,VNM
2020-03-27,56.8,58.2,56.17,57.46,2755950,VNM
2020-03-30,54.95,56.48,54.36,55.7,1559900,VNM
2020-03-31,56.48,57.04,54.95,55.58,1293290,VNM
2020-04-01,55.58,57.4,55.58,57.4,1155730,VNM
2020-04-03,57.71,58.32,57.4,58.01,1934430,VNM
2020-04-06,58.93,58.99,58.01,58.74,1840550,VNM
2020-04-07,58.93,60.46,58.49,60.15,2273090,VNM
2020-04-08,59.83,60.46,58.93,60.46,904920,VNM
2020-04-09,61.0,61.63,60.58,61.12,1220550,VNM
2020-04-10,61.07,61.07,59.89,60.82,1111470,VNM
2020-04-13,60.82,60.93,60.03,60.53,1127670,VNM
2020-04-14,60.76,60.86,60.28,60.46,1059560,VNM
2020-04-15,60.86,60.86,60.58,60.58,886130,VNM
2020-04-16,60.64,60.76,60.4,60.64,1155660,VNM
2020-04-17,61.07,61.12,60.46,60.64,1767310,VNM
2020-04-20,61.07,61.81,61.07,61.07,1471680,VNM
2020-04-21,61.07,61.07,58.49,59.12,2129360,VNM
2020-04-22,58.69,59.59,58.49,59.54,1085950,VNM
2020-04-23,60.22,60.22,58.55,58.69,1443180,VNM
2020-04-24,60.64,62.78,59.54,62.78,3624460,VNM
2020-04-27,65.03,65.03,62.78,62.78,1950560,VNM
2020-04-28,62.78,62.91,60.86,61.37,1401520,VNM
2020-04-29,60.46,61.0,60.46,60.46,1769090,VNM
2020-05-04,59.23,60.46,59.23,59.59,1235970,VNM
2020-05-05,60.33,61.63,59.83,61.37,1163800,VNM
2020-05-06,61.5,61.97,60.86,61.97,1105020,VNM
2020-05-07,62.03,63.38,61.97,63.14,1583260,VNM
2020-05-08,63.82,65.71,63.51,64.11,3184170,VNM
2020-05-11,66.25,66.25,63.95,66.25,1792200,VNM
2020-05-12,66.25,69.87,65.57,69.55,2944650,VNM
2020-05-13,69.13,70.22,67.18,69.43,2507730,VNM
2020-05-14,68.75,69.55,68.71,68.99,1397750,VNM
2020-05-15,68.99,69.31,66.8,67.67,2320230,VNM
2020-05-18,67.67,68.28,66.57,67.84,898370,VNM
2020-05-19,69.48,69.87,68.58,68.75,1432400,VNM
2020-05-20,68.71,69.87,68.71,69.62,1199680,VNM
2020-05-21,69.62,70.22,69.31,70.22,1582090,VNM
2020-05-22,69.87,70.12,69.31,69.87,1083060,VNM
2020-05-25,69.93,71.81,69.68,71.81,1581860,VNM
2020-05-26,72.06,72.06,70.34,71.81,983170,VNM
2020-05-27,71.88,71.94,70.22,70.22,1108350,VNM
2020-05-28,70.22,70.84,70.12,70.12,1004500,VNM
2020-05-29,69.31,70.34,69.31,70.22,1203680,VNM
2020-06-01,70.27,71.45,70.27,70.89,1047020,VNM
2020-06-02,70.89,71.45,70.66,70.84,891910,VNM
2020-06-03,70.96,72.13,70.59,71.21,1322080,VNM
2020-06-04,71.45,72.0,71.45,71.94,735420,VNM
2020-06-05,71.94,72.79,71.28,72.79,1076470,VNM
2020-06-08,72.79,75.35,72.73,74.97,1419750,VNM
2020-06-09,75.16,76.96,75.16,76.32,1704320,VNM
2020-06-10,76.96,76.96,74.97,75.12,1242180,VNM
2020-06-11,75.12,76.32,73.87,74.69,1098260,VNM
2020-06-12,72.06,73.16,69.99,72.06,2394330,VNM
2020-06-15,73.28,73.83,68.4,68.4,2058870,VNM
2020-06-16,69.99,71.74,69.62,71.45,844740,VNM
2020-06-17,71.45,71.55,70.47,70.59,513570,VNM
2020-06-18,70.59,71.21,69.68,70.34,523160,VNM
2020-06-19,70.34,71.14,70.22,70.22,1251600,VNM
2020-06-22,70.22,70.78,70.12,70.47,867620,VNM
2020-06-23,70.84,71.09,70.59,70.84,1063470,VNM
2020-06-24,71.09,72.31,71.09,71.51,750960,VNM
2020-06-25,71.14,71.14,70.41,71.09,572770,VNM
2020-06-26,71.21,71.51,70.47,70.78,495750,VNM
2020-06-29,70.53,70.71,68.11,69.21,1519040,VNM
2020-06-30,69.92,70.21,69.21,69.72,797960,VNM
2020-07-01,69.72,71.15,69.29,70.96,450020,VNM
2020-07-02,71.03,71.09,69.92,69.92,720480,VNM
2020-07-03,69.92,70.66,69.79,70.59,729290,VNM
2020-07-06,70.84,72.15,70.71,72.07,1319980,VNM
2020-07-07,72.07,72.45,71.76,71.76,1024960,VNM
2020-07-08,71.76,71.76,71.46,71.46,551310,VNM
2020-07-09,71.46,72.19,71.46,71.7,1560410,VNM
2020-07-10,71.76,72.02,71.33,71.33,677180,VNM
2020-07-13,71.33,71.64,70.71,71.03,943850,VNM
2020-07-14,70.66,71.29,70.46,71.29,731170,VNM
2020-07-15,71.76,72.39,71.76,71.76,1015000,VNM
2020-07-16,72.19,72.69,71.9,72.69,1112460,VNM
2020-07-17,72.19,72.62,72.07,72.26,583510,VNM
2020-07-20,71.76,72.19,71.46,71.56,474700,VNM
2020-07-21,71.56,71.95,70.9,71.76,1618780,VNM
2020-07-22,71.39,71.76,70.59,70.59,1051320,VNM
2020-07-23,70.66,70.9,70.21,70.66,766500,VNM
2020-07-24,70.66,70.66,67.43,68.74,2313270,VNM
2020-07-27,66.26,66.58,63.98,63.98,2553780,VNM
2020-07-28,64.34,67.99,64.34,67.99,1390810,VNM
2020-07-29,67.12,67.37,65.29,65.56,1497450,VNM
2020-07-30,66.81,67.76,66.06,67.43,1028620,VNM
2020-07-31,66.2,67.56,65.9,66.2,839830,VNM
2020-08-03,66.81,68.05,66.62,67.56,860190,VNM
2020-08-04,68.68,68.86,67.99,68.86,765170,VNM
2020-08-05,68.96,70.27,68.05,69.36,888080,VNM
2020-08-06,69.42,71.76,69.36,71.03,1360570,VNM
2020-08-07,71.15,71.76,71.03,71.46,1148200,VNM
2020-08-10,71.76,72.07,70.84,70.84,1412680,VNM
2020-08-11,71.09,71.15,70.53,70.84,852250,VNM
2020-08-12,70.84,71.7,70.84,71.51,1451960,VNM
2020-08-13,71.76,72.15,71.7,72.02,1238980,VNM
2020-08-14,72.15,73.0,71.9,72.19,1623690,VNM
2020-08-17,72.39,72.94,71.33,72.39,906890,VNM
2020-08-18,72.39,72.62,71.51,71.51,604570,VNM
2020-08-19,71.76,71.76,71.09,71.33,981840,VNM
2020-08-20,71.33,71.64,70.9,71.29,1254280,VNM
2020-08-21,71.46,71.76,71.21,71.51,884990,VNM
2020-08-24,72.07,72.76,71.76,72.07,1526860,VNM
2020-08-25,72.39,72.94,72.26,72.56,1693030,VNM
2020-08-26,73.0,73.12,72.32,72.45,1922780,VNM
2020-08-27,72.69,72.94,72.39,72.51,799570,VNM
2020-08-28,72.87,74.24,72.51,73.8,1341270,VNM
2020-08-31,74.41,74.87,73.91,74.87,1634090,VNM
2020-09-01,74.87,76.22,74.36,76.22,1448060,VNM
2020-09-03,76.41,77.22,76.41,77.16,2016680,VNM
2020-09-04,76.52,77.31,76.17,77.31,1711980,VNM
2020-09-07,77.31,79.44,77.26,77.95,2178380,VNM
2020-09-08,77.89,78.82,76.66,76.84,1809570,VNM
2020-09-09,75.78,76.66,75.16,76.59,1621920,VNM
2020-09-10,77.31,77.58,76.97,77.16,848330,VNM
2020-09-11,76.84,77.16,76.41,76.59,956670,VNM
2020-09-14,76.97,77.31,76.73,76.84,1194170,VNM
2020-09-15,76.84,77.26,76.73,77.22,882030,VNM
2020-09-16,77.31,77.31,76.66,76.84,724510,VNM
2020-09-17,76.73,77.82,76.73,77.03,1376570,VNM
2020-09-18,77.08,78.2,76.84,78.2,1224030,VNM
2020-09-21,78.2,80.55,78.2,80.48,2614310,VNM
2020-09-22,80.48,80.55,79.51,80.18,1244610,VNM
2020-09-23,80.38,80.55,79.87,79.92,1042800,VNM
2020-09-24,79.32,79.74,78.76,78.76,1506610,VNM
2020-09-25,79.07,79.19,78.88,79.01,1011140,VNM
2020-09-28,79.19,79.57,78.76,79.38,2169790,VNM
2020-09-29,82.93,84.88,81.42,82.32,5191680,VNM
2020-09-30,82.93,83.98,81.79,82.08,1432380,VNM
2020-10-01,82.17,82.46,81.34,82.39,1702500,VNM
2020-10-02,82.53,83.01,80.43,81.42,2864220,VNM
2020-10-05,81.42,82.17,80.67,80.89,1427600,VNM
2020-10-06,80.89,81.42,80.28,80.67,2044710,VNM
2020-10-07,80.5,81.42,80.28,81.42,2153700,VNM
2020-10-08,81.34,81.34,80.5,80.58,1325810,VNM
2020-10-09,80.67,80.74,80.37,80.43,980970,VNM
2020-10-12,80.5,81.26,80.37,80.67,1209250,VNM
2020-10-13,80.67,81.42,80.58,80.74,858550,VNM
2020-10-14,80.74,81.17,80.5,80.94,1299160,VNM
2020-10-15,81.26,81.34,80.67,81.03,1854560,VNM
2020-10-16,81.03,81.42,80.58,80.94,1637740,VNM
2020-10-19,80.94,81.64,80.94,81.17,1617740,VNM
2020-10-20,80.89,81.1,79.89,80.04,2150990,VNM
2020-10-21,80.28,80.58,79.89,80.21,805550,VNM
2020-10-22,80.5,80.5,79.22,80.43,2422540,VNM
2020-10-23,81.03,82.93,80.74,82.93,2946790,VNM
2020-10-26,83.67,84.8,82.93,83.28,2313520,VNM
2020-10-27,82.93,83.67,82.23,82.61,1721090,VNM
2020-10-28,82.17,82.17,80.28,80.94,2609180,VNM
2020-10-29,80.28,80.81,79.6,80.58,1723240,VNM
2020-10-30,80.67,81.42,79.38,81.42,2683620,VNM
2020-11-02,80.67,81.42,80.67,81.1,867340,VNM
2020-11-03,81.1,81.42,80.67,81.17,870230,VNM
2020-11-04,81.42,82.46,80.94,81.42,1342780,VNM
2020-11-05,81.42,82.46,81.42,81.99,1891270,VNM
2020-11-06,82.32,82.46,81.42,81.99,1011020,VNM
2020-11-09,82.17,82.46,81.79,81.99,1066640,VNM
2020-11-10,82.23,82.32,81.03,81.03,2297200,VNM
2020-11-11,81.34,81.34,79.89,81.03,2429710,VNM
2020-11-12,81.03,81.03,80.43,80.67,1074590,VNM
2020-11-13,80.67,80.94,80.67,80.94,1089500,VNM
2020-11-16,81.03,81.94,80.67,80.74,2571160,VNM
2020-11-17,80.81,81.17,80.67,81.1,1648330,VNM
2020-11-18,81.42,82.53,81.26,82.46,3396750,VNM
2020-11-19,82.46,82.7,82.17,82.7,3140680,VNM
2020-11-20,82.84,84.06,82.23,83.59,2801420,VNM
2020-11-23,83.67,83.89,82.77,83.36,2104330,VNM
2020-11-24,83.36,83.59,82.17,82.61,1937130,VNM
2020-11-25,82.61,83.67,82.23,83.28,2190900,VNM
2020-11-26,83.59,83.59,82.39,82.84,1490270,VNM
2020-11-27,82.84,82.84,81.94,82.77,2823860,VNM
2020-11-30,82.77,82.93,81.42,81.56,2687040,VNM
2020-12-01,80.89,82.77,80.81,82.7,2493230,VNM
2020-12-02,82.61,82.77,81.94,82.17,1332460,VNM
2020-12-03,82.17,82.84,81.99,82.53,1108730,VNM
2020-12-04,82.53,82.7,81.99,82.17,1571130,VNM
2020-12-07,82.93,83.59,81.99,82.93,1970400,VNM
2020-12-08,83.01,83.13,82.17,82.32,1468350,VNM
2020-12-09,82.93,83.01,82.39,82.7,1701940,VNM
2020-12-10,83.13,85.85,83.13,84.42,6077770,VNM
2020-12-11,84.42,85.04,84.29,84.88,2297940,VNM
2020-12-14,85.04,85.47,84.72,85.47,2535300,VNM
2020-12-15,85.16,85.41,83.52,83.82,4572910,VNM
2020-12-16,83.82,84.64,83.45,84.12,2106480,VNM
2020-12-17,83.67,83.67,83.13,83.22,2951870,VNM
2020-12-18,83.28,83.67,82.93,83.22,3342900,VNM
2020-12-21,83.22,83.98,83.07,83.67,2341080,VNM
2020-12-22,83.59,83.59,82.77,82.84,2266760,VNM
2020-12-23,82.84,83.98,82.84,83.07,2432590,VNM
2020-12-24,83.07,83.28,81.42,81.94,2511360,VNM
2020-12-25,81.99,82.23,81.48,82.17,1755510,VNM
2020-12-28,82.23,82.7,81.64,81.94,2305300,VNM
2020-12-29,82.17,82.46,81.88,82.32,1299700,VNM
2020-12-30,82.32,83.07,81.88,81.99,1856600,VNM
2020-12-31,82.17,82.84,81.99,81.99,993810,VNM
2021-01-04,82.7,82.77,82.17,82.39,2299600,VNM
2021-01-05,82.84,85.19,82.46,84.3,4013900,VNM
2021-01-06,84.44,84.67,83.52,83.52,2823100,VNM
2021-01-07,83.69,84.3,83.52,84.0,2453000,VNM
2021-01-08,84.83,85.88,84.35,85.19,3323000,VNM
2021-01-11,85.58,88.24,85.58,88.16,4603900,VNM
2021-01-12,88.63,88.78,87.8,88.48,2344900,VNM
2021-01-13,88.48,89.16,86.87,87.1,2521600,VNM
2021-01-14,87.03,87.03,85.66,86.04,3680400,VNM
2021-01-15,86.36,87.72,86.04,86.65,2125700,VNM
2021-01-18,86.87,87.56,86.2,86.2,2624000,VNM
2021-01-19,86.2,86.2,81.41,81.94,3668300,VNM
2021-01-20,82.78,83.29,80.65,82.93,3363700,VNM
2021-01-21,83.6,84.23,82.78,83.9,2531200,VNM
2021-01-22,83.83,84.3,82.71,82.71,2429000,VNM
2021-01-25,82.84,83.45,82.17,82.32,2554800,VNM
2021-01-26,82.23,82.53,79.87,81.17,2596900,VNM
2021-01-27,80.65,81.24,77.98,78.57,3153800,VNM
2021-01-28,76.07,77.52,73.1,73.1,4565600,VNM
2021-01-29,73.03,78.21,73.03,78.21,4140500,VNM
2021-02-01,78.36,80.03,77.59,78.12,2934800,VNM
2021-02-02,77.82,81.41,77.82,80.93,3350900,VNM
2021-02-03,80.93,83.45,80.93,83.45,3056500,VNM
2021-02-04,83.45,83.45,81.41,82.78,1896800,VNM
2021-02-05,82.61,83.69,82.61,83.37,2231200,VNM
2021-02-08,83.37,83.37,78.97,80.11,4331600,VNM
2021-02-09,80.11,82.84,79.8,82.17,1931700,VNM
2021-02-17,82.17,82.84,81.63,82.71,2872300,VNM
2021-02-18,82.71,82.93,81.78,82.93,2847400,VNM
2021-02-19,81.99,82.39,81.47,82.17,2696500,VNM
2021-02-22,81.72,81.99,81.63,81.78,3006200,VNM
2021-02-23,81.78,82.17,80.79,81.41,3048400,VNM
2021-02-24,81.41,82.08,80.26,80.48,2801000,VNM
2021-02-25,80.56,80.87,79.27,79.58,4282900,VNM
2021-02-26,78.82,79.8,78.66,79.72,3357800,VNM
2021-03-01,80.26,80.56,79.87,80.35,2179000,VNM
2021-03-02,80.79,81.02,79.11,79.8,3050100,VNM
2021-03-03,79.72,79.8,79.11,79.51,2551300,VNM
2021-03-04,80.03,80.26,78.36,78.66,2755100,VNM
2021-03-05,78.42,78.42,77.36,78.36,4187600,VNM
2021-03-08,78.66,78.82,77.36,77.75,3208200,VNM
2021-03-09,76.92,77.23,76.22,76.46,4141900,VNM
2021-03-10,76.46,77.98,75.94,76.92,3391300,VNM
2021-03-11,77.98,78.97,77.67,78.21,2417000,VNM
2021-03-12,78.36,78.57,77.36,77.75,2704600,VNM
2021-03-15,78.21,78.36,77.67,77.75,2379400,VNM
2021-03-16,77.75,77.82,76.16,76.84,4121100,VNM
2021-03-17,76.84,76.84,76.16,76.46,3568400,VNM
2021-03-18,76.84,77.98,76.84,77.98,2553400,VNM
2021-03-19,77.75,77.75,77.15,77.36,2339400,VNM
2021-03-22,77.36,77.45,76.52,76.7,3416300,VNM
2021-03-23,76.52,76.61,75.85,76.22,4554300,VNM
2021-03-24,75.78,76.07,74.91,75.09,3192200,VNM
2021-03-25,75.32,75.85,74.8,74.91,3152700,VNM
2021-03-26,74.56,74.91,73.5,74.09,3653700,VNM
2021-03-29,74.63,75.99,74.39,75.32,2790300,VNM
2021-03-30,75.78,76.16,74.99,75.46,2590400,VNM
2021-03-31,75.4,75.4,74.56,74.87,2815600,VNM
2021-04-01,74.91,76.84,74.56,76.84,5594000,VNM
2021-04-02,77.98,79.11,77.67,78.12,3840000,VNM
2021-04-05,79.51,79.51,77.75,78.06,2822700,VNM
2021-04-06,78.06,78.12,76.7,77.23,3452600,VNM
2021-04-07,76.84,76.84,76.07,76.16,3503700,VNM
2021-04-08,76.38,76.46,75.62,75.99,3603800,VNM
2021-04-09,75.99,76.07,75.46,75.94,2716700,VNM
2021-04-12,76.07,76.28,75.7,76.07,3632400,VNM
2021-04-13,76.7,77.36,75.85,76.07,3799100,VNM
2021-04-14,76.07,76.07,75.23,75.55,3498500,VNM
2021-04-15,75.78,76.46,75.23,75.4,3549400,VNM
2021-04-16,74.99,75.09,73.34,73.71,4876400,VNM
2021-04-19,73.71,74.17,72.35,73.1,5722900,VNM
2021-04-20,73.8,76.84,73.71,75.55,6987200,VNM
2021-04-22,75.55,75.7,73.8,74.56,3166300,VNM
2021-04-23,74.56,75.99,73.64,75.7,3556800,VNM
2021-04-26,73.8,75.32,73.03,73.03,5045600,VNM
2021-04-27,73.03,73.43,72.27,72.8,3149400,VNM
2021-04-28,72.8,72.87,71.13,71.29,5027100,VNM
2021-04-29,71.29,71.65,69.61,71.13,6499700,VNM
2021-05-04,70.76,70.76,69.61,69.68,4112800,VNM
2021-05-05,69.68,70.76,69.68,70.0,3792300,VNM
2021-05-06,70.0,70.0,68.15,68.15,7448600,VNM
2021-05-07,67.71,67.86,66.02,66.19,6744500,VNM
2021-05-10,66.19,70.76,65.49,70.76,8176900,VNM
2021-05-11,71.13,71.9,69.38,69.38,4197000,VNM
2021-05-12,68.55,70.15,68.47,69.84,3199300,VNM
2021-05-13,69.21,69.76,68.85,68.85,3118400,VNM
2021-05-14,69.3,69.38,68.09,68.09,4391200,VNM
2021-05-17,68.09,68.47,66.34,66.34,5001300,VNM
2021-05-18,66.58,66.94,66.02,66.19,2970100,VNM
2021-05-19,66.79,67.71,66.26,66.58,3526100,VNM
2021-05-20,66.85,67.02,66.19,66.94,2800500,VNM
2021-05-21,66.85,69.08,66.26,67.86,3942800,VNM
2021-05-24,68.47,69.92,68.09,69.38,4349800,VNM
2021-05-25,69.38,69.38,68.47,68.85,2791200,VNM
2021-05-26,68.47,69.92,67.92,69.21,3773300,VNM
2021-05-27,69.53,69.68,68.47,68.85,2924300,VNM
2021-05-28,69.21,69.76,68.77,69.3,3122200,VNM
2021-05-31,69.84,70.0,68.63,68.85,3095900,VNM
2021-06-01,68.85,68.98,68.39,68.39,2339900,VNM
2021-06-02,68.15,68.15,67.71,68.01,3672400,VNM
2021-06-03,68.47,69.08,68.31,68.63,3629000,VNM
2021-06-04,68.7,69.21,67.79,68.09,4564400,VNM
2021-06-07,68.94,69.0,67.79,68.86,3736600,VNM
2021-06-08,68.94,70.31,68.86,69.09,5477700,VNM
2021-06-09,69.17,69.39,68.4,68.64,3013500,VNM
2021-06-10,68.86,72.09,68.24,71.02,5619300,VNM
2021-06-11,71.02,71.26,70.23,70.86,2940400,VNM
2021-06-14,71.26,72.02,70.47,71.26,4875100,VNM
2021-06-15,71.33,71.78,70.94,71.54,4534800,VNM
2021-06-16,71.39,71.62,70.31,70.7,3041200,VNM
2021-06-17,70.11,71.02,69.95,70.11,2388800,VNM
2021-06-18,70.4,71.39,70.4,70.94,2971800,VNM
2021-06-21,70.86,70.94,69.78,69.78,4193600,VNM
2021-06-22,70.11,70.47,69.78,69.78,2242800,VNM
2021-06-23,69.78,69.95,69.09,69.32,3357300,VNM
2021-06-24,69.23,69.47,68.01,68.32,4225000,VNM
2021-06-25,68.32,69.23,68.32,69.09,2079300,VNM
2021-06-28,69.32,69.47,68.56,68.71,1847900,VNM
2021-06-29,69.17,70.63,68.56,70.11,4368100,VNM
2021-06-30,70.11,70.15,69.47,69.62,2115600,VNM
2021-07-01,69.78,70.31,69.62,70.02,3811500,VNM
2021-07-02,70.11,70.11,69.39,69.39,2750900,VNM
2021-07-05,69.39,69.62,68.24,68.71,2931000,VNM
2021-07-06,68.86,69.17,67.01,67.01,3993400,VNM
2021-07-07,67.01,69.17,66.7,69.17,4738700,VNM
2021-07-08,67.92,68.86,67.79,68.09,1908900,VNM
2021-07-09,68.01,68.09,66.92,67.01,3058100,VNM
2021-07-12,67.38,67.79,64.92,66.47,4833100,VNM
2021-07-13,66.33,66.61,64.86,64.92,2883300,VNM
2021-07-14,65.46,66.0,64.93,65.46,4180200,VNM
2021-07-15,65.46,66.47,65.09,65.61,3284100,VNM
2021-07-16,65.86,66.4,65.7,66.17,1449600,VNM
2021-07-19,65.01,65.46,64.69,65.46,4111700,VNM
2021-07-20,65.46,66.24,64.93,66.17,3207300,VNM
2021-07-21,65.77,66.17,65.61,65.7,1696200,VNM
2021-07-22,65.86,67.08,65.7,66.85,2152400,VNM
2021-07-23,66.85,69.17,66.33,67.47,4102400,VNM
2021-07-26,67.79,68.71,67.71,68.47,2791400,VNM
2021-07-27,68.47,68.94,67.38,67.38,2388200,VNM
2021-07-28,67.08,67.33,66.7,66.92,1665500,VNM
2021-07-29,67.0,67.55,66.24,66.85,2648300,VNM
2021-07-30,66.85,67.16,66.17,66.33,4405200,VNM
2021-08-02,66.4,66.92,66.24,66.61,2543500,VNM
2021-08-03,66.7,67.38,66.7,67.08,2714600,VNM
2021-08-04,67.38,67.38,67.0,67.08,2873000,VNM
2021-08-05,66.92,67.08,66.7,66.7,2833600,VNM
2021-08-06,66.92,68.09,66.7,67.16,3960600,VNM
2021-08-09,67.16,67.71,67.0,67.55,2731300,VNM
2021-08-10,67.79,69.32,67.79,68.86,5965600,VNM
2021-08-11,69.23,70.4,69.17,70.02,5330400,VNM
2021-08-12,69.95,70.47,69.55,69.71,4287800,VNM
2021-08-13,69.62,69.71,68.71,69.23,4105500,VNM
2021-08-16,69.23,69.78,68.56,68.94,3270800,VNM
2021-08-17,69.0,69.39,68.64,68.78,2202200,VNM
2021-08-18,68.94,70.02,68.86,69.32,4710100,VNM
2021-08-19,69.71,69.71,69.17,69.55,3061300,VNM
2021-08-20,69.55,69.55,67.0,67.63,4326800,VNM
2021-08-23,67.55,67.63,66.24,66.24,4356500,VNM
2021-08-24,66.33,67.0,66.0,66.47,2375700,VNM
2021-08-25,66.55,67.08,66.24,66.92,1675500,VNM
2021-08-26,66.92,67.55,66.78,67.0,1896000,VNM
2021-08-27,67.33,67.38,66.78,67.0,2346900,VNM
2021-08-30,67.08,67.47,67.0,67.33,4306000,VNM
2021-08-31,67.38,67.47,67.08,67.33,2957200,VNM
2021-09-01,67.33,68.4,67.16,67.86,3430100,VNM
2021-09-06,68.01,68.4,67.92,68.01,3212200,VNM
2021-09-07,68.8,68.8,67.63,67.63,2622200,VNM
2021-09-08,67.63,67.63,66.83,66.9,3682200,VNM
2021-09-09,66.9,66.99,66.61,66.75,2452400,VNM
2021-09-10,66.75,68.15,66.61,67.79,3962100,VNM
2021-09-13,67.79,68.48,67.63,68.32,2956200,VNM
2021-09-14,68.32,68.4,67.86,68.15,2482900,VNM
2021-09-15,68.01,68.01,67.46,67.46,2425000,VNM
2021-09-16,67.79,67.79,67.32,67.7,1825400,VNM
2021-09-17,67.7,69.26,67.63,67.79,5292600,VNM
2021-09-20,68.65,69.81,68.4,69.49,5447700,VNM
2021-09-21,68.95,69.66,68.73,69.58,3096300,VNM
2021-09-22,69.35,71.85,69.35,71.69,10050100,VNM
2021-09-23,71.69,72.4,70.83,71.15,3941300,VNM
2021-09-24,71.3,71.61,70.91,71.08,2990000,VNM
2021-09-27,70.99,71.61,69.58,69.58,5053900,VNM
2021-09-28,69.58,70.44,68.95,69.98,3757200,VNM
2021-09-29,69.98,70.6,69.49,70.2,2763400,VNM
2021-09-30,70.44,71.08,70.2,70.2,2799400,VNM
2021-10-01,69.98,70.83,69.81,70.35,3805400,VNM
2021-10-04,70.91,71.37,70.6,70.67,3060200,VNM
2021-10-05,70.76,70.76,70.2,70.2,2268000,VNM
2021-10-06,70.2,70.6,69.89,69.98,2498500,VNM
2021-10-07,69.98,70.05,69.58,69.58,2981800,VNM
2021-10-08,69.66,70.51,69.49,70.2,2618600,VNM
2021-10-11,70.51,70.83,70.14,70.51,2474800,VNM
2021-10-12,70.83,71.52,70.6,70.83,3616300,VNM
2021-10-13,71.3,71.52,70.51,70.6,3793100,VNM
2021-10-14,70.67,70.91,70.2,70.51,2006400,VNM
2021-10-15,70.51,71.08,70.2,70.51,3206000,VNM
2021-10-18,70.51,70.6,69.89,70.35,2305800,VNM
2021-10-19,70.35,70.91,70.35,70.76,5984500,VNM
2021-10-20,70.83,70.99,69.74,70.51,3480500,VNM
2021-10-21,70.51,70.6,69.81,69.81,2936500,VNM
2021-10-22,70.14,70.91,69.89,70.91,4487700,VNM
2021-10-25,70.91,70.99,70.44,70.6,2769500,VNM
2021-10-26,70.51,70.67,70.05,70.2,1641200,VNM
2021-10-27,70.51,70.99,70.27,70.83,3549900,VNM
2021-10-28,70.91,71.69,70.91,70.99,4093700,VNM
2021-10-29,70.99,71.3,70.76,71.08,3748500,VNM
2021-11-01,71.15,71.52,70.35,70.51,5083800,VNM
2021-11-02,70.51,70.51,69.74,69.89,4888900,VNM
2021-11-03,69.81,70.14,69.1,69.1,5547900,VNM
2021-11-04,69.26,69.49,69.02,69.26,2513000,VNM
2021-11-05,69.42,70.05,69.35,69.89,2654600,VNM
2021-11-08,70.27,71.37,70.2,71.15,6171800,VNM
2021-11-09,71.3,71.37,70.27,70.35,3695000,VNM
2021-11-10,70.51,70.6,69.98,70.27,2666100,VNM
2021-11-11,70.35,70.83,69.98,70.2,3380600,VNM
2021-11-12,70.51,70.6,69.81,69.98,2120400,VNM
2021-11-15,70.14,70.2,69.74,69.74,3268000,VNM
2021-11-16,69.74,69.98,69.35,69.42,3251700,VNM
2021-11-17,69.42,70.2,69.42,69.58,2514400,VNM
2021-11-18,69.58,69.58,68.95,68.95,3900000,VNM
2021-11-19,68.95,69.26,67.38,67.46,5151200,VNM
2021-11-22,67.38,67.79,67.32,67.54,3497600,VNM
2021-11-23,67.79,67.92,67.38,67.63,2198800,VNM
2021-11-24,67.79,68.57,67.79,68.57,2124500,VNM
2021-11-25,68.57,69.1,68.32,68.57,2175400,VNM
2021-11-26,68.65,69.58,68.57,69.18,3015700,VNM
2021-11-29,68.8,68.88,68.32,68.57,2835900,VNM
2021-11-30,68.65,69.58,68.65,68.65,3177100,VNM
2021-12-01,68.95,69.42,68.48,68.57,1894500,VNM
2021-12-02,68.57,68.95,68.48,68.48,1254100,VNM
2021-12-03,68.65,68.95,67.24,67.24,2900400,VNM
2021-12-06,67.38,67.86,66.83,66.83,3168200,VNM
2021-12-07,67.24,67.79,66.9,67.79,1530000,VNM
2021-12-08,67.63,67.79,67.14,67.38,1294500,VNM
2021-12-09,67.32,68.25,67.14,68.15,1449900,VNM
2021-12-10,67.79,68.15,67.24,67.63,1485000,VNM
2021-12-13,67.63,68.01,67.38,67.7,1495700,VNM
2021-12-14,67.7,68.09,67.54,67.63,1671200,VNM
2021-12-15,67.7,67.92,67.63,67.63,1214100,VNM
2021-12-16,67.63,67.86,67.38,67.86,1610300,VNM
2021-12-17,67.86,67.92,67.14,67.14,2660200,VNM
2021-12-20,67.38,67.63,67.06,67.14,1807000,VNM
2021-12-21,67.24,67.38,66.99,66.99,1192900,VNM
2021-12-22,67.14,67.54,66.83,66.9,1844400,VNM
2021-12-23,66.9,66.9,66.2,66.38,2147800,VNM
2021-12-24,66.38,67.38,66.38,67.38,1148400,VNM
2021-12-27,67.38,67.7,67.14,67.46,1138300,VNM
2021-12-28,67.54,67.54,66.75,66.99,1544400,VNM
2021-12-29,66.99,67.06,66.67,66.75,945400,VNM
2021-12-30,66.83,67.06,66.67,66.83,893100,VNM
2021-12-31,66.99,68.57,66.83,67.7,2325100,VNM
2022-01-04,68.32,68.48,67.92,67.92,1885600,VNM
2022-01-05,68.01,68.15,67.38,67.54,3124600,VNM
2022-01-06,67.46,67.46,66.83,66.9,2848200,VNM
2022-01-07,66.83,67.06,66.61,66.75,2553900,VNM
2022-01-10,67.56,67.72,66.52,66.67,1735600,VNM
2022-01-11,66.61,66.9,66.52,66.67,1829000,VNM
2022-01-12,66.75,66.75,65.89,66.2,2183600,VNM
2022-01-13,66.44,66.67,66.03,66.2,1711600,VNM
2022-01-14,66.2,67.79,65.89,67.47,2516600,VNM
2022-01-17,67.72,67.72,66.03,66.03,2100400,VNM
2022-01-18,66.03,66.52,65.79,66.44,2100400,VNM
2022-01-19,66.03,66.52,65.89,66.44,1764900,VNM
2022-01-20,66.12,66.37,66.03,66.12,1488400,VNM
2022-01-21,66.12,66.37,65.71,65.79,1576400,VNM
2022-01-24,65.79,65.89,64.52,64.52,2222200,VNM
2022-01-25,64.12,64.52,63.02,63.09,3758600,VNM
2022-01-26,63.17,64.12,63.17,63.49,1452100,VNM
2022-01-27,63.82,66.44,63.82,66.2,2039000,VNM
2022-01-28,66.12,67.07,65.96,66.2,2257400,VNM
2022-02-07,66.28,66.9,66.03,66.52,1324200,VNM
2022-02-08,66.44,66.52,65.33,65.33,2708900,VNM
2022-02-09,65.33,66.67,65.33,65.96,1799300,VNM
2022-02-10,65.96,66.37,65.55,65.89,1612500,VNM
2022-02-11,65.71,65.79,65.26,65.33,1624600,VNM
2022-02-14,64.92,65.33,64.52,64.61,2971800,VNM
2022-02-15,64.61,64.92,64.52,64.68,1465300,VNM
2022-02-16,64.68,64.76,63.98,64.05,2825100,VNM
2022-02-17,64.12,64.68,64.05,64.36,1787700,VNM
2022-02-18,63.82,64.36,63.82,64.22,1808100,VNM
2022-02-21,64.45,65.01,64.45,64.52,1280600,VNM
2022-02-22,64.45,64.52,63.49,63.73,3204500,VNM
2022-02-23,63.73,64.12,63.57,63.73,2200300,VNM
2022-02-24,63.73,63.73,62.54,62.62,2723500,VNM
2022-02-25,62.95,63.32,62.86,62.86,1347700,VNM
2022-02-28,62.86,62.95,61.96,62.46,2258900,VNM
2022-03-01,62.46,63.25,62.29,63.09,1273100,VNM
2022-03-02,63.09,63.09,62.14,62.54,2037100,VNM
2022-03-03,62.69,62.95,62.29,62.46,1486600,VNM
2022-03-04,62.46,62.46,61.96,62.05,2511600,VNM
2022-03-07,62.05,62.05,61.11,61.19,3511900,VNM
2022-03-08,60.77,60.93,60.55,60.63,2383000,VNM
2022-03-09,60.55,61.19,59.76,59.82,3003700,VNM
2022-03-10,60.55,62.05,60.55,61.42,2971800,VNM
2022-03-11,61.5,62.54,61.42,62.14,2322900,VNM
2022-03-14,62.14,62.14,61.25,61.5,1654700,VNM
2022-03-15,61.34,61.73,60.77,61.5,1482600,VNM
2022-03-16,61.5,62.14,61.34,61.59,1850400,VNM
2022-03-17,61.83,61.96,60.85,60.85,1354400,VNM
2022-03-18,61.02,61.34,60.55,60.55,4233000,VNM
2022-03-21,60.55,62.05,60.55,61.83,1884100,VNM
2022-03-22,62.05,62.05,61.19,61.25,2390200,VNM
2022-03-23,61.19,61.34,60.47,60.63,3226000,VNM
2022-03-24,60.55,60.63,59.89,60.23,3389800,VNM
2022-03-25,60.23,60.39,59.82,59.89,2699500,VNM
2022-03-28,59.99,60.23,58.47,58.47,4038700,VNM
2022-03-29,58.54,60.15,58.54,60.15,2118000,VNM
2022-03-30,60.15,61.02,59.82,60.71,3413800,VNM
2022-03-31,60.71,64.52,60.55,64.45,9645800,VNM
2022-04-01,64.52,65.89,63.98,65.09,6112000,VNM
2022-04-04,65.33,65.71,64.92,65.47,3808700,VNM
2022-04-05,65.16,65.16,64.05,64.05,2202100,VNM
2022-04-06,63.73,64.68,63.02,63.17,4306700,VNM
2022-04-07,63.64,63.73,62.54,62.54,1760300,VNM
2022-04-08,62.54,63.02,61.59,61.59,2738300,VNM
2022-04-12,61.59,61.96,60.93,61.19,1776300,VNM
2022-04-13,61.19,62.54,61.11,61.5,2118800,VNM
2022-04-14,61.73,62.14,60.77,60.77,1810200,VNM
2022-04-15,60.93,61.83,60.55,60.93,1362400,VNM
2022-04-18,60.93,62.05,60.85,61.34,2564300,VNM
2022-04-19,61.42,61.9,60.55,60.55,1670200,VNM
2022-04-20,60.55,61.11,60.23,60.23,1931100,VNM
2022-04-21,59.99,60.93,59.76,59.76,4615600,VNM
2022-04-22,60.31,60.93,60.15,60.47,2796700,VNM
2022-04-25,60.55,60.77,58.15,58.54,2659800,VNM
2022-04-26,58.54,60.55,56.47,60.47,3883000,VNM
2022-04-27,59.43,60.39,58.71,59.76,1826000,VNM
2022-04-28,59.66,59.66,58.79,59.19,1911000,VNM
2022-04-29,59.28,59.76,58.95,59.11,1630100,VNM
2022-05-04,59.11,59.28,57.76,57.76,1763900,VNM
2022-05-05,58.32,58.32,56.97,57.44,1548200,VNM
2022-05-06,56.89,57.04,55.37,55.94,2109800,VNM
2022-05-09,55.94,56.97,55.45,55.75,2392100,VNM
2022-05-10,55.75,57.26,55.75,56.23,3106500,VNM
2022-05-11,56.23,56.64,55.37,55.37,1793700,VNM
2022-05-12,55.62,55.62,52.98,52.98,3189100,VNM
2022-05-13,53.37,54.02,52.49,52.65,4590600,VNM
2022-05-16,53.04,53.83,52.33,52.42,1977800,VNM
2022-05-17,52.26,55.75,51.94,55.75,2105100,VNM
2022-05-18,55.75,56.16,55.37,55.99,1983200,VNM
2022-05-19,55.37,55.75,54.96,54.96,1449400,VNM
2022-05-20,54.96,55.69,54.17,54.25,1296200,VNM
2022-05-23,54.58,54.73,52.75,52.8,2022200,VNM
2022-05-24,53.13,54.88,52.98,54.88,2033000,VNM
2022-05-25,54.88,57.6,54.88,57.26,2362100,VNM
2022-05-26,57.26,57.26,56.32,56.81,1530800,VNM
2022-05-27,56.81,58.39,56.32,58.15,3456900,VNM
2022-05-30,58.08,58.08,57.35,57.76,2124400,VNM
2022-05-31,57.44,57.67,57.12,57.12,2058700,VNM
2022-06-01,56.97,57.84,56.81,57.26,1229600,VNM
2022-06-02,57.35,57.35,56.41,56.64,1487800,VNM
2022-06-03,56.55,56.81,55.75,55.99,1052800,VNM
2022-06-06,55.94,56.72,55.75,56.41,1432000,VNM
2022-06-07,55.99,56.32,55.75,56.23,1322200,VNM
2022-06-08,56.32,56.89,56.32,56.55,1698600,VNM
2022-06-09,56.55,56.64,55.94,55.94,1045100,VNM
2022-06-10,55.75,55.94,55.37,55.37,1483300,VNM
2022-06-13,54.49,54.49,52.75,52.89,2379700,VNM
2022-06-14,52.19,53.77,52.11,52.65,1393200,VNM
2022-06-15,52.65,52.98,51.38,51.38,2680600,VNM
2022-06-16,51.86,54.4,51.77,54.17,2215500,VNM
2022-06-17,53.3,54.65,51.94,53.13,2502800,VNM
2022-06-20,52.89,55.53,52.89,54.96,2588200,VNM
2022-06-21,55.12,58.79,54.82,58.71,4839300,VNM
2022-06-22,58.25,58.47,56.23,56.23,2214000,VNM
2022-06-23,56.23,57.35,55.75,56.32,1103100,VNM
2022-06-24,56.55,58.08,56.47,56.97,1684400,VNM
2022-06-27,57.19,57.44,55.99,56.64,1804300,VNM
2022-06-28,56.23,57.91,55.85,56.41,3037200,VNM
2022-06-29,56.23,57.91,56.23,57.6,1941000,VNM
2022-06-30,57.6,59.58,57.51,57.51,3582600,VNM
2022-07-01,57.6,58.87,57.35,58.71,2859000,VNM
2022-07-04,58.95,60.39,58.79,59.82,3139300,VNM
2022-07-05,59.99,60.06,58.15,58.25,2590800,VNM
2022-07-06,58.51,58.94,57.27,58.29,2360100,VNM
2022-07-07,58.29,60.17,57.7,60.17,3049600,VNM
2022-07-08,60.17,60.42,59.77,60.17,1704200,VNM
2022-07-11,59.52,61.58,59.36,60.17,2556900,VNM
2022-07-12,60.17,60.9,59.83,60.42,976100,VNM
2022-07-13,60.33,60.67,59.67,59.77,1423500,VNM
2022-07-14,59.58,60.33,59.52,59.67,982300,VNM
2022-07-15,59.67,60.17,59.02,59.02,1475000,VNM
2022-07-18,59.36,59.52,58.94,59.1,1106700,VNM
2022-07-19,59.36,60.08,59.02,60.0,1530100,VNM
2022-07-20,60.33,60.67,60.0,60.17,1167800,VNM
2022-07-21,59.77,60.67,59.52,60.33,1720500,VNM
2022-07-22,60.33,60.33,59.36,59.36,712300,VNM
2022-07-25,59.36,60.08,59.18,60.08,1242600,VNM
2022-07-26,60.08,60.17,59.18,59.36,1154000,VNM
2022-07-27,59.36,59.83,59.18,59.52,789500,VNM
2022-07-28,59.77,60.0,59.58,59.83,1219400,VNM
2022-07-29,59.91,60.67,59.67,60.0,2582800,VNM
2022-08-01,60.0,60.59,59.52,60.59,2527600,VNM
2022-08-02,60.51,61.16,59.91,60.17,2031400,VNM
2022-08-03,60.0,60.59,59.77,60.51,3134700,VNM
2022-08-04,60.51,60.51,60.0,60.42,1720600,VNM
2022-08-05,60.42,60.51,59.83,59.83,2135400,VNM
2022-08-08,59.77,59.77,59.43,59.52,2795800,VNM
2022-08-09,59.52,59.67,59.36,59.36,2129800,VNM
2022-08-10,59.36,59.83,59.36,59.77,1544800,VNM
2022-08-11,59.83,59.83,58.29,58.59,3884600,VNM
2022-08-12,58.51,59.27,58.51,59.27,1796100,VNM
2022-08-15,59.36,59.36,58.76,58.94,2525800,VNM
2022-08-16,59.18,59.67,59.1,59.18,1688300,VNM
2022-08-17,59.18,59.83,59.1,59.83,1316400,VNM
2022-08-18,59.83,60.67,59.83,60.51,4230600,VNM
2022-08-19,60.51,61.4,60.08,61.08,5225600,VNM
2022-08-22,61.08,61.66,60.74,60.74,2071700,VNM
2022-08-23,60.74,62.56,60.67,62.48,4551200,VNM
2022-08-24,62.48,64.53,62.48,64.05,5443600,VNM
2022-08-25,64.22,64.53,63.46,64.22,2182100,VNM
2022-08-26,64.12,64.36,62.8,63.38,2463000,VNM
2022-08-29,62.73,62.9,62.15,62.22,3311500,VNM
2022-08-30,62.22,62.99,62.22,62.64,2234900,VNM
2022-08-31,62.56,62.99,62.22,62.22,1657100,VNM
2022-09-05,62.22,64.12,62.22,63.88,3169400,VNM
2022-09-06,63.88,65.12,63.72,64.12,2649000,VNM
2022-09-07,64.12,64.12,62.4,62.4,2916400,VNM
2022-09-08,62.64,63.06,61.97,62.4,1351100,VNM
2022-09-09,62.56,63.06,62.22,62.56,1188500,VNM
2022-09-12,62.64,62.8,62.06,62.06,1386100,VNM
2022-09-13,61.97,62.64,61.97,62.4,1556500,VNM
2022-09-14,61.73,61.83,60.83,60.99,2037900,VNM
2022-09-15,61.08,61.97,61.08,61.4,1207200,VNM
2022-09-16,61.58,62.64,61.32,62.64,2308600,VNM
2022-09-19,62.31,62.4,61.73,61.97,1418000,VNM
2022-09-20,62.06,62.8,62.06,62.48,1139700,VNM
2022-09-21,62.4,63.97,62.31,63.38,2477500,VNM
2022-09-22,63.13,63.55,62.64,63.38,1033500,VNM
2022-09-23,63.46,63.72,63.06,63.21,1398600,VNM
2022-09-26,62.48,62.8,60.74,60.99,3386000,VNM
2022-09-27,61.4,61.73,59.58,59.67,2415500,VNM
2022-09-28,59.36,60.17,58.43,59.18,2145700,VNM
2022-09-29,60.08,60.59,59.52,59.91,2033200,VNM
2022-09-30,59.27,60.42,59.27,59.58,2345100,VNM
2022-10-03,59.27,59.77,58.51,58.51,2039100,VNM
2022-10-04,59.18,59.18,57.7,58.43,1631300,VNM
2022-10-05,58.51,59.36,58.51,59.02,1493400,VNM
2022-10-06,58.76,58.85,57.7,57.7,1503000,VNM
2022-10-07,57.12,58.76,54.83,57.52,2685300,VNM
2022-10-10,56.46,58.94,55.56,58.11,1661900,VNM
2022-10-11,58.11,58.94,57.36,57.87,1718400,VNM
2022-10-12,58.11,59.1,57.78,59.02,1274000,VNM
2022-10-13,58.51,60.83,58.36,60.83,3171000,VNM
2022-10-14,60.99,61.4,60.74,60.99,1436500,VNM
2022-10-17,60.83,61.9,60.74,61.08,1671300,VNM
2022-10-18,61.83,63.46,61.58,63.06,3137000,VNM
2022-10-19,62.73,63.29,62.73,63.13,1038000,VNM
2022-10-20,63.13,63.88,62.48,63.88,2290400,VNM
2022-10-21,63.88,64.62,63.06,63.46,2097600,VNM
2022-10-24,63.63,63.63,60.99,60.99,1578600,VNM
2022-10-25,61.08,63.29,61.08,62.64,1657600,VNM
2022-10-26,62.64,62.99,62.31,62.64,824700,VNM
2022-10-27,62.64,64.69,62.64,64.69,2283600,VNM
2022-10-28,64.69,64.78,64.05,64.28,1438800,VNM
2022-10-31,64.05,64.69,63.72,64.69,1572200,VNM
2022-11-01,64.69,68.0,64.69,66.1,3180100,VNM
2022-11-02,66.1,66.19,64.53,64.53,1830500,VNM
2022-11-03,64.28,66.52,64.28,65.94,1278300,VNM
2022-11-04,65.86,66.76,64.28,65.94,2909200,VNM
2022-11-07,66.01,67.77,65.94,67.77,2638300,VNM
2022-11-08,67.77,67.9,65.6,67.9,2301400,VNM
2022-11-09,67.6,67.77,65.94,66.68,2701100,VNM
2022-11-10,66.68,66.76,63.46,64.62,2637600,VNM
2022-11-11,65.03,66.27,64.62,64.62,1564400,VNM
2022-11-14,64.28,67.6,62.73,65.12,2596800,VNM
2022-11-15,65.12,65.44,63.06,63.46,2089600,VNM
2022-11-16,62.22,64.95,60.83,61.4,3542600,VNM
2022-11-17,63.29,64.53,61.9,62.64,2599500,VNM
2022-11-18,63.46,64.12,62.4,63.46,2229300,VNM
2022-11-21,63.46,64.22,63.38,64.22,1787400,VNM
2022-11-22,63.88,66.1,63.81,65.52,2281200,VNM
2022-11-23,65.52,65.69,64.53,65.44,773100,VNM
2022-11-24,65.12,66.92,65.03,66.92,2881100,VNM
2022-11-25,67.01,68.15,66.76,67.77,2596100,VNM
2022-11-28,67.6,68.75,67.34,67.34,2299200,VNM
2022-11-29,67.01,68.68,66.36,68.4,2404200,VNM
2022-11-30,68.4,68.4,67.18,68.25,1995600,VNM
2022-12-01,67.26,68.32,67.26,67.9,2216800,VNM
2022-12-02,67.83,69.22,67.6,69.22,2521800,VNM
2022-12-05,69.32,70.56,69.32,70.07,2066000,VNM
2022-12-06,70.07,70.15,68.0,68.0,1395300,VNM
2022-12-07,68.4,69.48,67.42,68.0,1839600,VNM
2022-12-08,68.4,69.22,66.76,66.76,1597100,VNM
2022-12-09,66.76,67.42,65.94,65.94,2408500,VNM
2022-12-12,66.19,67.51,64.62,64.69,3142700,VNM
2022-12-13,64.78,65.44,63.63,64.28,3610400,VNM
2022-12-14,65.44,65.44,63.88,63.88,3522100,VNM
2022-12-15,63.88,65.29,63.72,63.97,2595300,VNM
2022-12-16,64.05,64.95,63.97,64.28,3002000,VNM
2022-12-19,64.69,64.69,63.46,63.46,2422700,VNM
2022-12-20,63.72,65.69,63.38,64.88,3030300,VNM
2022-12-21,65.69,66.44,65.52,65.69,2305500,VNM
2022-12-22,66.54,66.7,64.61,64.61,1587300,VNM
2022-12-23,64.68,65.6,63.94,63.94,1561800,VNM
2022-12-26,64.09,65.12,63.68,63.77,1657600,VNM
2022-12-27,64.43,64.43,63.77,64.26,262800,VNM
2022-12-27,64.26,65.44,63.94,64.26,1586800,VNM
2022-12-28,64.35,65.44,64.26,64.61,1188500,VNM
2022-12-29,64.93,65.6,64.61,64.61,1329700,VNM
2022-12-30,65.44,65.44,63.84,63.84,1199300,VNM
2023-01-03,64.19,65.86,63.94,65.86,1496000,VNM
2023-01-04,66.02,66.54,65.95,66.54,1089800,VNM
2023-01-05,66.54,68.3,66.28,68.12,2469800,VNM
2023-01-06,67.95,68.12,66.78,66.95,1269700,VNM
2023-01-09,67.04,67.71,66.78,67.71,948300,VNM
2023-01-10,67.87,68.38,67.63,67.95,1196000,VNM
2023-01-11,67.95,68.46,66.61,66.61,1534700,VNM
2023-01-12,67.04,67.29,66.54,67.11,684900,VNM
2023-01-13,67.29,68.04,67.21,67.63,1449000,VNM
2023-01-16,67.63,67.79,66.61,66.61,654700,VNM
2023-01-17,67.29,67.95,66.61,67.87,1671400,VNM
2023-01-18,67.87,68.38,67.71,68.2,1297900,VNM
2023-01-19,67.79,68.38,67.11,68.2,2627700,VNM
2023-01-27,68.3,68.72,66.78,67.11,2331800,VNM
2023-01-30,67.11,67.11,66.61,66.61,1614000,VNM
2023-01-31,66.46,66.7,64.51,64.68,4817500,VNM
2023-02-01,65.19,65.29,64.51,64.76,1810400,VNM
2023-02-02,64.93,65.02,64.35,64.35,1494400,VNM
2023-02-03,64.61,64.68,63.68,63.77,1855200,VNM
2023-02-06,63.68,65.02,63.68,64.93,1910700,VNM
2023-02-07,65.12,65.12,63.84,63.84,1274400,VNM
2023-02-08,63.94,64.26,63.51,63.59,1550000,VNM
2023-02-09,63.59,63.77,62.94,62.94,1593600,VNM
2023-02-10,62.94,63.68,62.94,63.68,1236100,VNM
2023-02-13,63.68,63.68,62.16,63.18,1569000,VNM
2023-02-14,63.18,63.51,62.42,62.68,1073500,VNM
2023-02-15,62.68,63.77,62.42,63.77,1443500,VNM
2023-02-16,63.77,64.19,63.42,64.19,691300,VNM
2023-02-17,63.84,64.09,63.18,63.77,777000,VNM
2023-02-20,63.77,65.02,63.33,65.02,1385300,VNM
2023-02-21,65.02,65.12,64.35,64.76,888300,VNM
2023-02-22,64.02,64.35,63.33,63.33,1295600,VNM
2023-02-23,63.33,64.51,62.42,63.51,2327900,VNM
2023-02-24,63.51,63.77,62.51,62.68,1681000,VNM
2023-02-27,62.68,63.68,62.08,63.08,1112500,VNM
2023-02-28,63.33,63.68,63.01,63.33,1034300,VNM
2023-03-01,63.01,64.61,62.94,64.51,1635500,VNM
2023-03-02,64.51,64.51,63.84,64.19,1088800,VNM
2023-03-03,62.94,64.43,62.94,63.77,704200,VNM
2023-03-06,63.77,64.26,62.94,62.94,891800,VNM
2023-03-07,63.68,63.94,63.33,63.59,1170900,VNM
2023-03-08,63.08,64.19,62.94,64.19,1244400,VNM
2023-03-09,63.94,64.68,63.94,64.19,1389700,VNM
2023-03-10,64.19,64.76,63.84,64.51,1427700,VNM
2023-03-13,64.43,64.68,64.26,64.51,1824500,VNM
2023-03-14,64.02,64.51,63.42,64.26,1735100,VNM
2023-03-15,64.26,64.86,64.19,64.68,1960200,VNM
2023-03-16,64.61,64.68,63.68,64.09,1529200,VNM
2023-03-17,64.09,64.09,62.51,62.51,2432800,VNM
2023-03-20,62.94,62.94,62.16,62.34,1609600,VNM
2023-03-21,62.42,63.01,62.25,62.42,1350200,VNM
2023-03-22,62.59,62.68,62.42,62.42,710300,VNM
2023-03-23,62.34,63.18,62.08,62.76,1194400,VNM
2023-03-24,62.94,63.33,62.76,62.84,850300,VNM
2023-03-27,62.94,62.94,62.34,62.42,1212200,VNM
2023-03-28,62.51,63.18,62.42,62.59,1437800,VNM
2023-03-29,62.68,62.84,62.42,62.51,842100,VNM
2023-03-30,62.68,63.26,62.59,63.01,781300,VNM
2023-03-31,62.94,63.26,62.42,62.42,877700,VNM
2023-04-03,62.59,62.84,62.25,62.68,775400,VNM
2023-04-04,62.42,62.51,62.25,62.42,1659100,VNM
2023-04-05,62.25,62.76,62.16,62.42,903000,VNM
2023-04-06,62.42,62.59,62.34,62.34,866600,VNM
2023-04-07,62.42,62.68,62.34,62.68,702800,VNM
2023-04-10,62.68,62.68,62.51,62.59,764400,VNM
2023-04-11,62.34,62.51,62.16,62.42,717800,VNM
2023-04-12,62.42,62.42,62.08,62.08,910700,VNM
2023-04-13,62.34,62.42,61.67,61.75,812500,VNM
2023-04-14,61.75,61.85,61.08,61.08,1214800,VNM
2023-04-17,61.08,61.16,60.15,60.41,1216500,VNM
2023-04-18,60.24,60.66,60.24,60.5,712600,VNM
2023-04-19,61.33,61.33,60.41,60.41,690300,VNM
2023-04-20,60.5,60.9,60.24,60.73,783700,VNM
2023-04-21,60.41,60.41,59.4,59.74,971800,VNM
2023-04-24,59.56,59.64,58.9,59.15,1134600,VNM
2023-04-25,59.15,59.89,58.55,58.55,1267500,VNM
2023-04-26,58.73,59.5,58.73,59.5,858700,VNM
2023-04-27,59.56,59.56,58.31,58.55,1226400,VNM
2023-04-28,58.55,58.9,58.48,58.64,760200,VNM
2023-05-04,58.73,58.73,57.38,57.73,2491100,VNM
2023-05-05,57.55,58.06,57.55,57.88,660100,VNM
2023-05-08,57.88,59.07,57.88,58.81,1101700,VNM
2023-05-09,59.4,59.56,59.15,59.4,809200,VNM
2023-05-10,59.4,59.64,59.15,59.23,826800,VNM
2023-05-11,59.15,59.5,58.73,58.73,412100,VNM
2023-05-12,59.07,59.07,58.31,58.31,868600,VNM
2023-05-15,58.64,58.64,57.88,57.98,1436500,VNM
2023-05-16,57.88,58.48,57.88,58.39,1308100,VNM
2023-05-17,58.48,58.48,57.73,57.98,1788600,VNM
2023-05-18,57.88,58.73,57.46,58.15,2416100,VNM
2023-05-19,58.24,58.31,57.55,57.73,1059600,VNM
2023-05-22,57.64,57.88,57.29,57.29,1598700,VNM
2023-05-23,57.06,57.38,56.2,56.29,2671700,VNM
2023-05-24,56.29,56.54,55.45,55.64,2350000,VNM
2023-05-25,55.54,56.63,55.38,56.29,1305500,VNM
2023-05-26,56.54,57.06,56.29,56.29,904500,VNM
2023-05-29,56.46,56.81,56.29,56.29,1043600,VNM
2023-05-30,56.29,56.54,55.79,55.79,1770500,VNM
2023-05-31,56.03,56.03,55.45,55.45,1466600,VNM
2023-06-01,55.45,55.79,55.38,55.45,1214500,VNM
2023-06-02,55.54,55.64,54.94,55.29,2969700,VNM
2023-06-05,55.79,56.38,55.54,55.79,3323000,VNM
2023-06-06,56.13,56.13,55.38,55.72,3423000,VNM
2023-06-07,55.79,55.96,55.38,55.54,3719000,VNM
2023-06-08,55.79,55.79,54.94,54.94,5036500,VNM
2023-06-09,55.04,55.79,54.94,55.19,2080200,VNM
2023-06-12,55.38,57.06,55.38,56.98,5450300,VNM
2023-06-13,57.14,57.29,56.63,56.72,4943400,VNM
2023-06-14,56.81,57.21,56.29,56.29,4910200,VNM
2023-06-15,56.46,56.54,55.54,55.64,4687800,VNM
2023-06-16,55.79,55.89,55.38,55.45,5993000,VNM
2023-06-19,55.64,55.89,55.04,55.19,3279400,VNM
2023-06-20,55.29,55.29,54.94,54.94,2963000,VNM
2023-06-21,55.04,55.64,54.94,55.64,3490900,VNM
2023-06-22,55.79,56.46,55.64,56.13,5610600,VNM
2023-06-23,56.2,58.31,56.2,57.98,11958000,VNM
2023-06-26,58.15,59.32,57.29,59.23,10737800,VNM
2023-06-27,59.4,59.4,58.39,59.15,5978900,VNM
2023-06-28,59.15,59.5,58.48,59.23,6154700,VNM
2023-06-29,59.23,60.73,58.81,60.33,7698400,VNM
2023-06-30,60.33,60.41,59.4,59.56,3645000,VNM
2023-07-03,59.64,59.89,58.98,59.32,3186200,VNM
2023-07-04,59.15,59.74,58.81,59.23,4781600,VNM
2023-07-05,59.4,59.4,58.39,58.55,6659200,VNM
2023-07-06,58.64,59.32,58.55,59.15,7631000,VNM
2023-07-07,59.32,59.74,59.07,59.5,5780500,VNM
2023-07-10,59.89,60.99,59.74,60.5,6171100,VNM
2023-07-11,60.5,61.59,60.15,61.08,5702300,VNM
2023-07-12,61.16,61.67,60.9,61.67,4195800,VNM
2023-07-13,61.59,61.92,61.16,61.33,3783500,VNM
2023-07-14,61.41,61.59,60.5,61.5,5209700,VNM
2023-07-17,61.24,61.75,60.58,60.66,3922800,VNM
2023-07-18,60.83,60.9,60.58,60.73,2930000,VNM
2023-07-19,60.83,61.24,60.73,60.9,2945100,VNM
2023-07-20,60.9,61.08,60.66,60.9,2600700,VNM
2023-07-21,60.9,61.67,60.83,61.67,3341800,VNM
2023-07-24,61.67,62.08,61.5,61.75,2535300,VNM
2023-07-25,61.75,62.68,61.33,62.51,4245900,VNM
2023-07-26,62.42,63.08,62.34,62.94,3189700,VNM
2023-07-27,62.94,63.59,62.76,63.51,4178200,VNM
2023-07-28,63.59,65.19,63.42,64.93,5473600,VNM
2023-07-31,64.86,65.77,64.76,65.44,3364900,VNM
2023-08-01,65.44,65.44,63.77,63.77,5730800,VNM
2023-08-02,63.77,64.19,63.18,63.84,2678900,VNM
2023-08-03,64.25,64.25,62.95,62.95,2917600,VNM
2023-08-04,62.85,63.28,62.42,63.28,3165200,VNM
2023-08-07,63.2,64.92,62.68,64.92,4317900,VNM
2023-08-08,64.75,64.92,64.07,64.59,3430500,VNM
2023-08-09,64.59,64.59,63.1,63.36,3705000,VNM
2023-08-10,63.36,64.15,63.2,63.36,2733200,VNM
2023-08-11,63.36,63.72,62.77,63.72,2181300,VNM
2023-08-14,63.63,63.72,62.85,63.63,3066500,VNM
2023-08-15,63.2,63.63,63.03,63.1,2219700,VNM
2023-08-16,63.1,63.72,62.85,63.36,2083900,VNM
2023-08-17,63.36,64.59,63.2,63.82,4580900,VNM
2023-08-18,63.72,64.85,62.51,63.55,7106200,VNM
2023-08-21,63.03,63.98,63.03,63.2,3055200,VNM
2023-08-22,63.45,63.45,61.65,63.03,3075100,VNM
2023-08-23,62.77,63.82,62.06,63.72,3072800,VNM
2023-08-24,63.72,64.92,63.28,64.75,4419900,VNM
2023-08-25,65.29,65.29,64.4,64.92,2751400,VNM
2023-08-28,65.02,67.71,65.02,67.53,5466800,VNM
2023-08-29,67.19,67.27,66.05,67.09,4199900,VNM
2023-08-30,66.74,68.05,66.32,67.45,2659700,VNM
2023-08-31,67.19,68.4,66.83,67.45,3836000,VNM
2023-09-05,68.05,69.79,67.71,69.43,6839900,VNM
2023-09-06,69.43,69.43,68.93,69.36,2280400,VNM
2023-09-07,69.26,69.36,68.13,68.93,3526700,VNM
2023-09-08,68.67,69.43,68.57,69.36,2774900,VNM
2023-09-11,69.36,70.29,67.27,68.93,4234900,VNM
2023-09-12,68.49,69.97,67.87,69.61,2668500,VNM
2023-09-13,68.99,69.61,68.22,68.57,2507000,VNM
2023-09-14,68.05,69.36,67.96,68.83,2482600,VNM
2023-09-15,68.83,70.39,68.49,68.93,5614800,VNM
2023-09-18,68.57,69.17,68.22,68.4,1322100,VNM
2023-09-19,68.05,68.4,67.09,68.4,2571700,VNM
2023-09-20,67.96,68.31,67.62,67.87,1842800,VNM
2023-09-21,67.71,67.87,67.01,67.62,2537900,VNM
2023-09-22,66.83,67.87,65.71,67.19,4244900,VNM
2023-09-25,66.92,68.05,66.5,67.27,2755500,VNM
2023-09-26,67.27,67.62,65.89,65.97,2534600,VNM
2023-09-27,66.15,66.41,64.85,66.41,2273300,VNM
2023-09-28,65.97,66.23,64.85,64.85,1889300,VNM
2023-09-29,65.02,66.23,64.32,64.32,1403900,VNM
2023-10-02,64.32,65.53,64.32,65.53,1159900,VNM
2023-10-03,64.66,65.12,64.07,64.15,1993700,VNM
2023-10-04,63.82,64.66,63.63,64.49,1077900,VNM
2023-10-05,64.25,64.49,63.03,63.03,2571400,VNM
2023-10-06,63.03,64.32,62.95,64.32,1227000,VNM
2023-10-09,64.15,64.25,63.82,63.89,830900,VNM
2023-10-10,64.4,65.02,64.15,64.49,1023900,VNM
2023-10-11,64.66,64.85,64.15,64.49,1134400,VNM
2023-10-12,64.59,65.79,64.59,65.44,2534800,VNM
2023-10-13,65.29,66.15,65.02,65.71,1487000,VNM
2023-10-16,65.12,65.71,64.75,65.19,1344400,VNM
2023-10-17,65.29,65.97,64.85,64.85,1421900,VNM
2023-10-18,64.85,64.85,62.77,64.07,2572400,VNM
2023-10-19,63.63,63.63,61.46,61.9,3904700,VNM
2023-10-20,61.82,62.85,60.85,62.68,2371800,VNM
2023-10-23,62.15,62.42,60.76,60.85,2725900,VNM
2023-10-24,60.85,61.38,60.76,60.93,1099500,VNM
2023-10-25,60.93,61.38,59.81,59.81,2423700,VNM
2023-10-26,59.38,59.48,57.13,58.09,5201700,VNM
2023-10-27,58.35,58.95,57.74,58.95,1811000,VNM
2023-10-30,58.86,58.95,58.17,58.59,1047000,VNM
2023-10-31,58.86,60.25,58.59,58.95,2183600,VNM
2023-11-01,59.81,61.12,58.86,61.03,2337200,VNM
2023-11-02,61.12,61.46,60.52,61.46,2390200,VNM
2023-11-03,61.46,61.46,60.52,60.68,1692700,VNM
2023-11-06,60.85,61.97,60.76,61.55,1136800,VNM
2023-11-07,61.12,61.38,60.52,61.38,1474700,VNM
2023-11-08,60.85,61.97,60.52,61.9,2339600,VNM
2023-11-09,62.06,62.51,61.28,61.28,3420100,VNM
2023-11-10,61.38,61.38,60.34,60.34,2833100,VNM
2023-11-13,60.43,60.68,59.48,59.55,1730800,VNM
2023-11-14,59.81,60.16,59.13,59.73,2996000,VNM
2023-11-15,60.68,62.24,60.68,61.28,3949400,VNM
2023-11-16,61.2,61.82,60.6,60.93,2338200,VNM
2023-11-17,61.55,61.65,59.99,60.68,2335800,VNM
2023-11-20,59.99,60.6,59.81,60.07,1770000,VNM
2023-11-21,60.16,60.52,59.73,60.25,2959800,VNM
2023-11-22,60.25,60.85,59.81,60.16,1302200,VNM
2023-11-23,60.52,60.6,59.55,59.55,1623100,VNM
2023-11-24,59.48,59.73,58.59,59.21,3128900,VNM
2023-11-27,59.21,59.3,58.86,59.04,1333300,VNM
2023-11-28,59.04,59.38,58.51,59.38,1775600,VNM
2023-11-29,59.38,59.63,59.13,59.3,1262500,VNM
2023-11-30,59.3,59.55,58.42,58.42,2581600,VNM
2023-12-01,58.95,59.38,58.69,59.3,1391800,VNM
2023-12-04,59.38,60.25,59.3,59.63,3006800,VNM
2023-12-05,59.63,59.81,58.95,59.04,2302100,VNM
2023-12-06,59.04,59.48,59.04,59.38,1606600,VNM
2023-12-07,59.63,59.63,58.51,59.3,3874400,VNM
2023-12-08,59.3,60.07,58.95,59.81,3729400,VNM
2023-12-11,61.12,61.12,60.6,60.68,4734500,VNM
2023-12-12,60.68,60.76,59.81,60.16,2788700,VNM
2023-12-13,60.34,60.43,59.04,59.13,4511000,VNM
2023-12-14,59.3,59.73,59.13,59.3,1462000,VNM
2023-12-15,59.38,59.48,59.04,59.04,3739700,VNM
2023-12-18,59.04,59.13,58.09,58.09,3513100,VNM
2023-12-19,58.17,58.42,57.47,58.09,3061900,VNM
2023-12-20,58.09,59.13,58.09,59.04,2603900,VNM
2023-12-21,58.86,59.21,58.77,58.77,2585900,VNM
2023-12-22,58.77,59.04,58.51,58.59,2145700,VNM
2023-12-25,58.59,59.55,58.59,58.86,2672700,VNM
2023-12-26,59.21,59.38,58.95,58.95,1975400,VNM
2023-12-27,59.38,59.56,58.95,58.95,1626400,VNM
2023-12-28,58.95,59.82,58.95,59.82,2408700,VNM
2023-12-29,60.0,60.0,59.04,59.04,1954700,VNM
2024-01-02,59.56,59.82,59.3,59.64,2142800,VNM
2024-01-03,59.74,60.26,59.38,60.26,1889800,VNM
2024-01-04,60.35,60.69,60.26,60.26,3401500,VNM
2024-01-05,60.53,60.53,59.82,60.08,1475700,VNM
2024-01-08,60.26,60.35,59.56,59.56,2396400,VNM
2024-01-09,59.56,59.82,59.38,59.48,2460400,VNM
2024-01-10,59.48,59.48,58.86,58.95,3006600,VNM
2024-01-11,58.95,59.82,58.95,59.3,2083900,VNM
2024-01-12,59.04,59.3,58.51,58.69,3283000,VNM
2024-01-15,58.69,58.95,58.51,58.51,2226700,VNM
2024-01-16,58.51,58.86,58.26,58.86,2072400,VNM
2024-01-17,58.95,59.3,58.51,58.59,1826400,VNM
2024-01-18,58.77,59.21,58.77,58.86,1228400,VNM
2024-01-19,58.86,59.9,58.86,59.38,2619900,VNM
2024-01-22,59.38,60.0,59.38,59.64,1959800,VNM
2024-01-23,59.64,59.64,59.04,59.13,2112000,VNM
2024-01-24,59.21,59.38,58.69,58.77,2083500,VNM
2024-01-25,58.86,58.95,58.42,58.42,2660500,VNM
2024-01-26,58.51,58.95,58.51,58.51,1675800,VNM
2024-01-29,58.59,58.77,58.42,58.51,1732800,VNM
2024-01-30,58.77,58.77,58.42,58.42,1790400,VNM
2024-01-31,58.69,59.56,58.42,58.51,4020100,VNM
2024-02-01,58.69,59.21,58.69,58.95,2499300,VNM
2024-02-02,58.95,59.13,58.51,58.86,2611300,VNM
2024-02-05,58.86,59.56,58.69,59.38,3565900,VNM
2024-02-06,59.48,59.56,59.04,59.04,2392800,VNM
2024-02-07,59.04,59.3,58.69,59.04,2736300,VNM
2024-02-15,59.04,59.38,58.69,59.04,3876600,VNM
2024-02-16,59.21,61.39,58.95,61.13,11114600,VNM
2024-02-19,61.92,63.4,61.74,62.78,6652800,VNM
2024-02-20,62.61,63.23,62.26,62.45,4385700,VNM
2024-02-21,62.45,62.78,61.99,62.26,3590200,VNM
2024-02-22,62.26,63.49,62.09,62.53,4648100,VNM
2024-02-23,62.71,63.49,61.99,61.99,6142500,VNM
2024-02-26,61.99,62.61,61.74,61.99,3048400,VNM
2024-02-27,62.18,63.23,62.09,62.88,5282500,VNM
2024-02-28,63.23,63.4,62.45,63.05,3419000,VNM
2024-02-29,63.4,64.02,62.53,62.88,6539800,VNM
2024-03-01,62.98,62.98,62.18,62.45,4397700,VNM
2024-03-04,62.71,63.49,62.53,62.88,5014600,VNM
2024-03-05,62.88,63.76,62.61,63.76,5440900,VNM
2024-03-06,64.02,64.19,62.71,62.71,4833900,VNM
2024-03-07,62.61,62.98,62.26,62.88,5067600,VNM
2024-03-08,62.98,63.66,61.13,61.13,7361000,VNM
2024-03-11,61.57,62.26,61.13,61.39,4208400,VNM
2024-03-12,61.48,61.66,61.13,61.13,3844000,VNM
2024-03-13,61.22,61.92,61.13,61.84,5646500,VNM
2024-03-14,61.99,62.26,61.39,61.57,5445400,VNM
2024-03-15,62.0,62.0,60.77,60.86,4851100,VNM
2024-03-18,60.86,61.12,59.79,60.06,6796400,VNM
2024-03-19,60.6,60.6,59.98,59.98,3164500,VNM
2024-03-20,59.98,60.68,59.71,60.15,3546900,VNM
2024-03-21,60.33,60.6,60.06,60.51,4906200,VNM
2024-03-22,60.68,60.77,59.98,59.98,6066700,VNM
2024-03-25,60.06,60.33,59.36,59.54,5450700,VNM
2024-03-26,59.61,60.06,59.54,59.88,2504200,VNM
2024-03-27,60.15,60.15,59.71,59.88,2637700,VNM
2024-03-28,59.88,60.51,59.79,59.88,4470700,VNM
2024-03-29,60.51,60.51,59.71,59.79,3484600,VNM
2024-04-01,59.79,59.88,59.27,59.27,4988000,VNM
2024-04-02,59.27,59.61,59.0,59.54,4322900,VNM
2024-04-03,59.54,59.54,59.0,59.0,5046100,VNM
2024-04-04,59.0,60.51,59.0,60.33,7472800,VNM
2024-04-05,60.33,60.33,59.88,60.06,4233800,VNM
2024-04-08,60.15,60.15,59.18,59.27,3666000,VNM
2024-04-09,59.36,59.54,59.1,59.27,2516000,VNM
2024-04-10,59.36,59.54,59.1,59.1,2765500,VNM
2024-04-11,59.0,59.18,58.83,58.92,2947700,VNM
2024-04-12,59.1,59.36,58.92,59.0,2509200,VNM
2024-04-15,59.0,59.0,57.41,57.41,5756100,VNM
2024-04-16,57.41,57.5,55.73,56.61,7128700,VNM
2024-04-17,56.98,57.41,56.8,56.8,4589800,VNM
2024-04-19,56.8,56.98,55.99,56.8,4516100,VNM
2024-04-22,57.23,57.77,56.61,56.61,2035200,VNM
2024-04-23,56.8,56.88,55.92,56.17,2014400,VNM
2024-04-24,56.61,56.88,56.17,56.61,2401300,VNM
2024-04-25,56.61,57.32,56.53,57.23,1916000,VNM
2024-04-26,57.23,58.21,57.06,57.5,2940600,VNM
2024-05-02,57.86,57.94,57.41,57.86,2563400,VNM
2024-05-03,58.04,58.38,57.94,58.04,1966400,VNM
2024-05-06,58.21,58.73,57.94,58.21,2261300,VNM
2024-05-07,58.38,60.6,58.3,60.15,8485900,VNM
2024-05-08,60.15,60.15,59.36,60.06,2964400,VNM
2024-05-09,60.06,60.06,58.92,58.92,2998000,VNM
2024-05-10,59.0,59.71,58.47,58.83,2418100,VNM
2024-05-13,58.92,59.1,57.86,58.21,2732500,VNM
2024-05-14,58.3,59.27,58.3,58.83,2433100,VNM
2024-05-15,59.18,59.54,59.0,59.27,3234900,VNM
2024-05-16,59.36,59.88,59.27,59.45,2911400,VNM
2024-05-17,59.54,59.98,59.1,59.27,4169000,VNM
2024-05-20,59.36,59.79,58.73,58.73,4920600,VNM
2024-05-21,58.73,58.92,58.21,58.56,3799500,VNM
2024-05-22,58.73,59.0,58.21,58.21,3618300,VNM
2024-05-23,58.38,59.27,58.21,59.27,2991400,VNM
2024-05-24,59.0,59.18,58.12,58.38,4104100,VNM
2024-05-27,58.47,58.92,58.21,58.47,2336600,VNM
2024-05-28,58.65,59.54,58.47,59.1,5347500,VNM
2024-05-29,59.27,59.54,58.38,58.65,3357900,VNM
2024-05-30,58.47,58.56,57.94,58.12,4412600,VNM
2024-05-31,58.3,58.3,57.77,57.86,4143400,VNM
2024-06-03,58.21,58.92,58.12,58.47,3190500,VNM
2024-06-04,58.47,58.92,58.38,58.38,2445200,VNM
2024-06-05,58.56,61.21,58.56,60.6,11865800,VNM
2024-06-06,61.04,61.04,59.45,59.45,4887800,VNM
2024-06-07,59.79,60.68,59.71,59.98,4127600,VNM
2024-06-10,60.51,60.6,59.45,59.45,4564100,VNM
2024-06-11,59.61,59.71,58.73,58.83,6177100,VNM
2024-06-12,58.83,59.54,58.65,59.27,3425100,VNM
2024-06-13,59.27,59.61,59.1,59.18,2803600,VNM
2024-06-14,59.27,59.54,58.56,58.56,4124200,VNM
2024-06-17,58.65,58.92,58.38,58.38,3617600,VNM
2024-06-18,58.83,58.83,58.3,58.3,2751700,VNM
2024-06-19,58.38,58.38,57.59,57.77,6155000,VNM
2024-06-20,57.86,59.1,57.67,58.38,4397100,VNM
2024-06-21,58.83,59.36,58.38,58.38,3967700,VNM
2024-06-24,58.47,58.92,57.77,57.94,3847700,VNM
2024-06-25,58.21,58.56,57.94,57.94,2433600,VNM
2024-06-26,58.21,58.21,57.59,57.67,2485100,VNM
2024-06-27,57.67,58.04,57.59,57.77,2708400,VNM
2024-06-28,57.94,58.38,57.77,57.94,2731700,VNM
2024-07-01,58.21,58.38,57.77,58.38,1909300,VNM
2024-07-02,58.38,58.65,58.21,58.56,2042800,VNM
2024-07-03,58.56,58.65,58.38,58.56,1332600,VNM
2024-07-04,58.65,59.18,58.65,58.73,2688900,VNM
2024-07-05,58.73,59.71,58.73,59.45,4180100,VNM
2024-07-08,59.54,59.88,59.27,59.79,4942400,VNM
2024-07-09,59.79,59.98,59.45,59.71,5045200,VNM
2024-07-10,59.71,59.98,59.1,59.1,3881700,VNM
2024-07-11,59.18,59.27,58.65,58.65,3787100,VNM
2024-07-12,58.73,58.92,58.47,58.65,2079900,VNM
2024-07-15,58.65,59.18,58.56,58.56,2155300,VNM
2024-07-16,58.73,59.0,58.47,58.47,2243700,VNM
2024-07-17,58.56,58.83,58.04,58.12,3464800,VNM
2024-07-18,58.38,58.38,57.94,58.3,2283000,VNM
2024-07-19,58.3,58.3,57.59,57.77,3392700,VNM
2024-07-22,57.77,58.38,57.67,57.86,2654800,VNM
2024-07-23,58.04,58.65,57.94,58.3,3777800,VNM
2024-07-24,58.21,58.47,58.04,58.04,3613500,VNM
2024-07-25,58.04,58.12,57.77,58.04,1957600,VNM
2024-07-26,57.86,58.56,57.86,58.21,2975400,VNM
2024-07-29,58.56,59.79,58.3,59.45,5781800,VNM
2024-07-30,59.54,60.51,59.18,59.88,6375600,VNM
2024-07-31,60.6,63.69,60.6,63.33,21144900,VNM
2024-08-01,63.52,63.6,62.0,62.19,8865800,VNM
2024-08-02,61.92,63.6,61.92,63.25,10290200,VNM
2024-08-05,62.8,62.99,60.6,61.39,12155500,VNM
2024-08-06,62.19,64.85,61.92,64.31,13496200,VNM
2024-08-07,64.75,65.29,64.05,65.29,10700700,VNM
2024-08-08,65.38,65.81,63.86,64.31,5811000,VNM
2024-08-09,64.39,64.92,64.13,64.85,4527500,VNM
2024-08-12,64.85,65.81,64.39,64.58,5804000,VNM
2024-08-13,64.39,65.81,64.31,65.29,6734400,VNM
2024-08-14,65.45,65.55,64.85,65.45,5456200,VNM
2024-08-15,65.45,65.98,65.19,65.29,4255800,VNM
2024-08-16,65.45,65.55,64.75,65.29,7392900,VNM
2024-08-19,65.45,67.24,65.29,67.24,7917900,VNM
2024-08-20,67.24,67.41,66.61,66.87,4177300,VNM
2024-08-21,66.52,67.32,66.44,66.61,3991000,VNM
2024-08-22,67.24,67.24,65.12,65.64,6025900,VNM
2024-08-23,66.25,66.87,65.81,66.25,3307600,VNM
2024-08-26,66.25,66.35,64.85,64.92,6324800,VNM
2024-08-27,64.92,65.29,64.23,65.02,4265800,VNM
2024-08-28,65.12,65.45,64.75,65.38,3352800,VNM
2024-08-29,65.19,65.45,64.92,65.02,2042900,VNM
2024-08-30,65.12,66.18,64.92,65.38,3675800,VNM
2024-09-04,64.85,65.91,64.66,65.72,2839100,VNM
2024-09-05,65.72,66.7,65.55,66.08,5857500,VNM
2024-09-06,66.25,66.79,66.18,66.7,3641800,VNM
2024-09-09,66.44,66.44,65.64,66.18,2638800,VNM
2024-09-10,66.18,66.79,65.72,66.25,3332400,VNM
2024-09-11,66.18,66.44,65.38,65.98,3165200,VNM
2024-09-12,66.35,66.52,65.81,66.08,2052100,VNM
2024-09-13,66.18,66.18,64.48,64.48,5347100,VNM
2024-09-16,64.58,64.58,63.6,63.6,4034700,VNM
2024-09-17,63.69,64.92,63.42,64.92,2390300,VNM
2024-09-18,65.12,65.38,64.58,64.85,2845300,VNM
2024-09-19,64.75,65.02,64.58,64.85,1572700,VNM
2024-09-20,65.02,65.45,64.31,64.31,5232400,VNM
2024-09-23,64.66,64.75,64.23,64.48,2930300,VNM
2024-09-24,64.99,64.99,64.17,64.35,2076500,VNM
2024-09-25,64.35,64.44,63.71,63.71,4520500,VNM
2024-09-26,63.71,65.09,63.71,64.71,3984100,VNM
2024-09-27,64.81,65.17,64.71,64.99,2968700,VNM
2024-09-30,64.99,64.99,64.17,64.17,2043500,VNM
2024-10-01,64.26,64.71,64.17,64.17,2040200,VNM
2024-10-02,64.26,64.26,63.71,64.17,2139900,VNM
2024-10-03,64.26,64.53,63.99,64.35,2948000,VNM
2024-10-04,64.53,64.53,62.61,62.71,6134000,VNM
2024-10-07,62.89,63.43,61.42,61.42,5986300,VNM
2024-10-08,61.51,62.43,61.51,62.43,2887600,VNM
2024-10-09,62.52,62.79,62.06,62.06,3527900,VNM
2024-10-10,62.52,62.99,61.96,61.96,2622600,VNM
2024-10-11,62.34,62.43,61.79,61.96,2370000,VNM
2024-10-14,62.34,62.34,61.42,61.51,2820500,VNM
2024-10-15,61.51,61.7,61.06,61.14,3073300,VNM
2024-10-16,61.14,62.34,61.14,61.79,2003900,VNM
2024-10-17,61.89,62.15,61.61,61.89,1655000,VNM
2024-10-18,61.89,62.24,61.7,61.7,1597500,VNM
2024-10-21,61.7,62.15,61.51,61.61,1860000,VNM
2024-10-22,61.61,62.06,61.51,61.61,2250400,VNM
2024-10-23,61.61,61.89,61.51,61.61,1635900,VNM
2024-10-24,61.61,63.16,61.61,62.61,4365000,VNM
2024-10-25,62.79,62.79,62.15,62.24,2170200,VNM
2024-10-28,61.96,62.24,61.06,61.51,2923300,VNM
2024-10-29,61.61,61.61,61.14,61.33,2030600,VNM
2024-10-30,61.33,61.61,60.69,60.69,3431700,VNM
2024-10-31,60.96,60.96,59.77,60.51,5170700,VNM
2024-11-01,60.51,60.69,60.04,60.23,2178000,VNM
2024-11-04,60.32,60.96,60.04,60.04,2118800,VNM
2024-11-05,60.14,60.42,59.96,59.96,1060900,VNM
2024-11-06,60.42,60.42,59.77,60.23,2594600,VNM
2024-11-07,60.42,60.6,60.04,60.32,1152300,VNM
2024-11-08,60.42,60.6,60.04,60.14,1592400,VNM
2024-11-11,60.14,60.23,59.23,59.68,2737600,VNM
2024-11-12,59.68,60.14,59.32,59.41,1729600,VNM
2024-11-13,59.58,60.04,59.23,59.5,2770700,VNM
2024-11-14,59.5,59.5,59.23,59.5,1779900,VNM
2024-11-15,59.41,59.41,58.31,58.31,3688300,VNM
2024-11-18,58.31,58.76,57.86,57.86,3747000,VNM
2024-11-19,57.94,58.13,57.66,57.66,2733600,VNM
2024-11-20,57.66,58.4,57.58,58.22,2818000,VNM
2024-11-21,58.31,58.68,58.04,58.49,2253500,VNM
2024-11-22,58.49,59.32,58.49,58.86,2176700,VNM
2024-11-25,58.86,59.14,58.76,58.86,2446600,VNM
2024-11-26,59.04,59.5,58.95,59.32,1675600,VNM
2024-11-27,59.32,59.5,59.04,59.14,1586400,VNM
2024-11-28,59.5,59.5,59.04,59.04,1273300,VNM
2024-11-29,59.04,59.32,58.86,59.14,1105500,VNM
2024-12-02,59.14,59.32,58.76,59.04,1229100,VNM
2024-12-03,59.14,59.14,58.49,58.49,2425200,VNM
2024-12-04,58.4,58.49,57.94,57.94,2745800,VNM
2024-12-05,58.13,59.23,57.86,58.86,2218400,VNM
2024-12-06,59.04,59.32,58.68,58.68,1677900,VNM
2024-12-09,59.04,59.04,58.58,58.68,1762700,VNM
2024-12-10,58.68,58.95,58.49,58.49,1711000,VNM
2024-12-11,58.49,59.14,58.49,58.76,2024600,VNM
2024-12-12,58.76,59.41,58.76,59.14,2249800,VNM
2024-12-13,58.86,59.04,58.68,58.76,1396700,VNM
2024-12-16,58.76,59.68,58.76,59.5,2387600,VNM
2024-12-17,59.41,59.5,59.04,59.14,1204000,VNM
2024-12-18,59.5,59.58,59.23,59.23,1614100,VNM
2024-12-19,58.95,59.04,58.49,58.49,2626900,VNM
2024-12-20,58.58,59.5,58.58,59.5,3799600,VNM
2024-12-23,59.23,59.5,58.86,58.95,1347800,VNM
2024-12-24,58.95,59.23,58.68,58.86,1287000,VNM
2024-12-25,58.95,59.41,58.95,58.95,1302500,VNM
2024-12-26,59.23,59.23,58.86,58.86,1708800,VNM
2024-12-27,58.95,59.14,58.76,58.86,2443700,VNM
2024-12-30,58.68,58.76,58.4,58.4,1490800,VNM
2024-12-31,58.49,58.86,58.4,58.49,1641900,VNM
2025-01-02,58.68,58.86,58.21,58.21,1336600,VNM
2025-01-03,58.3,58.4,58.03,58.12,1776700,VNM
2025-01-06,58.12,58.3,57.66,57.66,2103500,VNM
2025-01-07,57.75,58.12,56.82,56.92,2802100,VNM
2025-01-08,57.2,57.29,56.46,56.92,2053300,VNM
2025-01-09,57.02,57.1,56.55,57.02,1500000,VNM
2025-01-10,56.92,57.1,56.55,56.55,1189800,VNM
2025-01-13,56.46,57.1,56.37,56.64,1101700,VNM
2025-01-14,56.64,57.02,56.55,56.82,1147600,VNM
2025-01-15,57.29,57.47,56.92,56.92,1216400,VNM
2025-01-16,57.47,57.75,56.92,57.1,1684500,VNM
2025-01-17,57.38,57.38,57.2,57.2,889400,VNM
2025-01-20,57.2,57.38,56.82,57.1,1633600,VNM
2025-01-21,57.2,57.29,56.82,57.02,1403900,VNM
2025-01-22,57.2,57.2,56.82,56.82,1760900,VNM
2025-01-23,56.82,57.47,56.82,57.2,1781300,VNM
2025-01-24,57.1,57.66,57.02,57.38,1576400,VNM
2025-02-03,57.38,57.38,55.81,55.81,7279900,VNM
2025-02-04,55.91,56.18,55.35,55.53,7125000,VNM
2025-02-05,55.73,56.74,55.73,56.74,3198100,VNM
2025-02-06,56.74,56.82,55.81,55.99,3024800,VNM
2025-02-07,55.99,56.46,55.91,56.09,2552300,VNM
2025-02-10,56.46,56.46,55.91,55.91,2592100,VNM
2025-02-11,55.91,55.99,55.45,55.73,3433800,VNM
2025-02-12,55.91,56.27,55.81,56.27,2756600,VNM
2025-02-13,56.27,56.27,55.73,55.99,2576800,VNM
2025-02-14,55.99,55.99,55.63,55.63,6401800,VNM
2025-02-17,55.73,55.91,55.35,55.35,3612400,VNM
2025-02-18,55.73,55.81,55.35,55.63,2436800,VNM
2025-02-19,55.63,56.18,55.63,56.09,3072700,VNM
2025-02-20,56.18,56.18,55.91,55.99,2627900,VNM
2025-02-21,56.09,57.29,55.91,56.64,4717200,VNM
2025-02-24,56.82,58.95,56.82,58.86,11512800,VNM
2025-02-25,59.04,59.04,57.75,58.03,3884200,VNM
2025-02-26,58.12,58.49,58.03,58.21,3636600,VNM
2025-02-27,58.3,58.3,57.38,57.38,3520600,VNM
2025-02-28,57.47,58.3,57.38,57.38,4175600,VNM
2025-03-03,57.93,58.3,57.47,58.3,3610600,VNM
2025-03-04,58.3,58.86,58.03,58.58,6042000,VNM
2025-03-05,58.68,58.68,57.85,57.85,2275500,VNM
2025-03-06,57.85,58.03,57.38,58.03,3125600,VNM
2025-03-07,58.03,58.12,57.57,57.85,2655600,VNM
2025-03-10,58.12,58.12,57.66,57.66,2529500,VNM
2025-03-11,57.47,57.66,57.29,57.57,2287600,VNM
2025-03-12,57.66,57.93,57.38,57.38,2755400,VNM
2025-03-13,57.47,58.03,57.1,57.2,5100400,VNM
2025-03-14,57.57,57.85,57.29,57.29,2696700,VNM
2025-03-17,57.57,58.49,57.57,58.12,4062100,VNM
2025-03-18,58.21,58.21,57.66,57.66,3281900,VNM
2025-03-19,57.85,57.93,57.1,57.47,3038400,VNM
2025-03-20,57.38,57.38,56.55,57.02,3888200,VNM
2025-03-21,57.02,57.02,56.46,56.55,3325900,VNM
2025-03-24,56.64,57.2,56.37,56.64,2488900,VNM
2025-03-25,56.92,56.92,56.46,56.64,2323000,VNM
2025-03-26,56.74,57.1,56.46,56.46,1846000,VNM
2025-03-27,56.46,56.74,56.37,56.37,2230500,VNM
2025-03-28,56.27,56.37,55.53,55.63,5430100,VNM
2025-03-31,56.09,56.82,55.91,55.91,5301500,VNM
2025-04-01,56.46,56.46,55.63,56.09,3129300,VNM
2025-04-02,55.99,56.64,55.81,55.81,4684400,VNM
2025-04-03,54.89,54.98,51.94,52.12,16938200,VNM
2025-04-04,49.81,54.25,49.63,53.97,9776600,VNM
2025-04-08,52.31,52.49,50.28,50.28,13324100,VNM
2025-04-09,47.42,50.92,47.42,47.97,9882600,VNM
2025-04-10,51.29,51.29,51.29,51.29,1514300,VNM
2025-04-11,51.29,53.87,51.29,53.04,9164400,VNM
2025-04-14,53.41,53.41,52.12,52.49,5479700,VNM
2025-04-15,52.31,53.04,51.94,51.94,4163500,VNM
2025-04-16,52.03,52.76,51.67,51.67,3735600,VNM
2025-04-17,51.2,52.21,50.56,51.67,7219000,VNM
2025-04-18,52.31,52.86,52.21,52.21,3037200,VNM
2025-04-21,52.4,52.68,52.12,52.31,3021400,VNM
2025-04-22,52.21,52.21,49.73,51.67,6955000,VNM
2025-04-23,52.4,52.86,52.03,52.03,3586000,VNM
2025-04-24,52.12,52.4,51.85,51.94,1956400,VNM
2025-04-25,52.12,53.79,52.12,53.79,8119700,VNM
2025-04-28,53.79,53.79,53.04,53.04,2664700,VNM
2025-04-29,53.04,53.41,52.76,53.14,2556000,VNM
2025-05-05,52.58,52.68,52.49,52.49,4238300,VNM
2025-05-06,52.58,52.96,52.49,52.49,2502600,VNM
2025-05-07,52.49,53.23,52.49,52.76,2905500,VNM
2025-05-08,52.76,53.32,52.76,52.96,3262200,VNM
2025-05-09,53.23,54.06,53.23,53.23,3832400,VNM
2025-05-12,53.51,54.15,53.51,54.06,5863100,VNM
2025-05-13,54.34,54.43,53.79,53.97,4352200,VNM
2025-05-14,54.45,54.45,53.59,53.68,5034700,VNM
2025-05-15,53.68,54.45,53.68,54.25,4092100,VNM
2025-05-16,54.25,54.25,53.68,53.68,3198400,VNM
2025-05-19,53.68,54.45,53.49,53.49,2795600,VNM
2025-05-20,53.59,53.78,53.3,53.4,3224100,VNM
2025-05-21,53.49,53.49,52.92,52.92,4464400,VNM
2025-05-22,52.92,53.11,52.54,52.54,2665200,VNM
2025-05-23,52.73,53.01,52.63,52.82,1666700,VNM
2025-05-26,52.92,53.3,52.54,53.2,2729200,VNM
2025-05-27,53.4,53.49,52.82,52.92,3680800,VNM
2025-05-28,53.2,53.2,52.63,52.73,3901700,VNM
2025-05-29,53.01,53.01,52.63,52.63,2182300,VNM
2025-05-30,52.92,52.92,52.34,52.44,3273900,VNM
2025-06-02,52.44,52.73,52.06,52.15,2644100,VNM
2025-06-03,52.25,53.49,52.25,53.01,4311900,VNM
2025-06-04,53.3,55.21,53.01,54.35,8419300,VNM
2025-06-05,54.45,54.54,53.78,53.78,2794700,VNM
2025-06-06,53.87,53.87,52.63,52.82,4122400,VNM
2025-06-09,52.92,53.78,52.82,52.82,3035700,VNM
2025-06-10,53.01,53.59,52.63,52.82,2999200,VNM
2025-06-11,52.82,53.11,52.63,52.73,1720700,VNM
2025-06-12,53.11,53.68,53.01,53.4,3282700,VNM
2025-06-13,53.01,53.2,52.73,53.01,3545400,VNM
2025-06-16,52.92,54.06,52.92,53.78,4734300,VNM
2025-06-17,53.87,54.16,53.59,53.68,3406400,VNM
2025-06-18,53.78,54.25,53.49,53.49,4098100,VNM
2025-06-19,53.49,53.87,53.2,53.59,2628700,VNM
2025-06-20,53.78,54.16,53.4,54.06,4661400,VNM
2025-06-23,53.49,53.87,53.3,53.4,3022700,VNM
2025-06-24,53.68,53.97,53.59,53.87,2803800,VNM
2025-06-25,53.97,55.21,53.87,54.25,6268200,VNM
2025-06-26,54.25,54.45,53.78,53.87,3118900,VNM
2025-06-27,54.25,55.97,53.78,55.21,8895400,VNM
2025-06-30,55.5,56.07,55.31,55.4,4487800,VNM
2025-07-01,55.78,55.78,54.64,54.92,4013600,VNM
2025-07-02,55.02,55.4,54.73,55.11,3775700,VNM
2025-07-03,55.11,55.78,54.73,54.92,5293100,VNM
2025-07-04,54.92,55.31,54.73,55.21,2696200,VNM
2025-07-07,55.4,55.69,55.11,55.31,3762300,VNM
2025-07-08,55.4,56.55,55.31,56.36,7163100,VNM
2025-07-09,56.64,57.88,56.45,57.5,9636900,VNM
2025-07-10,57.79,57.88,57.02,57.02,5246100,VNM
2025-07-11,57.6,58.08,57.12,57.12,6233200,VNM
2025-07-14,57.31,58.08,56.64,57.6,6083200,VNM
2025-07-15,57.88,58.46,57.41,57.41,6553200,VNM
2025-07-16,57.31,57.5,56.93,57.41,4961100,VNM
2025-07-17,57.6,57.88,57.12,57.41,6357800,VNM
2025-07-18,57.41,58.36,57.31,57.5,5826800,VNM
2025-07-21,57.6,58.08,57.31,57.31,5503300,VNM
2025-07-22,57.31,57.5,56.83,57.5,4735100,VNM
2025-07-23,57.69,58.94,57.5,58.94,9228600,VNM
2025-07-24,59.32,61.13,59.32,60.85,13421100,VNM
2025-07-25,60.94,60.94,60.27,60.37,5124000,VNM
2025-07-28,60.46,61.04,60.18,60.46,8462700,VNM
2025-07-29,60.46,61.32,59.99,60.37,10714200,VNM
2025-07-30,60.18,60.65,59.99,60.08,6078500,VNM
2025-07-31,60.18,60.65,57.69,58.46,10570300,VNM
2025-08-01,58.65,58.65,57.31,57.31,5329800,VNM
2025-08-04,57.12,58.08,57.12,57.69,3746300,VNM
2025-08-05,57.79,58.74,57.31,57.41,9564600,VNM
2025-08-06,57.69,58.94,57.69,58.55,5377500,VNM
2025-08-07,59.13,59.22,58.08,58.17,4741600,VNM
2025-08-08,58.27,59.03,57.88,58.08,6503200,VNM
2025-08-11,58.27,59.32,58.17,58.74,5787800,VNM
2025-08-12,59.32,59.6,58.65,59.03,5207000,VNM
2025-08-13,59.22,59.32,58.08,58.36,6210800,VNM
2025-08-14,58.55,59.41,58.27,58.94,6534600,VNM
2025-08-15,59.22,59.41,58.27,58.27,5660400,VNM
2025-08-18,58.36,58.55,57.88,57.98,4775600,VNM
2025-08-19,58.08,58.46,57.69,57.79,5257700,VNM
2025-08-20,57.79,58.17,56.93,57.31,6338200,VNM
2025-08-21,57.41,58.17,56.93,57.41,5810000,VNM
2025-08-22,57.12,57.22,55.88,56.07,7201500,VNM
2025-08-25,56.26,56.93,56.07,56.07,3360400,VNM
2025-08-26,55.97,57.41,55.88,57.02,2990300,VNM
2025-08-27,57.02,58.46,56.83,57.79,4849200,VNM
2025-08-28,58.27,58.74,57.98,58.27,3661100,VNM
2025-08-29,58.55,58.55,57.6,57.6,4166400,VNM
2025-09-03,57.6,58.74,57.6,58.74,4767300,VNM
2025-09-04,58.94,59.7,58.74,59.03,4228100,VNM
2025-09-05,59.13,59.22,58.17,58.17,5355900,VNM
2025-09-08,58.17,59.13,57.88,57.88,6958800,VNM
2025-09-09,57.88,58.27,57.41,57.6,3516800,VNM
2025-09-10,57.79,57.88,57.02,57.12,3120100,VNM
2025-09-11,57.12,58.46,56.74,58.46,4998900,VNM
2025-09-12,58.55,60.65,58.27,60.37,13670300,VNM
2025-09-15,60.56,60.65,59.99,60.27,3527500,VNM
2025-09-16,60.65,62.47,60.37,61.8,12673100,VNM
2025-09-17,61.9,63.23,61.9,62.18,9865800,VNM
2025-09-18,62.18,62.37,60.65,60.75,5050800,VNM
2025-09-19,60.94,61.04,59.22,59.22,5300500,VNM
2025-09-22,59.32,59.99,58.65,58.65,5285200,VNM
2025-09-23,58.74,59.7,58.74,58.84,3425100,VNM
2025-09-24,59.13,59.22,58.27,59.22,3214500,VNM
2025-09-25,59.51,59.6,58.74,58.74,2752800,VNM
2025-09-26,58.74,59.03,58.36,58.36,2489900,VNM
2025-09-29,58.36,58.46,57.5,57.6,5130400,VNM
2025-09-30,57.69,58.08,57.31,57.31,3030200,VNM
2025-10-01,57.98,59.7,57.5,59.32,4526400,VNM
2025-10-02,59.7,59.79,58.46,58.46,3398700,VNM
2025-10-03,58.55,59.51,58.46,58.55,3998500,VNM
2025-10-06,59.89,59.89,59.03,59.6,4051900,VNM
2025-10-07,59.89,59.89,58.65,58.65,3715300,VNM
2025-10-08,59.51,60.65,58.94,60.56,5919700,VNM
2025-10-09,60.56,60.65,59.79,60.08,3297300,VNM
2025-10-10,60.56,60.56,59.6,59.6,4972200,VNM
2025-10-13,59.41,61.23,59.03,61.13,6305000,VNM
2025-10-14,61.51,61.51,60.46,60.65,5359800,VNM
2025-10-15,60.94,61.51,60.75,60.75,4645400,VNM
2025-10-16,60.8,61.2,60.2,61.2,5158400,VNM
2025-10-17,61.0,61.2,58.8,58.8,6041500,VNM
2025-10-20,58.9,59.4,55.0,55.0,8737700,VNM
2025-10-21,56.1,58.0,56.1,56.5,7068100,VNM
2025-10-22,57.1,57.3,55.7,56.3,3846700,VNM
2025-10-23,56.5,57.1,56.3,56.6,2327300,VNM
2025-10-24,56.9,58.1,56.1,58.1,3959900,VNM
2025-10-27,58.4,58.4,57.0,57.0,2998800,VNM
2025-10-28,57.2,57.4,56.8,57.4,2079100,VNM
2025-10-29,57.5,57.9,57.1,57.5,1973000,VNM
2025-10-30,57.8,57.9,57.0,57.1,1905200,VNM
2025-10-31,57.4,57.7,57.1,57.6,2641500,VNM
2025-11-03,57.7,58.3,57.3,57.3,2642700,VNM
2025-11-04,57.6,57.9,56.3,57.3,4175200,VNM
2025-11-05,57.3,58.5,57.1,58.0,3831600,VNM
2025-11-06,58.0,58.5,57.6,58.0,2241200,VNM
2025-11-07,57.6,58.4,57.5,57.6,3251100,VNM
2025-11-10,57.7,57.9,57.0,57.0,2675800,VNM
2025-11-11,57.0,59.0,57.0,58.9,5152700,VNM
2025-11-12,58.8,60.0,58.5,59.8,5161900,VNM
2025-11-13,59.8,62.0,59.7,61.8,9741800,VNM
2025-11-14,61.7,63.3,61.6,62.8,10146900,VNM
2025-11-17,62.9,63.3,61.8,62.1,4198400,VNM
2025-11-18,62.0,62.3,60.5,60.7,5559900,VNM
2025-11-19,60.7,61.9,60.5,60.9,4458500,VNM
2025-11-20,61.4,61.6,60.5,60.7,2656100,VNM
2025-11-21,60.3,60.7,59.7,59.9,4191100,VNM
2025-11-24,60.1,63.4,60.1,63.0,9900300,VNM
2025-11-25,63.0,63.2,61.9,61.9,4907900,VNM
2025-11-26,62.3,63.2,62.3,62.8,3651000,VNM
2025-11-27,63.0,63.4,62.0,62.0,3962300,VNM
2025-11-28,62.2,64.5,62.2,64.0,11898300,VNM
2025-12-01,64.3,65.9,64.3,64.9,9107300,VNM
2025-12-02,64.8,65.6,64.5,65.0,6764300,VNM
2025-12-03,65.1,65.2,64.0,64.6,5383600,VNM
2025-12-04,65.0,65.1,63.4,63.4,5918000,VNM
2025-12-05,63.6,64.5,63.4,63.4,3598900,VNM
2025-12-08,63.3,64.5,63.2,63.5,3322000,VNM
2025-12-09,63.5,64.1,62.5,62.5,5389200,VNM
2025-12-10,62.4,64.5,62.3,63.1,3470500,VNM
2025-12-11,63.0,63.5,61.5,61.5,4852300,VNM
2025-12-12,61.7,62.0,60.2,60.2,4396400,VNM
2025-12-15,60.3,62.6,60.3,62.0,4242600,VNM
2025-12-16,62.0,64.4,61.7,64.2,6863300,VNM
2025-12-17,64.1,64.1,62.9,62.9,2090400,VNM
2025-12-18,63.6,64.0,62.9,63.9,3065000,VNM
2025-12-19,63.7,64.0,63.0,64.0,2685700,VNM
2025-12-22,63.9,63.9,63.1,63.2,2650700,VNM
2025-12-23,63.5,64.1,62.3,62.6,4394700,VNM
2025-12-24,62.8,62.9,61.5,61.5,4870200,VNM
2025-12-25,61.6,62.3,61.3,61.3,2059600,VNM
2025-12-26,61.6,62.3,61.2,61.5,2399200,VNM
2025-12-29,61.5,62.2,61.4,62.1,1943000,VNM
2025-12-30,62.1,62.3,61.7,61.8,1581000,VNM
2025-12-31,61.9,62.0,61.2,61.2,1879600,VNM
2026-01-05,61.3,61.5,60.0,60.3,2814700,VNM
2026-01-06,60.5,60.9,60.3,60.8,2963300,VNM
2026-01-07,60.8,61.5,60.5,60.9,3228100,VNM
2026-01-08,61.1,63.4,61.1,62.2,5636400,VNM
2026-01-09,62.4,62.5,61.0,61.0,4184100,VNM
2026-01-12,61.1,62.7,61.1,62.7,4146300,VNM
2026-01-13,62.9,64.9,62.8,63.3,6761300,VNM
2026-01-14,63.6,67.7,63.4,67.7,24838300,VNM
2026-01-15,70.0,72.4,69.5,71.0,19260600,VNM
2026-01-16,71.1,73.0,69.1,69.6,13372500,VNM
2026-01-19,69.8,71.0,68.3,70.6,10385300,VNM
2026-01-20,71.5,75.5,71.1,73.4,21521900,VNM
2026-01-21,73.0,73.0,70.0,70.3,11234100,VNM
2026-01-22,71.1,72.8,70.0,70.9,8055200,VNM
2026-01-23,69.4,70.1,67.2,67.2,16050400,VNM
2026-01-26,67.4,69.3,67.4,68.9,8864800,VNM
2026-01-27,68.4,68.6,66.1,67.7,8357800,VNM
2026-01-28,67.7,69.5,67.2,67.7,9816800,VNM
2026-01-29,68.5,71.1,67.9,71.1,10036800,VNM
2026-01-30,71.5,72.5,70.5,70.6,7844800,VNM
2026-02-02,70.9,72.6,70.3,72.6,10777700,VNM
2026-02-03,72.9,73.6,71.3,71.6,7261000,VNM
2026-02-04,71.8,72.6,70.8,72.0,7672500,VNM
2026-02-05,71.9,72.2,69.1,69.1,8057000,VNM
2026-02-06,68.3,70.7,68.2,69.1,6695900,VNM
2026-02-09,69.4,70.4,69.3,69.6,2573300,VNM
2026-02-10,69.6,70.5,68.1,68.4,5090400,VNM
2026-02-11,68.4,69.9,68.4,69.1,2672900,VNM
2026-02-12,69.3,69.8,69.0,69.0,1951100,VNM
2026-02-13,69.0,69.8,68.6,69.5,3341400,VNM
2026-02-23,70.0,71.3,69.8,70.6,4211800,VNM
2026-02-24,70.6,71.3,70.2,70.2,3552500,VNM
2026-02-25,70.4,73.4,70.4,72.3,9804200,VNM
2026-02-26,71.2,71.4,69.6,70.6,14298200,VNM
2026-02-27,70.2,70.6,68.0,68.2,13371400,VNM
2026-03-02,66.9,69.8,66.5,66.6,12468700,VNM
2026-03-03,66.6,67.3,63.4,63.4,17815700,VNM
2026-03-04,63.4,64.9,62.0,64.9,13382500,VNM
2026-03-05,65.0,65.2,63.0,63.2,8165700,VNM
2026-03-06,63.0,63.0,62.2,62.4,6471800,VNM
2026-03-09,59.0,59.1,58.1,58.1,18046300,VNM
2026-03-10,60.0,62.1,59.5,62.1,10762100,VNM
2026-03-11,61.7,63.7,61.6,63.0,7507500,VNM
2026-03-12,62.0,62.7,61.3,61.6,6298800,VNM
2026-03-13,62.0,63.2,61.6,63.1,5388500,VNM
2026-03-16,62.6,62.9,61.7,61.8,2965000,VNM
2026-03-17,62.7,63.0,61.5,61.5,3816100,VNM
2026-03-18,61.8,62.7,61.6,61.7,2596400,VNM
2026-03-19,61.4,62.0,60.8,61.0,6400100,VNM
2026-03-20,61.0,61.5,60.0,60.0,5734800,VNM
2026-03-23,59.2,61.0,59.2,60.8,5908000,VNM
2026-03-24,61.8,61.8,60.9,61.2,2689900,VNM
2026-03-25,61.5,62.2,61.4,62.1,3445600,VNM
2026-03-26,62.1,62.1,61.0,61.0,2044000,VNM
2026-03-27,61.0,61.9,60.9,61.5,2137400,VNM
2026-03-30,60.6,61.5,60.2,60.6,4075600,VNM
2026-03-31,61.0,61.5,60.5,60.5,5323200,VNM
2026-04-01,61.3,62.2,61.0,61.3,5446200,VNM
2026-04-02,61.5,61.7,60.8,60.8,2855300,VNM
2026-04-03,61.0,61.7,60.0,60.0,3788600,VNM
2026-04-06,60.0,61.0,60.0,60.9,2587400,VNM
2026-04-07,60.9,61.2,60.3,61.0,1825200,VNM
2026-04-08,62.2,62.7,61.7,62.6,5568500,VNM
2026-04-09,61.8,62.1,61.4,61.8,2921000,VNM
2026-04-10,62.6,64.0,62.5,62.8,6158400,VNM
2026-04-13,62.4,62.8,62.2,62.8,3418300,VNM
2026-04-14,63.4,63.5,62.0,62.0,4247700,VNM
2026-04-15,62.1,62.6,61.2,61.3,4403200,VNM
2026-04-16,61.5,61.7,61.1,61.1,2272100,VNM
2026-04-17,61.3,62.7,61.3,61.3,3115500,VNM
2026-04-20,61.4,62.4,61.3,61.5,3251900,VNM
2018-01-02,62.35,64.78,62.11,64.78,533950,MSN
2018-01-03,64.78,68.27,64.78,66.81,699510,MSN
2018-01-04,66.32,67.54,66.0,66.81,749910,MSN
2018-01-05,66.81,68.83,66.24,68.6,553920,MSN
2018-01-08,68.75,71.91,67.7,71.91,567080,MSN
2018-01-09,71.91,73.37,71.42,72.88,517480,MSN
2018-01-10,72.88,72.88,70.29,70.45,691140,MSN
2018-01-11,69.4,72.88,69.4,72.88,650600,MSN
2018-01-12,75.32,75.72,72.88,75.32,513870,MSN
2018-01-15,75.55,75.88,72.96,75.15,880860,MSN
2018-01-16,74.83,75.15,73.21,74.83,658030,MSN
2018-01-17,73.04,74.99,73.04,73.04,334150,MSN
2018-01-18,72.88,74.5,70.86,74.5,494030,MSN
2018-01-19,74.5,74.66,70.86,70.86,1281320,MSN
2018-01-22,72.07,75.72,72.07,74.91,578810,MSN
2018-01-25,75.32,78.96,75.32,78.71,1034850,MSN
2018-01-26,78.8,79.52,77.01,78.96,629310,MSN
2018-01-29,78.96,79.37,76.29,76.53,363310,MSN
2018-01-30,76.53,76.77,72.88,73.53,650630,MSN
2018-01-31,73.53,76.93,73.37,74.58,1082770,MSN
2018-02-01,76.12,76.12,73.29,74.58,724810,MSN
2018-02-02,74.5,74.91,70.21,73.7,669230,MSN
2018-02-05,69.24,70.45,68.6,68.6,661070,MSN
2018-02-06,63.81,69.65,63.81,69.65,1870880,MSN
2018-02-07,69.65,70.04,67.22,67.22,566450,MSN
2018-02-08,67.94,69.97,66.81,68.83,471670,MSN
2018-02-09,65.6,67.22,64.38,66.57,948340,MSN
2018-02-12,68.03,68.83,65.68,68.83,997380,MSN
2018-02-13,68.83,70.45,68.83,69.32,485920,MSN
2018-02-21,69.32,72.88,69.32,72.48,326210,MSN
2018-02-22,71.27,72.88,71.27,71.27,402290,MSN
2018-02-23,72.07,73.45,71.34,72.72,653110,MSN
2018-02-26,73.7,75.32,72.8,72.8,592570,MSN
2018-02-27,74.09,74.5,73.21,74.02,567630,MSN
2018-02-28,73.7,74.91,72.24,72.24,1152830,MSN
2018-03-01,72.88,74.09,72.32,73.7,686470,MSN
2018-03-02,73.7,75.47,72.48,74.09,265490,MSN
2018-03-05,75.32,75.32,73.7,73.7,704600,MSN
2018-03-06,73.7,74.18,73.29,73.29,846740,MSN
2018-03-07,73.37,74.26,73.21,74.02,1140920,MSN
2018-03-08,74.02,76.93,73.86,76.12,829830,MSN
2018-03-09,76.93,77.74,76.04,76.2,398400,MSN
2018-03-12,76.93,77.5,76.29,77.09,191140,MSN
2018-03-13,77.09,77.09,75.72,76.93,263070,MSN
2018-03-14,76.29,77.26,76.12,76.12,315590,MSN
2018-03-15,76.93,76.93,75.32,75.32,456960,MSN
2018-03-16,76.29,76.29,74.5,74.5,3685230,MSN
2018-03-19,74.5,76.37,74.5,76.37,368790,MSN
2018-03-20,76.69,81.39,76.37,81.39,981900,MSN
2018-03-21,81.39,83.73,80.66,82.93,901320,MSN
2018-03-22,83.01,84.63,83.01,83.89,772700,MSN
2018-03-23,80.58,83.42,80.58,82.6,946780,MSN
2018-03-26,82.6,88.35,81.71,88.35,1326670,MSN
2018-03-27,89.89,92.32,88.27,88.27,969010,MSN
2018-03-28,88.27,89.4,86.65,89.4,450680,MSN
2018-03-29,90.3,90.7,87.46,88.68,515400,MSN
2018-03-30,88.27,93.12,86.49,91.91,625160,MSN
2018-04-02,91.51,95.56,91.51,92.81,1034570,MSN
2018-04-03,93.12,93.12,90.53,91.51,930340,MSN
2018-04-04,91.51,93.05,89.08,89.08,1266330,MSN
2018-04-05,90.7,91.35,88.27,88.68,616480,MSN
2018-04-06,88.68,90.7,85.03,86.49,880100,MSN
2018-04-09,85.03,88.92,82.6,86.65,1642750,MSN
2018-04-10,88.27,88.27,84.3,85.03,813040,MSN
2018-04-11,85.03,86.25,79.37,79.37,1688700,MSN
2018-04-12,79.37,83.25,78.55,82.6,755630,MSN
2018-04-13,82.6,83.65,80.98,83.01,706610,MSN
2018-04-16,84.22,86.49,83.81,84.47,859880,MSN
2018-04-17,85.84,85.84,83.81,84.22,657510,MSN
2018-04-18,84.22,85.03,80.25,80.98,1088500,MSN
2018-04-19,80.98,80.98,75.32,75.32,2133260,MSN
2018-04-20,73.29,77.91,70.29,77.91,2402060,MSN
2018-04-23,77.91,79.37,76.12,76.93,1490560,MSN
2018-04-24,76.93,77.74,72.07,77.58,1408180,MSN
2018-04-26,76.93,76.93,72.16,72.24,1445210,MSN
2018-04-27,70.7,75.32,70.45,74.34,747000,MSN
2018-05-02,74.91,75.88,74.34,75.63,896400,MSN
2018-05-03,75.63,75.72,74.09,74.5,1148110,MSN
2018-05-04,74.5,76.04,73.37,74.09,390810,MSN
2018-05-07,74.09,78.55,73.7,78.14,687860,MSN
2018-05-08,78.14,79.76,75.4,78.55,877860,MSN
2018-05-09,78.55,79.37,76.53,76.93,931950,MSN
2018-05-10,76.93,78.14,74.5,76.12,623530,MSN
2018-05-11,76.12,76.77,74.91,76.04,318610,MSN
2018-05-14,76.53,79.76,75.72,79.37,722620,MSN
2018-05-15,80.17,80.5,77.74,77.91,738890,MSN
2018-05-16,77.91,77.91,74.99,75.24,461650,MSN
2018-05-17,75.07,76.04,70.45,70.45,1142920,MSN
2018-05-18,71.27,74.91,70.86,74.91,885640,MSN
2018-05-21,74.91,75.72,72.07,72.07,495850,MSN
2018-05-22,71.27,72.8,67.06,68.83,1126390,MSN
2018-05-23,67.37,68.99,67.22,68.83,1419580,MSN
2018-05-24,68.83,69.08,67.22,68.43,1053550,MSN
2018-05-25,68.03,68.43,66.81,67.62,776710,MSN
2018-05-28,66.0,66.81,62.93,64.78,1572560,MSN
2018-05-29,63.17,66.81,61.14,64.78,1174770,MSN
2018-05-30,64.78,66.0,62.52,64.78,1337530,MSN
2018-05-31,63.98,68.43,63.98,65.6,1464880,MSN
2018-06-01,66.4,67.94,65.6,67.94,1027420,MSN
2018-06-04,68.75,68.75,67.7,68.19,1033490,MSN
2018-06-05,68.19,70.29,68.11,69.16,2036740,MSN
2018-06-06,69.16,69.24,68.43,69.24,1170840,MSN
2018-06-07,69.97,72.4,69.65,70.7,1148300,MSN
2018-06-08,70.7,71.11,69.32,69.65,672840,MSN
2018-06-11,69.65,70.21,68.83,68.83,881240,MSN
2018-06-12,68.03,68.03,64.38,66.73,1388340,MSN
2018-06-13,67.22,67.7,66.73,67.62,665420,MSN
2018-06-14,68.43,69.08,67.29,68.43,754200,MSN
2018-06-15,67.94,68.83,67.29,68.83,1125470,MSN
2018-06-18,68.03,68.83,66.0,68.03,825840,MSN
2018-06-19,66.4,66.4,63.98,64.78,1502690,MSN
2018-06-20,64.78,66.32,63.17,65.6,986430,MSN
2018-06-21,65.6,65.91,64.54,65.6,609310,MSN
2018-06-22,65.6,65.6,64.06,65.6,606920,MSN
2018-06-25,67.62,67.62,66.0,67.22,458160,MSN
2018-06-26,66.81,66.81,65.52,66.81,258540,MSN
2018-06-27,66.81,67.22,64.78,65.6,418190,MSN
2018-06-28,64.78,65.52,62.35,63.98,810880,MSN
2018-06-29,62.52,64.38,62.52,63.98,683730,MSN
2018-07-02,62.68,63.89,59.52,61.55,1503790,MSN
2018-07-03,61.55,61.95,58.39,59.93,1224710,MSN
2018-07-04,59.11,60.42,57.5,60.01,967410,MSN
2018-07-05,59.27,60.01,58.14,59.85,1268230,MSN
2018-07-06,58.14,60.01,57.58,59.93,1494750,MSN
2018-07-09,59.93,61.55,59.19,60.09,414980,MSN
2018-07-10,59.93,60.65,59.85,60.09,495930,MSN
2018-07-11,59.93,60.09,58.8,59.93,962210,MSN
2018-07-12,58.88,59.93,58.8,59.93,521530,MSN
2018-07-13,59.93,61.06,59.52,60.65,453210,MSN
2018-07-16,60.34,60.9,59.85,60.09,1011680,MSN
2018-07-17,59.36,60.34,59.36,60.34,549360,MSN
2018-07-18,60.34,62.35,60.09,61.55,1230190,MSN
2018-07-19,62.35,65.19,62.19,64.06,761010,MSN
2018-07-20,64.47,64.78,63.24,64.06,766990,MSN
2018-07-23,63.98,65.76,63.65,64.06,1161850,MSN
2018-07-24,64.06,65.76,63.32,65.19,1009400,MSN
2018-07-25,65.19,68.03,64.7,65.6,935280,MSN
2018-07-26,66.32,66.49,64.78,65.6,433810,MSN
2018-07-27,65.43,66.0,64.7,65.84,525860,MSN
2018-07-30,66.24,66.24,64.78,65.91,515970,MSN
2018-07-31,65.6,68.51,65.6,68.19,910850,MSN
2018-08-01,68.43,68.43,66.97,68.19,299790,MSN
2018-08-02,68.19,68.67,67.54,68.19,491440,MSN
2018-08-03,68.91,68.99,68.19,68.83,478550,MSN
2018-08-06,68.83,71.58,68.43,70.78,636030,MSN
2018-08-07,70.78,73.37,70.45,72.88,675440,MSN
2018-08-08,72.88,72.88,71.67,72.88,405530,MSN
2018-08-09,72.88,73.61,71.99,72.8,333290,MSN
2018-08-10,71.83,72.48,71.11,72.07,886180,MSN
2018-08-13,71.5,74.34,71.19,73.61,744800,MSN
2018-08-14,73.61,75.72,72.8,75.72,597970,MSN
2018-08-15,75.72,75.96,74.09,74.09,322230,MSN
2018-08-16,72.96,73.78,71.75,72.88,519730,MSN
2018-08-17,73.53,73.94,72.48,72.56,356510,MSN
2018-08-20,73.29,73.29,72.32,72.8,256130,MSN
2018-08-21,73.53,74.34,72.88,73.12,292260,MSN
2018-08-22,73.53,74.75,73.29,74.5,361550,MSN
2018-08-23,75.15,75.24,73.86,73.86,269120,MSN
2018-08-24,73.86,74.5,73.37,73.37,466910,MSN
2018-08-27,73.37,74.34,73.29,73.86,317350,MSN
2018-08-28,74.5,74.5,73.7,74.02,315060,MSN
2018-08-29,74.5,75.47,73.7,73.7,760740,MSN
2018-08-30,74.5,78.55,74.09,78.55,743980,MSN
2018-08-31,77.42,78.71,76.77,76.93,749680,MSN
2018-09-04,76.93,77.99,76.12,76.12,822140,MSN
2018-09-05,75.88,76.61,74.99,75.32,541780,MSN
2018-09-06,75.32,77.34,75.24,76.77,501250,MSN
2018-09-07,76.37,76.93,75.8,76.93,218340,MSN
2018-09-10,76.2,76.93,74.09,74.09,392730,MSN
2018-09-11,74.5,74.99,72.88,74.91,499990,MSN
2018-09-12,75.8,76.53,74.99,74.99,314160,MSN
2018-09-13,74.26,76.12,74.26,74.83,241210,MSN
2018-09-14,74.83,74.83,74.09,74.18,422950,MSN
2018-09-17,73.78,74.18,71.99,74.18,490340,MSN
2018-09-18,74.09,74.09,72.16,72.96,280760,MSN
2018-09-19,74.5,75.32,73.7,73.86,447450,MSN
2018-09-20,74.09,75.07,74.09,74.91,637980,MSN
2018-09-21,74.91,76.69,73.7,73.7,3712030,MSN
2018-09-24,75.32,76.93,75.24,76.53,558170,MSN
2018-09-25,77.34,77.66,76.04,76.45,289760,MSN
2018-09-26,75.72,76.29,75.55,75.72,659600,MSN
2018-09-27,75.72,76.12,74.5,74.91,442950,MSN
2018-09-28,75.63,75.63,74.09,75.15,686950,MSN
2018-10-01,75.15,76.04,74.18,76.04,1291940,MSN
2018-10-02,76.04,76.2,73.37,76.12,2307220,MSN
2018-10-03,75.72,75.88,74.91,75.47,604560,MSN
2018-10-04,75.55,76.04,75.15,76.04,1441430,MSN
2018-10-05,75.96,75.96,73.61,73.7,1591190,MSN
2018-10-08,73.21,73.7,70.94,72.72,1958530,MSN
2018-10-09,72.72,72.88,71.27,71.27,669990,MSN
2018-10-10,71.27,71.27,68.43,68.43,1323520,MSN
2018-10-11,65.35,66.32,63.65,63.65,2375010,MSN
2018-10-12,61.06,65.84,61.06,65.84,1444630,MSN
2018-10-15,65.6,65.6,63.17,63.57,1242460,MSN
2018-10-16,63.49,64.14,62.76,63.65,851250,MSN
2018-10-17,64.78,66.24,64.38,65.6,993370,MSN
2018-10-18,65.6,65.84,64.62,64.95,644320,MSN
2018-10-19,64.06,65.6,63.57,65.6,1119580,MSN
2018-10-22,65.6,65.91,64.14,64.14,551610,MSN
2018-10-23,63.98,63.98,60.81,62.76,1943490,MSN
2018-10-24,61.63,62.68,60.09,60.73,1772610,MSN
2018-10-25,57.5,62.76,57.5,62.76,2117680,MSN
2018-10-26,62.35,62.68,61.79,61.95,785650,MSN
2018-10-29,60.73,62.03,60.49,61.95,728550,MSN
2018-10-30,60.98,63.73,60.9,63.17,819270,MSN
2018-10-31,63.98,67.22,63.57,67.22,1008000,MSN
2018-11-01,66.81,67.7,65.76,66.4,831090,MSN
2018-11-02,66.97,68.43,66.4,68.43,993240,MSN
2018-11-05,66.97,68.99,66.97,68.99,536740,MSN
2018-11-06,69.81,70.45,68.03,68.03,995460,MSN
2018-11-07,68.43,69.16,67.78,68.6,892740,MSN
2018-11-08,68.83,69.65,68.03,68.43,145850,MSN
2018-11-09,68.03,68.43,66.97,68.27,577220,MSN
2018-11-12,67.29,68.19,66.73,67.7,241050,MSN
2018-11-13,66.4,66.49,63.98,63.98,576150,MSN
2018-11-14,64.06,65.27,62.35,63.98,331450,MSN
2018-11-15,64.62,64.7,63.49,64.3,383880,MSN
2018-11-16,65.52,65.52,63.98,64.47,399900,MSN
2018-11-19,64.47,66.4,64.47,66.24,260240,MSN
2018-11-20,65.76,66.73,65.76,66.24,334090,MSN
2018-11-21,64.78,66.0,64.78,65.76,282090,MSN
2018-11-22,65.76,66.81,65.6,66.4,551990,MSN
2018-11-23,66.4,66.65,66.0,66.08,450020,MSN
2018-11-26,66.08,66.65,65.76,66.49,349670,MSN
2018-11-27,66.49,67.22,66.32,66.4,420980,MSN
2018-11-28,66.08,66.4,65.6,65.84,323700,MSN
2018-11-29,66.81,66.81,65.6,65.6,359660,MSN
2018-11-30,65.6,65.91,64.38,64.78,644810,MSN
2018-12-03,66.0,66.73,65.84,66.57,739700,MSN
2018-12-04,66.81,68.43,66.73,68.11,1138470,MSN
2018-12-05,67.62,68.11,66.81,68.11,642600,MSN
2018-12-06,68.03,69.08,67.62,67.86,629700,MSN
2018-12-07,68.03,69.16,68.03,68.51,811580,MSN
2018-12-10,68.43,69.65,68.11,69.32,485360,MSN
2018-12-11,68.99,69.73,68.99,69.57,646530,MSN
2018-12-12,69.57,70.45,68.99,70.45,377650,MSN
2018-12-13,71.27,71.42,70.29,70.53,630690,MSN
2018-12-14,70.78,70.78,69.24,69.24,367370,MSN
2018-12-17,68.19,69.16,66.4,66.4,605910,MSN
2018-12-18,65.03,65.91,65.03,65.76,595370,MSN
2018-12-19,65.68,66.65,65.6,66.0,325700,MSN
2018-12-20,65.6,66.4,65.6,65.6,337360,MSN
2018-12-21,65.43,66.32,63.65,63.65,2407240,MSN
2018-12-24,64.78,65.52,63.98,63.98,379150,MSN
2018-12-25,63.89,65.11,63.09,64.78,562070,MSN
2018-12-26,64.78,64.95,63.98,63.98,577200,MSN
2018-12-27,64.78,65.19,63.98,63.98,425950,MSN
2018-12-28,64.3,64.78,62.76,62.76,546000,MSN
2019-01-02,63.89,63.89,63.32,63.65,433670,MSN
2019-01-03,63.89,63.89,62.84,63.17,565640,MSN
2019-01-04,62.35,62.76,61.14,61.71,463070,MSN
2019-01-07,63.24,63.57,62.52,63.32,336380,MSN
2019-01-08,63.32,64.06,63.24,63.98,279810,MSN
2019-01-09,63.98,64.62,63.89,63.98,339530,MSN
2019-01-10,63.98,65.68,63.98,64.95,450900,MSN
2019-01-11,65.03,65.76,64.78,65.35,452300,MSN
2019-01-14,65.35,65.84,65.03,65.19,268810,MSN
2019-01-15,65.27,66.4,65.11,66.32,403800,MSN
2019-01-16,66.4,66.89,65.91,65.91,483100,MSN
2019-01-17,65.84,66.49,64.95,64.95,320060,MSN
2019-01-18,64.95,65.91,64.95,65.6,359080,MSN
2019-01-21,65.6,65.84,65.27,65.43,266000,MSN
2019-01-22,65.43,65.52,64.86,64.86,115780,MSN
2019-01-23,64.86,64.86,63.17,63.17,707690,MSN
2019-01-24,63.73,63.89,62.76,63.17,435690,MSN
2019-01-25,63.17,63.65,63.01,63.41,677540,MSN
2019-01-28,63.41,64.22,63.41,64.06,749070,MSN
2019-01-29,64.78,64.78,64.14,64.38,604480,MSN
2019-01-30,64.06,64.47,64.06,64.06,591400,MSN
2019-01-31,64.3,64.47,62.93,62.93,721900,MSN
2019-02-01,63.17,63.65,62.76,63.49,679540,MSN
2019-02-11,64.7,66.57,64.62,64.95,1094450,MSN
2019-02-12,66.0,67.22,65.43,66.65,1032810,MSN
2019-02-13,66.65,69.57,66.65,69.57,1361490,MSN
2019-02-14,69.57,69.97,68.03,69.65,1451830,MSN
2019-02-15,69.48,69.48,68.51,68.6,779850,MSN
2019-02-18,68.83,69.24,68.75,69.16,659240,MSN
2019-02-19,68.91,70.13,68.91,70.04,1121720,MSN
2019-02-20,69.65,69.97,69.48,69.65,1131460,MSN
2019-02-21,69.89,72.8,69.89,72.65,2224960,MSN
2019-02-22,72.8,73.7,71.58,71.58,1234210,MSN
2019-02-25,74.5,74.5,73.29,73.86,1139980,MSN
2019-02-26,73.78,73.86,71.58,72.88,902730,MSN
2019-02-27,72.96,73.61,72.72,72.8,788910,MSN
2019-02-28,72.8,72.8,71.67,71.99,835220,MSN
2019-03-01,72.07,72.24,71.42,72.07,683440,MSN
2019-03-04,72.16,74.02,72.07,72.48,1284390,MSN
2019-03-05,72.48,73.61,72.32,72.4,772090,MSN
2019-03-06,72.88,73.04,72.32,72.88,695520,MSN
2019-03-07,73.45,73.7,72.72,72.88,947510,MSN
2019-03-08,72.16,72.88,71.67,72.72,469730,MSN
2019-03-11,71.34,72.65,71.34,72.56,602350,MSN
2019-03-12,72.56,72.88,71.34,71.67,653990,MSN
2019-03-13,71.67,72.48,71.67,72.07,1014640,MSN
2019-03-14,72.07,72.32,71.75,71.75,201760,MSN
2019-03-15,71.75,72.07,69.08,70.04,1372560,MSN
2019-03-18,70.04,70.94,68.67,70.29,766250,MSN
2019-03-19,70.7,70.7,69.65,70.45,442460,MSN
2019-03-20,69.08,69.81,68.03,68.83,591560,MSN
2019-03-21,68.91,69.16,68.27,68.83,665060,MSN
2019-03-22,68.75,69.08,68.43,68.43,759190,MSN
2019-03-25,67.22,67.78,66.49,66.57,488150,MSN
2019-03-26,66.57,68.03,66.57,67.29,488320,MSN
2019-03-27,67.29,68.99,67.29,68.83,455910,MSN
2019-03-28,68.83,68.83,68.19,68.83,395730,MSN
2019-03-29,68.83,70.37,68.27,68.27,756010,MSN
2019-04-01,69.32,71.27,68.99,71.27,515710,MSN
2019-04-02,71.5,71.75,69.89,71.34,393200,MSN
2019-04-03,71.34,71.34,70.45,71.02,303680,MSN
2019-04-04,70.53,71.34,70.53,71.11,336280,MSN
2019-04-05,71.11,71.91,71.11,71.5,231110,MSN
2019-04-08,71.27,71.67,69.48,71.5,582440,MSN
2019-04-09,71.83,71.83,70.45,70.86,280380,MSN
2019-04-10,68.99,70.45,68.99,70.21,292050,MSN
2019-04-11,70.21,71.27,70.21,71.02,188220,MSN
2019-04-12,71.11,71.34,70.45,71.11,95630,MSN
2019-04-16,69.65,71.34,69.16,71.11,290800,MSN
2019-04-17,71.11,71.34,70.45,71.27,730310,MSN
2019-04-18,69.73,71.19,69.65,69.65,407720,MSN
2019-04-19,69.65,71.27,69.65,70.94,57480,MSN
2019-04-22,70.94,71.27,70.86,71.19,292240,MSN
2019-04-23,70.53,71.27,70.53,71.19,338520,MSN
2019-04-24,70.13,71.34,70.13,71.27,573510,MSN
2019-04-25,71.27,71.27,70.53,70.78,271410,MSN
2019-04-26,70.45,70.78,69.97,70.37,284150,MSN
2019-05-02,70.45,71.67,70.04,71.67,678660,MSN
2019-05-03,71.83,73.21,70.7,71.75,868120,MSN
2019-05-06,71.58,71.58,70.04,70.45,90180,MSN
2019-05-07,70.45,71.83,70.45,71.19,337420,MSN
2019-05-08,70.45,71.67,70.45,71.11,509850,MSN
2019-05-09,71.11,71.42,70.86,71.02,221500,MSN
2019-05-10,70.53,71.5,70.53,70.86,189070,MSN
2019-05-13,70.86,71.19,70.21,70.21,291940,MSN
2019-05-14,68.11,71.11,68.11,70.04,327800,MSN
2019-05-15,70.04,71.67,70.04,71.11,202520,MSN
2019-05-16,71.11,71.5,70.45,70.45,359320,MSN
2019-05-17,69.81,71.11,69.81,70.04,419260,MSN
2019-05-20,70.13,71.42,70.04,71.27,396980,MSN
2019-05-21,71.27,74.18,71.27,73.94,976350,MSN
2019-05-22,72.88,74.18,72.72,72.88,436560,MSN
2019-05-23,72.72,73.53,72.07,72.88,254800,MSN
2019-05-24,72.88,73.29,70.62,70.62,687440,MSN
2019-05-27,70.53,71.91,70.53,71.58,353840,MSN
2019-05-28,71.27,71.67,70.04,70.45,642340,MSN
2019-05-29,70.13,71.02,70.04,70.7,313820,MSN
2019-05-30,70.7,71.11,69.24,69.24,309190,MSN
2019-05-31,69.32,70.29,69.32,69.48,463440,MSN
2019-06-03,69.48,69.97,68.83,68.83,381730,MSN
2019-06-04,68.83,69.32,67.62,68.83,326580,MSN
2019-06-05,69.57,69.57,68.83,68.83,214360,MSN
2019-06-06,68.51,69.24,68.51,68.99,254610,MSN
2019-06-07,69.24,70.37,68.83,69.65,293020,MSN
2019-06-10,70.45,70.45,69.32,70.21,435320,MSN
2019-06-11,70.21,70.29,69.65,69.65,226860,MSN
2019-06-12,70.04,70.04,68.83,68.83,209690,MSN
2019-06-13,68.83,69.81,68.27,68.43,111480,MSN
2019-06-14,68.83,68.83,67.7,68.19,248270,MSN
2019-06-17,67.45,68.67,67.22,67.62,334140,MSN
2019-06-18,67.54,67.78,66.08,66.4,471770,MSN
2019-06-19,67.06,67.54,66.4,67.06,267320,MSN
2019-06-20,66.81,68.43,66.65,66.81,313420,MSN
2019-06-21,66.81,68.03,66.73,68.03,739810,MSN
2019-06-24,68.03,69.24,63.32,68.11,292000,MSN
2019-06-25,68.03,68.6,68.03,68.03,246500,MSN
2019-06-26,67.86,69.24,67.86,69.24,273640,MSN
2019-06-27,68.6,69.32,66.4,66.4,598870,MSN
2019-06-28,67.22,67.22,66.0,67.22,513210,MSN
2019-07-01,68.03,69.32,67.94,69.32,329720,MSN
2019-07-02,69.32,69.32,68.51,68.51,143850,MSN
2019-07-03,68.51,68.75,67.37,68.43,391950,MSN
2019-07-04,68.43,68.99,68.27,68.99,305720,MSN
2019-07-05,68.75,68.99,68.19,68.83,96600,MSN
2019-07-08,68.11,68.6,67.62,68.43,395430,MSN
2019-07-09,68.03,68.43,67.94,68.19,195010,MSN
2019-07-10,68.19,68.51,67.86,68.19,271130,MSN
2019-07-11,68.19,68.43,66.81,66.81,585230,MSN
2019-07-12,66.81,67.86,66.0,66.0,447220,MSN
2019-07-15,66.81,66.0,64.3,64.7,679300,MSN
2019-07-16,64.78,65.52,64.78,65.11,275440,MSN
2019-07-17,65.35,65.35,64.38,64.62,543700,MSN
2019-07-18,63.89,64.78,60.73,61.39,1683640,MSN
2019-07-19,61.55,63.01,61.39,62.93,512090,MSN
2019-07-22,62.93,64.7,62.93,64.14,473610,MSN
2019-07-23,63.32,64.54,63.17,64.47,756340,MSN
2019-07-24,64.7,65.52,64.47,65.35,523110,MSN
2019-07-25,65.03,65.84,64.7,65.43,322150,MSN
2019-07-26,65.43,65.52,64.7,65.52,342240,MSN
2019-07-29,65.35,65.6,64.86,65.6,354020,MSN
2019-07-30,65.6,65.68,64.7,64.7,345050,MSN
2019-07-31,63.98,64.78,63.65,64.78,691960,MSN
2019-08-01,64.78,65.35,64.7,64.86,367740,MSN
2019-08-02,63.98,64.78,63.98,63.98,328940,MSN
2019-08-05,63.32,63.98,62.19,62.19,794840,MSN
2019-08-06,61.95,62.03,60.49,60.73,1021670,MSN
2019-08-07,61.95,61.87,59.6,60.57,890330,MSN
2019-08-08,59.6,60.57,58.96,60.57,800350,MSN
2019-08-09,60.65,61.87,60.65,61.63,459400,MSN
2019-08-12,61.55,61.95,61.14,61.55,258890,MSN
2019-08-13,61.55,61.55,60.65,61.22,352420,MSN
2019-08-14,61.95,61.95,61.22,61.22,432980,MSN
2019-08-15,60.81,61.63,60.42,61.63,487060,MSN
2019-08-16,60.9,62.76,60.9,62.35,405510,MSN
2019-08-19,62.35,62.76,62.19,62.44,291070,MSN
2019-08-20,62.35,62.35,61.55,61.71,258670,MSN
2019-08-21,61.22,62.6,61.22,62.35,398000,MSN
2019-08-22,62.35,63.17,61.95,63.17,398850,MSN
2019-08-23,63.41,63.41,62.35,62.35,134130,MSN
2019-08-26,61.55,61.95,60.9,61.55,408280,MSN
2019-08-27,61.55,61.95,60.73,60.73,363230,MSN
2019-08-28,60.73,61.39,60.42,60.57,267990,MSN
2019-08-29,60.57,61.14,60.57,60.73,194630,MSN
2019-08-30,60.73,61.39,60.65,61.06,181410,MSN
2019-09-03,61.06,61.06,59.93,59.93,290930,MSN
2019-09-04,61.06,61.14,59.93,60.73,255700,MSN
2019-09-05,60.73,60.9,59.76,60.34,305580,MSN
2019-09-06,60.34,60.73,59.93,59.93,242520,MSN
2019-09-09,59.68,60.57,59.68,59.93,267130,MSN
2019-09-10,59.93,61.87,59.93,61.63,420710,MSN
2019-09-11,61.71,63.32,61.63,63.17,569250,MSN
2019-09-12,63.17,63.17,62.19,62.19,291870,MSN
2019-09-13,61.71,62.11,61.47,61.95,432610,MSN
2019-09-16,61.95,63.17,61.95,63.01,333720,MSN
2019-09-17,63.17,64.47,63.01,64.38,604250,MSN
2019-09-18,64.38,65.52,63.98,65.52,906280,MSN
2019-09-19,65.52,65.6,64.62,64.95,548790,MSN
2019-09-20,64.86,64.95,64.06,64.95,816210,MSN
2019-09-23,64.95,65.52,64.7,64.78,485650,MSN
2019-09-24,64.7,64.7,63.49,63.98,561260,MSN
2019-09-25,63.98,64.14,63.65,63.98,257150,MSN
2019-09-26,63.81,63.98,63.41,63.57,220020,MSN
2019-09-27,63.98,64.7,63.73,64.3,570790,MSN
2019-09-30,64.3,64.38,63.57,63.57,562880,MSN
2019-10-01,63.98,64.06,63.24,63.81,246870,MSN
2019-10-02,63.98,63.98,62.35,62.35,700310,MSN
2019-10-03,62.35,63.17,61.87,63.17,390570,MSN
2019-10-04,63.17,63.57,62.44,62.68,165650,MSN
2019-10-07,62.68,62.93,61.95,61.95,357580,MSN
2019-10-08,62.19,62.76,62.03,62.27,258070,MSN
2019-10-09,62.27,62.52,62.03,62.35,223030,MSN
2019-10-10,62.35,62.76,62.11,62.35,417560,MSN
2019-10-11,62.6,62.68,62.19,62.35,560570,MSN
2019-10-14,62.52,62.68,62.03,62.03,199640,MSN
2019-10-15,62.03,63.73,62.03,63.32,411850,MSN
2019-10-16,63.57,63.57,63.01,63.01,323340,MSN
2019-10-17,63.01,63.17,62.35,62.35,818380,MSN
2019-10-18,62.35,62.76,61.55,61.55,448610,MSN
2019-10-21,61.55,61.55,60.49,60.73,769240,MSN
2019-10-22,60.73,61.06,60.01,60.25,431650,MSN
2019-10-23,60.34,61.55,60.34,61.39,387600,MSN
2019-10-24,61.55,61.55,60.9,61.22,272770,MSN
2019-10-25,61.22,61.22,60.34,60.42,479400,MSN
2019-10-28,60.49,60.73,60.34,60.34,502510,MSN
2019-10-29,60.34,60.65,59.93,59.93,483230,MSN
2019-10-30,60.42,60.57,59.76,59.93,638330,MSN
2019-10-31,60.73,60.98,59.76,60.09,908640,MSN
2019-11-01,60.34,61.55,60.34,61.3,1597000,MSN
2019-11-04,61.71,62.44,61.71,61.79,890560,MSN
2019-11-05,61.79,61.87,61.22,61.55,764730,MSN
2019-11-06,61.47,62.11,61.47,61.55,537760,MSN
2019-11-07,61.55,61.95,61.3,61.95,431590,MSN
2019-11-08,62.52,62.68,62.03,62.19,586260,MSN
2019-11-11,62.11,62.11,60.34,60.34,1140280,MSN
2019-11-12,60.42,60.9,60.34,60.73,399080,MSN
2019-11-13,60.9,60.9,60.17,60.17,645910,MSN
2019-11-14,60.25,60.98,60.25,60.9,477280,MSN
2019-11-15,60.9,60.9,60.34,60.34,275160,MSN
2019-11-18,60.73,60.73,60.25,60.25,222090,MSN
2019-11-19,60.34,60.65,59.85,59.93,542900,MSN
2019-11-20,59.93,60.34,59.6,59.6,283120,MSN
2019-11-21,59.11,59.76,57.9,57.9,843260,MSN
2019-11-22,58.8,59.04,56.6,57.09,797010,MSN
2019-11-25,57.17,57.98,57.09,57.9,311430,MSN
2019-11-26,58.14,58.8,57.9,57.9,561680,MSN
2019-11-27,57.9,58.31,57.42,57.5,213600,MSN
2019-11-28,57.17,57.5,55.55,56.29,608710,MSN
2019-11-29,56.29,57.01,55.8,56.68,302310,MSN
2019-12-02,57.09,57.09,55.88,55.88,273550,MSN
2019-12-03,55.63,55.96,51.99,51.99,2271640,MSN
2019-12-04,51.91,51.99,48.51,50.62,5523420,MSN
2019-12-05,50.62,50.62,48.99,50.21,1458980,MSN
2019-12-06,49.8,51.59,49.64,50.62,1617700,MSN
2019-12-09,50.45,50.53,48.83,48.99,1422780,MSN
2019-12-10,48.99,49.32,45.83,45.83,2722140,MSN
2019-12-11,45.52,46.57,44.06,45.11,2330190,MSN
2019-12-12,45.35,47.62,45.35,47.37,1874500,MSN
2019-12-13,47.78,48.11,46.16,46.97,1736100,MSN
2019-12-16,46.4,46.81,45.91,45.91,1297380,MSN
2019-12-17,46.0,46.08,45.11,45.44,1132900,MSN
2019-12-18,45.35,46.16,44.54,45.67,1110730,MSN
2019-12-19,45.35,45.67,44.95,45.03,831960,MSN
2019-12-20,45.03,45.11,44.21,44.54,1799670,MSN
2019-12-23,45.03,45.27,41.78,41.78,2225100,MSN
2019-12-24,41.87,44.29,40.65,44.14,1401890,MSN
2019-12-25,44.37,45.52,44.14,45.11,1310750,MSN
2019-12-26,44.54,47.05,44.46,46.16,1900250,MSN
2019-12-27,45.75,46.49,45.35,46.08,629490,MSN
2019-12-30,46.16,46.97,46.0,46.24,887370,MSN
2019-12-31,46.24,46.4,45.27,45.75,695750,MSN
2020-01-02,46.08,46.49,45.59,46.16,518870,MSN
2020-01-03,46.32,46.73,46.0,46.57,777690,MSN
2020-01-06,46.57,46.57,45.83,45.83,582020,MSN
2020-01-07,46.0,46.4,45.91,46.0,319680,MSN
2020-01-08,45.52,45.75,45.03,45.35,737690,MSN
2020-01-09,45.83,46.32,45.75,46.16,505680,MSN
2020-01-10,46.16,46.73,45.75,45.75,524930,MSN
2020-01-13,45.83,46.24,45.67,46.16,413810,MSN
2020-01-14,46.16,46.4,45.83,45.83,349410,MSN
2020-01-15,46.16,46.16,45.35,45.75,373290,MSN
2020-01-16,45.75,46.08,45.52,45.52,290210,MSN
2020-01-17,45.44,45.67,44.54,44.54,496940,MSN
2020-01-20,44.54,44.62,42.92,43.98,541490,MSN
2020-01-21,43.98,44.46,43.81,44.14,369330,MSN
2020-01-22,43.9,44.21,43.16,43.24,540210,MSN
2020-01-30,42.92,42.92,40.49,40.57,1591110,MSN
2020-01-31,40.49,41.87,40.49,40.57,791350,MSN
2020-02-03,37.82,40.49,37.74,40.49,1290570,MSN
2020-02-04,40.57,41.3,40.08,40.49,744900,MSN
2020-02-05,40.9,40.9,39.85,40.49,750710,MSN
2020-02-06,40.45,40.45,38.47,40.41,2389970,MSN
2020-02-07,40.33,40.41,39.52,40.41,932290,MSN
2020-02-10,40.41,40.41,39.52,40.41,600280,MSN
2020-02-11,39.85,41.87,39.85,40.41,2081860,MSN
2020-02-12,40.49,41.06,40.49,40.9,804720,MSN
2020-02-13,41.06,41.22,40.57,40.65,547970,MSN
2020-02-14,40.65,40.65,40.05,40.33,1120310,MSN
2020-02-17,40.33,40.33,39.64,40.24,1492320,MSN
2020-02-18,39.85,40.24,39.85,40.24,591220,MSN
2020-02-19,40.16,41.87,40.16,40.82,1818680,MSN
2020-02-20,41.22,41.62,40.82,41.39,1365480,MSN
2020-02-21,41.7,43.73,41.7,42.92,2061050,MSN
2020-02-24,41.78,42.52,41.3,41.39,1429040,MSN
2020-02-25,40.9,41.54,40.33,40.98,896710,MSN
2020-02-26,40.33,40.73,39.68,40.28,1252450,MSN
2020-02-27,39.85,40.33,39.52,40.24,1642080,MSN
2020-02-28,40.24,40.24,38.63,39.68,2255610,MSN
2020-03-02,39.15,39.68,38.74,39.68,1588150,MSN
2020-03-03,39.85,40.33,39.28,39.68,1225730,MSN
2020-03-04,39.6,39.97,39.4,39.68,909830,MSN
2020-03-05,40.05,42.11,39.81,41.22,1780900,MSN
2020-03-06,41.14,44.06,40.57,44.06,2794380,MSN
2020-03-09,42.92,46.0,41.3,42.11,4205130,MSN
2020-03-10,42.83,43.57,42.11,42.44,2386840,MSN
2020-03-11,43.16,43.16,39.85,40.45,2637580,MSN
2020-03-12,38.22,40.45,37.65,40.45,4072710,MSN
2020-03-13,37.65,40.45,37.65,40.37,3783330,MSN
2020-03-16,39.68,40.33,38.47,40.08,3216820,MSN
2020-03-17,38.87,40.08,38.63,40.08,3877150,MSN
2020-03-18,40.08,40.24,39.52,40.01,2170340,MSN
2020-03-19,39.28,39.85,38.91,39.85,3350310,MSN
2020-03-20,39.68,39.85,38.71,39.85,4120820,MSN
2020-03-23,38.95,39.85,37.57,39.85,5025020,MSN
2020-03-24,39.28,39.76,39.11,39.76,3558350,MSN
2020-03-25,39.68,40.24,39.28,39.76,2857290,MSN
2020-03-26,39.68,39.85,39.32,39.68,2763490,MSN
2020-03-27,39.44,41.3,39.28,39.93,2587920,MSN
2020-03-30,39.28,39.76,39.19,39.76,1378940,MSN
2020-03-31,39.76,40.41,39.03,39.68,3667100,MSN
2020-04-01,39.52,40.49,39.52,39.85,1725880,MSN
2020-04-03,40.16,42.36,40.08,42.36,1841480,MSN
2020-04-06,43.16,45.27,43.0,45.27,2556830,MSN
2020-04-07,46.0,47.29,44.62,46.57,2099700,MSN
2020-04-08,45.44,47.7,44.95,47.7,1338040,MSN
2020-04-09,47.78,48.34,47.05,48.11,2047890,MSN
2020-04-10,47.78,50.62,47.21,48.75,1914340,MSN
2020-04-13,48.75,49.72,47.05,47.05,2106950,MSN
2020-04-14,46.97,49.4,46.32,49.4,1449880,MSN
2020-04-15,49.4,50.45,49.16,49.32,1106350,MSN
2020-04-16,48.26,49.57,48.26,49.24,981480,MSN
2020-04-17,49.4,49.72,48.99,49.08,1417150,MSN
2020-04-20,49.08,49.4,48.11,48.11,1843690,MSN
2020-04-21,47.05,47.62,45.44,45.83,1855040,MSN
2020-04-22,44.95,47.45,44.95,47.13,1062970,MSN
2020-04-23,48.19,48.42,47.13,47.13,842920,MSN
2020-04-24,46.81,48.19,46.32,48.19,1218690,MSN
2020-04-27,48.59,48.99,47.37,47.37,1122520,MSN
2020-04-28,47.37,48.83,46.97,48.34,1095230,MSN
2020-04-29,47.62,48.51,47.62,47.62,830530,MSN
2020-05-04,46.32,47.54,46.24,46.4,1148810,MSN
2020-05-05,46.32,46.57,45.67,45.67,1098980,MSN
2020-05-06,46.16,46.97,45.11,46.97,1019980,MSN
2020-05-07,47.62,47.78,46.97,47.62,780600,MSN
2020-05-08,47.78,50.53,47.7,49.4,3319850,MSN
2020-05-11,51.1,51.1,49.08,51.1,1838950,MSN
2020-05-12,51.01,51.18,50.05,50.21,1028270,MSN
2020-05-13,49.64,50.62,48.99,50.13,1598740,MSN
2020-05-14,49.8,52.8,49.4,51.75,2573510,MSN
2020-05-15,52.24,52.55,50.29,50.29,1305890,MSN
2020-05-18,50.29,50.86,49.72,50.62,840070,MSN
2020-05-19,51.26,52.16,50.62,51.01,1923440,MSN
2020-05-20,50.62,51.75,50.62,51.67,998400,MSN
2020-05-21,51.67,51.83,50.86,51.67,1513470,MSN
2020-05-22,51.42,51.59,50.21,50.21,1310850,MSN
2020-05-25,50.37,50.78,49.8,50.05,1354620,MSN
2020-05-26,50.21,50.86,50.13,50.62,1053240,MSN
2020-05-27,51.18,52.31,50.62,50.62,2189080,MSN
2020-05-28,51.34,51.34,50.53,50.86,797480,MSN
2020-05-29,50.86,50.94,50.37,50.78,698100,MSN
2020-06-01,50.78,51.59,50.78,51.1,1076880,MSN
2020-06-02,51.5,53.29,51.34,51.75,4190080,MSN
2020-06-03,52.24,52.24,51.5,51.83,749700,MSN
2020-06-04,52.31,52.31,51.26,51.42,1528010,MSN
2020-06-05,51.01,51.26,50.62,51.01,1826680,MSN
2020-06-08,51.34,52.16,50.86,51.34,1758860,MSN
2020-06-09,51.42,51.99,50.78,51.01,1614250,MSN
2020-06-10,50.94,51.01,50.62,50.94,1210600,MSN
2020-06-11,51.26,51.91,47.37,47.37,2635700,MSN
2020-06-12,46.16,47.54,46.16,47.37,3042060,MSN
2020-06-15,47.37,47.7,44.78,45.67,2603230,MSN
2020-06-16,46.49,46.81,45.75,46.65,1492420,MSN
2020-06-17,46.97,47.13,46.08,46.57,1155980,MSN
2020-06-18,46.16,46.49,45.27,46.16,928290,MSN
2020-06-19,46.65,46.73,46.16,46.16,2419830,MSN
2020-06-22,46.57,47.37,46.57,47.21,1621780,MSN
2020-06-23,46.97,48.19,46.97,47.29,1453290,MSN
2020-06-24,47.29,47.62,45.75,46.32,935890,MSN
2020-06-25,45.83,46.16,45.52,45.91,1540010,MSN
2020-06-26,45.91,46.88,45.67,45.67,574970,MSN
2020-06-29,45.67,45.67,43.65,44.62,1720440,MSN
2020-06-30,45.27,45.44,43.73,43.81,1378930,MSN
2020-07-01,44.06,45.44,43.73,44.95,965870,MSN
2020-07-02,45.35,46.65,44.95,46.32,1094380,MSN
2020-07-03,46.32,46.88,45.91,46.32,699930,MSN
2020-07-06,46.32,46.97,46.24,46.65,855780,MSN
2020-07-07,46.88,47.29,46.16,46.16,959250,MSN
2020-07-08,46.16,46.57,46.16,46.16,467170,MSN
2020-07-09,46.24,46.73,46.08,46.49,1097650,MSN
2020-07-10,46.49,46.65,45.35,46.08,564900,MSN
2020-07-13,46.16,46.57,45.75,45.83,557920,MSN
2020-07-14,45.67,45.83,45.11,45.35,929240,MSN
2020-07-15,45.75,45.91,45.11,45.11,1250200,MSN
2020-07-16,45.35,46.16,44.95,46.16,978700,MSN
2020-07-17,45.91,46.0,45.35,45.52,759610,MSN
2020-07-20,45.35,45.35,44.54,44.54,944440,MSN
2020-07-21,44.54,45.03,43.98,44.29,1670960,MSN
2020-07-22,44.29,44.7,43.9,43.9,833760,MSN
2020-07-23,43.9,44.21,43.41,43.65,762030,MSN
2020-07-24,43.49,43.65,41.14,42.11,2045780,MSN
2020-07-27,39.6,41.7,39.6,40.08,2819250,MSN
2020-07-28,40.49,41.3,40.08,40.9,1318770,MSN
2020-07-29,40.08,40.49,39.68,39.97,1352670,MSN
2020-07-30,40.41,40.57,40.08,40.33,821650,MSN
2020-07-31,39.76,41.62,39.76,40.9,2195060,MSN
2020-08-03,40.9,42.68,40.9,42.6,1395440,MSN
2020-08-04,43.08,43.98,43.08,43.73,1681090,MSN
2020-08-05,43.32,44.54,43.08,44.54,1810780,MSN
2020-08-06,44.14,44.46,43.49,43.65,1178020,MSN
2020-08-07,43.73,44.37,43.57,43.81,959230,MSN
2020-08-10,43.9,44.46,43.9,44.14,953690,MSN
2020-08-11,44.37,44.37,43.81,44.21,658760,MSN
2020-08-12,43.98,44.37,43.65,43.9,981320,MSN
2020-08-13,43.9,44.21,43.73,44.06,953060,MSN
2020-08-14,44.06,44.14,42.92,43.24,1796510,MSN
2020-08-17,43.24,43.32,42.36,42.92,1099660,MSN
2020-08-18,42.92,42.92,42.36,42.44,771290,MSN
2020-08-19,42.44,42.83,42.19,42.68,867050,MSN
2020-08-20,42.68,42.76,42.11,42.11,1419940,MSN
2020-08-21,42.11,42.83,42.11,42.6,968870,MSN
2020-08-24,42.76,43.73,42.76,43.41,1713810,MSN
2020-08-25,43.73,44.06,43.41,43.41,1698780,MSN
2020-08-26,43.41,43.65,43.16,43.32,883720,MSN
2020-08-27,43.32,43.49,43.24,43.41,816320,MSN
2020-08-28,43.65,44.95,43.49,44.14,2380000,MSN
2020-08-31,44.54,44.95,44.06,44.54,1294650,MSN
2020-09-01,44.54,44.54,43.98,44.21,1624840,MSN
2020-09-03,44.86,44.95,44.29,44.86,1754030,MSN
2020-09-04,44.06,45.75,44.06,45.59,2640190,MSN
2020-09-07,45.83,46.24,44.21,44.21,2265500,MSN
2020-09-08,44.29,44.54,44.06,44.37,1460040,MSN
2020-09-09,43.81,44.86,43.81,44.54,1082410,MSN
2020-09-10,44.86,44.95,44.29,44.37,735560,MSN
2020-09-11,44.21,44.54,43.98,44.54,539780,MSN
2020-09-14,44.54,45.19,44.54,45.03,944590,MSN
2020-09-15,45.03,45.19,44.62,44.86,794620,MSN
2020-09-16,44.86,44.86,44.21,44.46,908870,MSN
2020-09-17,44.46,44.46,43.73,43.73,1241490,MSN
2020-09-18,43.73,44.21,43.73,43.9,1122350,MSN
2020-09-21,44.06,44.37,44.06,44.14,879920,MSN
2020-09-22,44.14,44.21,43.81,43.98,760350,MSN
2020-09-23,44.21,44.86,44.06,44.86,1284870,MSN
2020-09-24,44.62,45.11,44.54,44.54,881030,MSN
2020-09-25,44.54,44.78,44.14,44.29,708340,MSN
2020-09-28,44.29,44.62,44.14,44.29,623360,MSN
2020-09-29,44.46,44.46,43.41,43.41,1283100,MSN
2020-09-30,43.41,44.21,43.41,44.21,843740,MSN
2020-10-01,44.29,44.54,44.21,44.46,964220,MSN
2020-10-02,44.46,44.54,43.57,43.81,1483120,MSN
2020-10-05,44.21,45.52,43.81,45.35,3268020,MSN
2020-10-06,45.67,47.21,45.59,46.97,4400570,MSN
2020-10-07,46.97,50.21,46.88,50.13,6435850,MSN
2020-10-08,49.8,51.75,49.08,51.75,4846470,MSN
2020-10-09,51.42,55.23,50.37,55.14,5339660,MSN
2020-10-12,55.06,56.85,53.85,56.85,5818700,MSN
2020-10-13,56.68,60.81,55.06,60.57,4664240,MSN
2020-10-14,60.49,64.78,59.19,64.78,5066890,MSN
2020-10-15,64.78,67.14,63.41,65.68,5698130,MSN
2020-10-16,65.6,65.6,61.14,64.78,6539150,MSN
2020-10-19,61.71,66.4,61.71,66.4,3072960,MSN
2020-10-20,66.24,67.78,64.78,67.78,4875310,MSN
2020-10-21,67.22,68.75,66.4,67.78,1756450,MSN
2020-10-22,67.06,68.83,66.81,68.83,5130670,MSN
2020-10-23,68.91,69.73,68.43,69.65,3419860,MSN
2020-10-26,68.6,71.19,68.6,71.19,4666520,MSN
2020-10-27,71.27,72.07,68.83,71.19,4042910,MSN
2020-10-28,71.11,71.11,68.19,69.65,4631980,MSN
2020-10-29,67.22,68.83,64.78,68.03,6707870,MSN
2020-10-30,66.57,68.03,64.38,68.03,4060060,MSN
2020-11-02,68.03,68.43,66.65,68.43,3845900,MSN
2020-11-03,68.03,68.27,67.37,68.03,3178300,MSN
2020-11-04,68.03,68.6,67.29,68.19,2008660,MSN
2020-11-05,68.43,71.19,67.86,71.19,1794890,MSN
2020-11-06,71.11,72.8,70.45,72.8,1218300,MSN
2020-11-09,72.88,77.42,72.72,77.42,2470010,MSN
2020-11-10,77.74,79.37,76.85,77.26,3489650,MSN
2020-11-11,75.88,77.26,74.5,77.26,2025450,MSN
2020-11-12,77.34,77.34,75.4,75.4,484080,MSN
2020-11-13,75.07,75.07,72.8,72.96,1094470,MSN
2020-11-16,72.48,72.96,67.94,67.94,2454980,MSN
2020-11-17,68.03,69.57,67.86,68.83,813710,MSN
2020-11-18,68.91,68.91,66.97,67.14,985490,MSN
2020-11-19,67.22,67.54,65.6,66.4,1205410,MSN
2020-11-20,66.16,67.94,65.68,66.4,1166780,MSN
2020-11-23,66.4,67.54,66.4,67.29,871370,MSN
2020-11-24,67.29,67.29,64.78,66.4,679550,MSN
2020-11-25,66.4,67.22,66.4,66.65,686650,MSN
2020-11-26,66.16,67.94,66.08,67.78,510660,MSN
2020-11-27,67.78,67.78,67.06,67.78,420570,MSN
2020-11-30,66.49,67.62,66.16,66.4,964680,MSN
2020-12-01,65.19,67.22,65.19,67.22,1051590,MSN
2020-12-02,67.22,68.03,66.4,67.37,741130,MSN
2020-12-03,67.45,68.03,66.81,67.54,542070,MSN
2020-12-04,68.03,70.86,67.62,69.65,1978040,MSN
2020-12-07,70.04,70.53,69.24,69.65,825210,MSN
2020-12-08,69.73,69.97,69.08,69.24,855880,MSN
2020-12-09,69.24,69.4,68.83,69.16,840910,MSN
2020-12-10,69.16,69.16,67.7,67.94,1432910,MSN
2020-12-11,67.94,68.51,67.37,68.43,791100,MSN
2020-12-14,68.6,68.91,67.94,68.43,1079350,MSN
2020-12-15,68.43,68.67,67.94,68.43,935010,MSN
2020-12-16,68.03,68.51,67.94,68.43,648540,MSN
2020-12-17,68.43,69.08,67.86,68.84,1179730,MSN
2020-12-18,68.6,69.08,68.6,68.92,1417470,MSN
2020-12-21,69.66,69.66,68.35,68.67,827020,MSN
2020-12-22,68.67,68.84,67.61,67.86,805250,MSN
2020-12-23,67.77,69.08,67.69,67.86,910150,MSN
2020-12-24,67.86,68.02,67.04,67.77,638900,MSN
2020-12-25,68.02,68.1,67.53,67.61,598590,MSN
2020-12-28,68.02,68.19,67.28,67.53,553150,MSN
2020-12-29,68.84,68.84,68.02,68.19,1440210,MSN
2020-12-30,68.75,69.0,67.69,68.43,959720,MSN
2020-12-31,68.02,73.02,68.02,72.85,3806160,MSN
2021-01-04,74.57,74.57,72.85,72.85,1915700,MSN
2021-01-05,72.93,73.76,72.2,73.18,1274800,MSN
2021-01-06,73.18,74.57,72.12,72.37,2344400,MSN
2021-01-07,72.37,75.8,72.37,75.4,3028500,MSN
2021-01-08,76.22,77.36,75.4,76.3,2639600,MSN
2021-01-11,76.38,78.26,76.38,77.11,2553900,MSN
2021-01-12,77.11,77.28,76.3,77.03,1830900,MSN
2021-01-13,77.2,77.28,75.97,76.46,2553600,MSN
2021-01-14,76.38,76.46,75.15,75.64,1447400,MSN
2021-01-15,76.22,76.55,75.8,76.22,2144900,MSN
2021-01-18,77.86,80.4,77.77,77.94,3740700,MSN
2021-01-19,78.51,78.51,72.53,74.49,2416600,MSN
2021-01-20,74.99,75.24,70.48,74.49,2314800,MSN
2021-01-21,74.99,75.47,73.26,74.99,2180900,MSN
2021-01-22,75.4,78.02,74.57,76.46,3060300,MSN
2021-01-25,77.86,80.31,77.03,79.49,3869900,MSN
2021-01-26,80.48,80.48,74.82,78.26,2475200,MSN
2021-01-27,77.44,77.69,73.92,75.15,2243700,MSN
2021-01-28,69.91,73.26,69.91,69.91,3816800,MSN
2021-01-29,65.97,74.57,65.97,70.06,2838500,MSN
2021-02-01,70.39,72.37,66.38,67.2,1792200,MSN
2021-02-02,67.2,69.66,65.56,68.84,1927500,MSN
2021-02-03,70.06,72.93,70.06,72.85,1539300,MSN
2021-02-04,72.12,74.16,71.71,73.35,1415200,MSN
2021-02-05,73.35,73.76,73.02,73.43,1209500,MSN
2021-02-08,73.43,73.68,68.84,70.15,2260800,MSN
2021-02-09,70.48,73.43,69.74,72.69,1448200,MSN
2021-02-17,73.59,75.4,72.77,75.4,1142900,MSN
2021-02-18,75.4,78.67,74.57,77.94,2207200,MSN
2021-02-19,76.71,78.26,76.71,77.77,1419300,MSN
2021-02-22,77.77,77.94,76.87,77.53,1186200,MSN
2021-02-23,77.44,77.44,75.8,75.97,1592900,MSN
2021-02-24,77.03,77.03,74.16,74.57,1478100,MSN
2021-02-25,75.24,75.24,73.26,73.43,1571600,MSN
2021-02-26,72.61,74.08,72.53,74.01,1485300,MSN
2021-03-01,74.08,75.32,74.01,74.82,859200,MSN
2021-03-02,76.05,76.05,73.76,74.49,1027600,MSN
2021-03-03,74.49,74.57,73.76,74.16,803200,MSN
2021-03-04,74.57,74.57,71.71,72.45,1647600,MSN
2021-03-05,72.12,73.76,71.71,73.1,1141200,MSN
2021-03-08,74.08,74.08,71.3,71.62,1612700,MSN
2021-03-09,71.87,71.87,66.63,71.05,1166700,MSN
2021-03-10,71.05,71.3,69.91,71.3,817400,MSN
2021-03-11,71.95,72.45,71.22,71.54,878000,MSN
2021-03-12,72.12,72.2,71.46,71.54,872100,MSN
2021-03-15,72.12,73.1,71.54,72.53,1188500,MSN
2021-03-16,72.77,72.77,71.46,72.12,535200,MSN
2021-03-17,71.79,72.2,71.3,72.12,576400,MSN
2021-03-18,72.04,73.68,71.87,73.51,1222500,MSN
2021-03-19,72.93,73.26,70.89,72.69,1148800,MSN
2021-03-22,72.69,72.77,71.71,72.2,723300,MSN
2021-03-23,72.2,72.28,70.48,70.89,1022900,MSN
2021-03-24,69.83,70.89,69.66,69.74,869100,MSN
2021-03-25,70.06,70.48,68.84,70.48,1076400,MSN
2021-03-26,70.06,70.48,68.6,70.39,912800,MSN
2021-03-29,70.06,70.89,69.66,70.56,918800,MSN
2021-03-30,70.15,73.35,69.98,72.53,1443600,MSN
2021-03-31,72.53,76.22,72.53,75.8,3145400,MSN
2021-04-01,76.13,76.22,75.47,75.64,2037400,MSN
2021-04-02,76.22,76.46,75.64,75.97,2155300,MSN
2021-04-05,77.86,77.94,76.05,76.22,2571700,MSN
2021-04-06,76.22,76.38,74.82,75.32,1808000,MSN
2021-04-07,75.32,77.28,74.41,76.87,1957200,MSN
2021-04-08,77.44,77.44,75.72,76.22,1205800,MSN
2021-04-09,76.05,76.05,75.07,75.47,1062300,MSN
2021-04-12,75.47,75.8,74.91,75.32,1536200,MSN
2021-04-13,75.89,78.67,75.4,77.2,4864100,MSN
2021-04-14,77.53,82.52,76.78,82.52,6637200,MSN
2021-04-15,84.82,86.05,81.95,81.95,2903400,MSN
2021-04-16,81.79,83.18,78.02,82.04,3077700,MSN
2021-04-19,83.18,87.77,81.46,87.77,6460900,MSN
2021-04-20,87.77,91.38,85.31,86.46,4290600,MSN
2021-04-22,85.23,88.01,80.48,80.48,3474400,MSN
2021-04-23,80.48,83.18,78.67,81.95,5010500,MSN
2021-04-26,83.18,83.35,77.86,77.86,3744400,MSN
2021-04-27,77.86,80.81,76.71,80.31,2383000,MSN
2021-04-28,80.31,81.79,79.9,81.13,1830800,MSN
2021-04-29,81.29,81.46,79.49,80.31,1803600,MSN
2021-05-04,80.31,80.31,77.94,78.59,2322900,MSN
2021-05-05,78.59,81.05,78.51,78.67,1788700,MSN
2021-05-06,78.67,79.98,78.34,78.34,1529000,MSN
2021-05-07,77.94,79.17,77.28,77.86,2566600,MSN
2021-05-10,79.82,83.27,79.09,83.27,3909900,MSN
2021-05-11,85.23,86.7,83.18,83.18,3396000,MSN
2021-05-12,83.18,86.05,83.18,85.23,2454800,MSN
2021-05-13,84.98,85.89,84.25,84.41,2424100,MSN
2021-05-14,85.06,90.15,85.06,88.59,3609800,MSN
2021-05-17,89.32,89.74,85.39,85.39,2365200,MSN
2021-05-18,86.87,90.15,85.89,86.14,2952600,MSN
2021-05-19,86.87,89.32,86.14,88.51,2094300,MSN
2021-05-20,89.32,93.42,88.43,93.09,2826500,MSN
2021-05-21,92.19,93.26,91.46,91.71,2584400,MSN
2021-05-24,91.71,93.09,90.97,91.78,2152900,MSN
2021-05-25,91.38,94.65,90.97,93.09,1734000,MSN
2021-05-26,93.42,93.42,91.78,93.09,1459300,MSN
2021-05-27,93.09,93.26,86.62,90.15,1642200,MSN
2021-05-28,90.15,92.19,89.0,92.19,2045800,MSN
2021-05-31,91.78,91.95,89.74,90.23,1011700,MSN
2021-06-01,90.15,90.15,85.8,87.68,2426200,MSN
2021-06-02,88.67,88.92,86.46,86.62,1867800,MSN
2021-06-03,86.54,86.62,84.41,86.05,2624700,MSN
2021-06-04,85.64,87.93,84.41,87.93,1560500,MSN
2021-06-07,87.68,87.93,85.23,85.64,905600,MSN
2021-06-08,85.72,87.45,85.23,85.23,1589500,MSN
2021-06-09,84.41,86.05,84.41,85.64,1070000,MSN
2021-06-10,85.23,85.97,84.41,84.49,876600,MSN
2021-06-11,84.49,86.95,84.41,86.87,1791100,MSN
2021-06-14,87.68,88.51,86.05,87.61,1488600,MSN
2021-06-15,87.68,88.43,87.03,87.28,994300,MSN
2021-06-16,86.87,87.68,85.23,85.39,1031500,MSN
2021-06-17,84.41,86.87,84.41,84.41,1384400,MSN
2021-06-18,86.37,87.68,84.41,87.28,1510800,MSN
2021-06-21,87.28,90.15,86.05,89.08,1793300,MSN
2021-06-22,89.41,90.15,88.01,88.92,1229800,MSN
2021-06-23,88.51,89.0,87.28,87.53,744300,MSN
2021-06-24,87.28,88.43,86.54,87.28,766600,MSN
2021-06-25,87.12,87.68,86.05,87.2,779600,MSN
2021-06-28,87.68,90.07,87.45,89.24,1490000,MSN
2021-06-29,89.74,90.07,88.18,88.92,990100,MSN
2021-06-30,89.32,92.19,89.32,91.3,2251800,MSN
2021-07-01,92.04,94.19,90.96,93.77,1706400,MSN
2021-07-02,94.19,94.51,93.52,94.11,1294400,MSN
2021-07-05,93.19,93.61,87.58,92.2,2219000,MSN
2021-07-06,90.88,92.53,89.23,90.06,1564800,MSN
2021-07-07,90.06,95.83,87.65,95.83,2469900,MSN
2021-07-08,95.01,99.14,94.19,98.98,2502500,MSN
2021-07-09,97.49,101.21,95.01,96.58,2139100,MSN
2021-07-12,97.49,99.06,90.46,99.06,2102000,MSN
2021-07-13,99.06,99.06,93.52,95.01,1521900,MSN
2021-07-14,94.98,96.55,91.84,95.96,1433200,MSN
2021-07-15,94.16,97.37,93.74,94.98,1054500,MSN
2021-07-16,95.4,99.93,94.82,99.53,1976800,MSN
2021-07-19,97.87,103.24,97.87,98.61,1431200,MSN
2021-07-20,98.69,101.58,97.13,101.58,1779800,MSN
2021-07-21,101.58,102.58,100.77,100.77,1393300,MSN
2021-07-22,100.77,101.58,99.11,101.5,1098700,MSN
2021-07-23,100.02,100.93,98.29,98.29,1612800,MSN
2021-07-26,99.03,100.35,97.2,100.02,1257100,MSN
2021-07-27,99.53,104.48,99.53,103.66,1932300,MSN
2021-07-28,103.24,103.57,102.42,102.82,839900,MSN
2021-07-29,102.82,105.72,101.58,105.47,1173800,MSN
2021-07-30,105.72,112.82,105.06,110.68,2654400,MSN
2021-08-02,110.51,113.98,108.19,112.49,1246700,MSN
2021-08-03,112.32,113.98,111.5,113.81,1355500,MSN
2021-08-04,113.81,113.98,111.66,112.32,1587600,MSN
2021-08-05,111.58,113.07,110.92,111.5,1348900,MSN
2021-08-06,111.58,112.32,111.09,111.09,670500,MSN
2021-08-09,110.68,116.46,110.68,116.46,1525400,MSN
2021-08-10,116.46,116.86,114.39,114.39,1011600,MSN
2021-08-11,114.81,116.46,112.82,112.82,993500,MSN
2021-08-12,114.39,114.39,110.68,110.68,1946000,MSN
2021-08-13,109.43,110.68,108.86,110.26,1394600,MSN
2021-08-16,111.09,112.74,109.19,110.26,969800,MSN
2021-08-17,111.34,111.42,109.43,109.43,793600,MSN
2021-08-18,111.5,113.07,110.68,111.09,1302800,MSN
2021-08-19,112.32,112.57,111.09,112.57,842400,MSN
2021-08-20,111.75,112.15,109.76,110.51,1311400,MSN
2021-08-23,109.85,110.26,104.9,104.9,1719900,MSN
2021-08-24,104.9,107.2,104.9,106.14,1302200,MSN
2021-08-25,107.2,112.74,106.63,111.5,1163100,MSN
2021-08-26,111.58,113.32,109.11,110.68,970800,MSN
2021-08-27,109.11,112.65,109.11,112.24,1927000,MSN
2021-08-30,114.39,114.39,109.51,109.51,2696800,MSN
2021-08-31,109.51,112.32,109.02,111.5,3127300,MSN
2021-09-01,110.84,111.91,109.85,110.1,1024900,MSN
2021-09-06,110.68,110.68,108.27,108.27,1518900,MSN
2021-09-07,108.36,108.36,106.95,107.2,1539300,MSN
2021-09-08,106.54,107.37,105.72,105.72,1395400,MSN
2021-09-09,105.55,109.19,105.39,108.19,1026600,MSN
2021-09-10,108.61,109.36,107.37,107.37,711300,MSN
2021-09-13,108.19,109.02,107.45,107.87,1264400,MSN
2021-09-14,108.86,112.08,108.02,111.91,2566900,MSN
2021-09-15,111.5,119.68,111.5,119.68,2796100,MSN
2021-09-16,121.42,123.89,119.93,123.72,2286500,MSN
2021-09-17,122.23,123.47,120.18,120.58,2389800,MSN
2021-09-20,120.67,122.65,118.1,118.1,1053000,MSN
2021-09-21,116.46,119.76,116.46,118.52,1328900,MSN
2021-09-22,119.76,123.06,118.52,121.42,859600,MSN
2021-09-23,121.0,122.65,118.1,119.76,932400,MSN
2021-09-24,119.76,120.18,117.11,117.6,1161000,MSN
2021-09-27,117.85,118.52,111.5,111.5,1213100,MSN
2021-09-28,111.42,116.21,110.75,112.32,1284000,MSN
2021-09-29,114.73,116.46,113.98,116.46,563500,MSN
2021-09-30,116.54,119.26,116.46,117.77,754600,MSN
2021-10-01,117.28,118.1,115.63,115.63,859300,MSN
2021-10-04,117.2,118.1,115.72,116.62,495400,MSN
2021-10-05,117.85,118.02,116.13,116.62,599300,MSN
2021-10-06,117.69,117.69,116.37,117.45,540300,MSN
2021-10-07,118.1,118.1,116.46,117.03,548300,MSN
2021-10-08,117.28,120.58,117.2,120.18,1009100,MSN
2021-10-11,120.18,122.65,118.1,121.42,924200,MSN
2021-10-12,121.82,122.65,119.76,120.18,675700,MSN
2021-10-13,121.42,121.42,118.1,118.19,1139600,MSN
2021-10-14,118.19,118.93,116.95,117.36,1426200,MSN
2021-10-15,117.45,118.44,116.46,116.46,891600,MSN
2021-10-18,116.54,119.01,116.46,118.1,634000,MSN
2021-10-19,118.69,118.69,116.37,116.46,765000,MSN
2021-10-20,116.95,118.44,115.63,118.19,987100,MSN
2021-10-21,118.1,118.19,115.8,115.8,1085600,MSN
2021-10-22,116.13,116.86,115.72,115.72,466100,MSN
2021-10-25,118.1,118.1,115.97,115.97,575000,MSN
2021-10-26,116.86,116.86,114.64,115.3,850200,MSN
2021-10-27,115.63,122.15,115.47,121.25,2012700,MSN
2021-10-28,121.25,125.95,118.93,125.3,1754500,MSN
2021-10-29,123.89,125.55,121.82,124.63,1547000,MSN
2021-11-01,123.89,123.97,119.84,120.18,1668800,MSN
2021-11-02,120.18,122.82,120.09,120.18,1021800,MSN
2021-11-03,120.18,122.23,118.93,120.18,1352400,MSN
2021-11-04,120.42,123.47,119.76,122.15,1148200,MSN
2021-11-05,122.23,123.81,121.58,122.07,1235600,MSN
2021-11-08,123.89,126.04,122.9,125.55,1877000,MSN
2021-11-09,126.29,126.29,121.98,122.07,1478500,MSN
2021-11-10,122.23,123.72,121.33,121.98,1317500,MSN
2021-11-11,122.9,124.71,120.58,121.33,1740900,MSN
2021-11-12,121.33,123.97,121.25,123.56,1456700,MSN
2021-11-15,123.89,127.18,122.4,127.18,1822500,MSN
2021-11-16,127.04,128.1,123.89,125.55,1698000,MSN
2021-11-17,124.71,125.55,123.97,124.31,362200,MSN
2021-11-18,124.31,125.55,122.23,122.23,1057900,MSN
2021-11-19,123.06,123.81,121.74,121.74,1301600,MSN
2021-11-22,121.82,123.81,121.42,123.81,634600,MSN
2021-11-23,122.73,129.51,122.73,129.26,1864400,MSN
2021-11-24,128.42,131.9,127.27,129.67,1298500,MSN
2021-11-25,129.67,131.32,128.1,130.08,1050400,MSN
2021-11-26,128.84,130.08,128.18,130.08,1131800,MSN
2021-11-29,128.02,128.84,125.63,125.95,1470900,MSN
2021-11-30,126.12,127.1,123.22,123.22,1488000,MSN
2021-12-01,123.06,125.55,123.06,123.81,1261100,MSN
2021-12-02,123.89,126.7,123.89,125.55,1004300,MSN
2021-12-03,125.55,128.42,124.71,124.71,1148800,MSN
2021-12-06,124.71,126.37,119.76,124.71,1098300,MSN
2021-12-07,124.31,125.95,124.31,125.46,569700,MSN
2021-12-08,124.88,125.55,124.8,124.8,648400,MSN
2021-12-09,123.89,127.18,123.89,127.18,784400,MSN
2021-12-10,126.37,127.18,124.06,126.95,996400,MSN
2021-12-13,127.27,130.0,127.04,128.84,1458500,MSN
2021-12-14,128.76,130.08,128.59,129.67,942300,MSN
2021-12-15,129.05,133.19,129.05,133.19,1227700,MSN
2021-12-16,133.19,133.93,125.9,132.36,957300,MSN
2021-12-17,132.11,133.69,130.04,130.29,2984600,MSN
2021-12-20,134.01,134.76,130.29,134.01,5033600,MSN
2021-12-21,134.01,137.91,132.36,137.82,7522000,MSN
2021-12-22,138.98,141.46,137.49,140.63,8679300,MSN
2021-12-23,140.55,144.76,137.82,141.46,9870200,MSN
2021-12-24,141.46,144.76,139.06,141.46,7727500,MSN
2021-12-27,141.38,144.76,139.06,139.8,7115800,MSN
2021-12-28,140.22,144.61,138.31,141.88,7688200,MSN
2021-12-29,141.88,144.02,140.22,142.28,6219000,MSN
2021-12-30,142.28,142.95,139.8,141.88,5093400,MSN
2021-12-31,140.47,141.96,139.55,141.46,6544000,MSN
2022-01-04,141.46,141.46,139.8,140.63,998000,MSN
2022-01-05,141.46,141.46,133.19,133.19,1261000,MSN
2022-01-06,133.19,133.19,127.23,127.23,1650400,MSN
2022-01-07,128.97,131.95,127.39,127.39,1307500,MSN
2022-01-10,128.97,128.97,126.57,127.39,348800,MSN
2022-01-11,126.57,127.39,119.87,119.87,1345000,MSN
2022-01-12,120.36,122.27,119.7,119.87,1058300,MSN
2022-01-13,119.95,121.44,117.14,119.79,974500,MSN
2022-01-14,117.55,119.95,117.55,119.79,490800,MSN
2022-01-17,119.95,120.61,113.25,117.47,829900,MSN
2022-01-18,115.82,125.66,115.4,117.55,872600,MSN
2022-01-19,116.81,125.33,116.81,122.02,1268700,MSN
2022-01-20,124.09,124.91,122.43,123.42,874800,MSN
2022-01-21,126.07,126.07,123.42,124.91,869400,MSN
2022-01-24,122.68,124.26,118.3,118.3,952700,MSN
2022-01-25,119.12,126.57,116.72,126.57,1050100,MSN
2022-01-26,127.73,127.73,121.61,121.61,969400,MSN
2022-01-27,121.19,121.19,117.47,117.47,727700,MSN
2022-01-28,118.38,121.77,118.3,118.3,356900,MSN
2022-02-07,119.95,122.85,118.3,122.35,611900,MSN
2022-02-08,121.11,122.18,119.95,120.36,502000,MSN
2022-02-09,121.19,122.85,119.95,121.28,585500,MSN
2022-02-10,122.43,123.76,121.53,123.76,1433500,MSN
2022-02-11,124.09,125.33,122.52,123.92,487500,MSN
2022-02-14,122.85,125.41,122.52,125.41,925700,MSN
2022-02-15,125.58,132.77,124.09,132.77,1575800,MSN
2022-02-16,132.36,132.36,130.29,130.79,823200,MSN
2022-02-17,130.71,134.84,130.46,134.84,1673100,MSN
2022-02-18,132.36,136.5,131.36,135.09,1183000,MSN
2022-02-21,135.18,135.18,132.45,132.6,957200,MSN
2022-02-22,129.3,132.2,129.3,130.29,559100,MSN
2022-02-23,130.21,131.95,129.47,130.04,459600,MSN
2022-02-24,129.47,134.84,128.72,131.95,989000,MSN
2022-02-25,133.19,133.19,130.71,130.71,572500,MSN
2022-02-28,130.71,132.28,129.05,129.05,426900,MSN
2022-03-01,129.87,130.29,128.63,129.47,360000,MSN
2022-03-02,128.23,130.71,128.23,129.87,822900,MSN
2022-03-03,131.28,134.01,129.63,131.61,752900,MSN
2022-03-04,131.95,134.68,130.71,133.44,1197900,MSN
2022-03-07,132.11,134.34,130.71,130.87,938500,MSN
2022-03-08,130.71,132.45,130.29,131.36,634300,MSN
2022-03-09,131.12,132.28,127.81,128.63,875100,MSN
2022-03-10,128.8,130.96,124.09,124.09,1245100,MSN
2022-03-11,123.26,125.33,117.88,117.88,1565500,MSN
2022-03-14,117.63,117.63,110.93,112.59,1649600,MSN
2022-03-15,112.1,116.72,112.1,116.72,1020500,MSN
2022-03-16,118.05,118.05,115.82,116.22,503900,MSN
2022-03-17,116.64,117.71,114.16,114.16,766800,MSN
2022-03-18,114.98,118.05,113.09,113.09,2545700,MSN
2022-03-21,114.9,120.12,114.82,119.95,890400,MSN
2022-03-22,120.36,124.91,118.3,122.85,969400,MSN
2022-03-23,121.44,127.23,120.04,121.61,1396000,MSN
2022-03-24,122.77,124.09,121.28,121.28,760300,MSN
2022-03-25,121.61,122.27,119.7,121.11,545600,MSN
2022-03-28,119.95,120.69,118.3,120.44,630000,MSN
2022-03-29,120.78,121.93,118.71,119.12,571700,MSN
2022-03-30,118.38,120.36,117.55,119.12,675400,MSN
2022-03-31,119.04,119.37,117.39,117.63,589200,MSN
2022-04-01,119.12,122.93,117.88,121.19,808700,MSN
2022-04-04,123.26,128.23,122.85,124.09,1685400,MSN
2022-04-05,125.58,127.23,124.09,125.41,739300,MSN
2022-04-06,125.66,128.23,124.17,127.23,1374300,MSN
2022-04-07,128.23,128.23,124.91,124.91,1113200,MSN
2022-04-08,125.33,125.33,122.85,122.85,1169600,MSN
2022-04-12,129.05,129.05,122.99,124.48,1373600,MSN
2022-04-13,125.08,128.55,125.08,125.97,989500,MSN
2022-04-14,126.07,126.57,123.59,124.78,800000,MSN
2022-04-15,125.28,125.68,123.19,124.09,1015000,MSN
2022-04-18,125.58,125.58,123.09,123.09,890800,MSN
2022-04-19,123.99,124.58,118.63,119.62,943100,MSN
2022-04-20,120.51,124.09,119.62,123.39,1116500,MSN
2022-04-21,121.11,124.09,121.11,122.1,1507800,MSN
2022-04-22,122.1,124.09,121.61,122.4,1750500,MSN
2022-04-25,123.69,123.69,114.95,115.15,1076900,MSN
2022-04-26,115.85,123.19,108.3,115.15,2206600,MSN
2022-04-27,111.98,120.91,110.19,118.13,1241700,MSN
2022-04-28,118.13,119.02,115.65,115.65,837600,MSN
2022-04-29,116.15,117.73,114.26,115.15,1098700,MSN
2022-05-04,115.15,115.95,112.17,112.27,512200,MSN
2022-05-05,113.17,118.13,112.57,118.13,933300,MSN
2022-05-06,114.16,117.63,114.16,116.15,825300,MSN
2022-05-09,115.15,115.35,110.19,114.06,1084200,MSN
2022-05-10,113.27,115.25,109.39,115.25,1088600,MSN
2022-05-11,112.87,114.16,110.69,111.08,990800,MSN
2022-05-12,111.08,111.88,103.34,103.34,1061600,MSN
2022-05-13,102.35,104.23,96.19,96.19,1761600,MSN
2022-05-16,98.28,98.87,89.54,89.54,1052900,MSN
2022-05-17,87.36,95.79,85.07,95.79,1573900,MSN
2022-05-18,97.38,102.45,92.82,102.45,1291600,MSN
2022-05-19,101.25,109.59,99.27,109.59,1722900,MSN
2022-05-20,109.0,110.88,106.22,107.01,930900,MSN
2022-05-23,107.81,108.1,103.24,103.74,700700,MSN
2022-05-24,103.74,109.1,103.24,108.2,829900,MSN
2022-05-25,108.2,112.67,106.71,109.69,829700,MSN
2022-05-26,109.69,109.89,107.21,107.81,834000,MSN
2022-05-27,108.01,111.08,107.21,109.2,771700,MSN
2022-05-30,109.2,109.2,108.1,109.2,671100,MSN
2022-05-31,107.21,111.58,107.21,111.58,1265300,MSN
2022-06-01,109.2,114.16,109.2,114.16,1097900,MSN
2022-06-02,114.16,114.16,112.08,113.46,457800,MSN
2022-06-03,113.66,113.66,110.69,111.98,394800,MSN
2022-06-06,111.98,116.15,107.21,116.15,1729500,MSN
2022-06-07,114.26,117.04,112.37,117.04,1460100,MSN
2022-06-08,117.14,120.61,117.04,118.43,1318800,MSN
2022-06-09,117.63,119.12,117.24,117.63,711400,MSN
2022-06-10,114.26,117.63,114.26,116.15,632500,MSN
2022-06-13,112.27,114.16,108.2,108.2,1101100,MSN
2022-06-14,103.34,109.0,103.34,105.52,1658900,MSN
2022-06-15,106.22,108.2,103.94,105.23,997000,MSN
2022-06-16,106.22,112.57,106.22,109.89,1394900,MSN
2022-06-17,107.21,116.15,106.52,116.15,1627200,MSN
2022-06-20,114.16,116.64,110.19,110.19,862000,MSN
2022-06-21,109.99,112.97,108.4,110.19,954600,MSN
2022-06-22,110.19,113.17,105.23,105.23,802700,MSN
2022-06-23,105.23,109.2,105.23,109.2,397300,MSN
2022-06-24,107.71,109.39,107.71,108.7,543000,MSN
2022-06-27,109.0,112.57,107.71,112.17,882000,MSN
2022-06-28,112.17,113.37,109.49,113.17,1209600,MSN
2022-06-29,108.2,114.16,108.2,113.17,713400,MSN
2022-06-30,111.38,113.37,110.69,111.18,456000,MSN
2022-07-01,111.08,111.18,108.2,108.7,478200,MSN
2022-07-04,109.5,110.0,107.1,107.7,357800,MSN
2022-07-05,107.9,108.5,102.0,102.0,942500,MSN
2022-07-06,102.0,106.2,100.0,100.0,1181300,MSN
2022-07-07,100.0,104.5,100.0,103.0,444900,MSN
2022-07-08,103.5,104.9,103.5,104.9,609700,MSN
2022-07-11,101.5,103.9,101.5,102.5,565100,MSN
2022-07-12,103.5,104.0,101.5,102.0,287100,MSN
2022-07-13,100.7,103.7,100.7,101.0,549100,MSN
2022-07-14,101.2,103.0,101.1,102.5,356200,MSN
2022-07-15,101.9,103.5,101.0,101.2,413900,MSN
2022-07-18,101.1,103.8,100.5,102.6,666600,MSN
2022-07-19,102.5,102.5,101.0,102.0,367200,MSN
2022-07-20,102.1,105.5,102.0,103.0,679400,MSN
2022-07-21,103.2,106.9,103.0,105.5,1032900,MSN
2022-07-22,105.1,109.0,103.7,108.5,1241500,MSN
2022-07-25,105.7,111.3,105.7,108.6,461100,MSN
2022-07-26,107.0,110.0,107.0,110.0,487400,MSN
2022-07-27,109.2,110.0,108.0,109.9,334400,MSN
2022-07-28,110.0,110.5,108.0,109.9,619200,MSN
2022-07-29,111.0,112.0,106.1,106.1,840100,MSN
2022-08-01,107.0,111.0,106.5,109.4,730600,MSN
2022-08-02,109.6,111.0,107.1,108.0,719500,MSN
2022-08-03,109.5,110.2,106.8,110.0,1452700,MSN
2022-08-04,110.0,110.2,106.7,107.9,1593800,MSN
2022-08-05,107.9,108.0,104.1,104.5,1920800,MSN
2022-08-08,104.5,105.8,104.5,104.8,637400,MSN
2022-08-09,106.0,106.1,104.5,105.2,502900,MSN
2022-08-10,105.2,107.0,104.7,105.8,560100,MSN
2022-08-11,106.0,107.5,105.3,106.8,772100,MSN
2022-08-12,106.7,107.2,105.7,107.2,252200,MSN
2022-08-15,107.9,108.8,106.5,108.5,554600,MSN
2022-08-16,108.5,109.2,107.1,109.0,619600,MSN
2022-08-17,109.3,111.7,108.5,111.3,1170500,MSN
2022-08-18,111.5,114.9,110.6,112.0,1715300,MSN
2022-08-19,112.0,113.9,110.8,112.0,458300,MSN
2022-08-22,112.0,113.8,111.0,111.8,460700,MSN
2022-08-23,111.2,113.0,111.0,112.6,649500,MSN
2022-08-24,112.8,114.0,111.9,111.9,556200,MSN
2022-08-25,111.2,113.4,111.0,112.8,564700,MSN
2022-08-26,113.5,113.5,112.0,112.2,359700,MSN
2022-08-29,111.0,113.8,111.0,112.2,572700,MSN
2022-08-30,113.0,114.8,112.0,113.7,574200,MSN
2022-08-31,113.8,115.5,113.8,114.5,786700,MSN
2022-09-05,113.5,115.8,113.1,115.5,556800,MSN
2022-09-06,115.5,116.6,114.2,115.0,337200,MSN
2022-09-07,114.8,115.4,112.0,112.0,836300,MSN
2022-09-08,113.5,115.0,112.0,115.0,484100,MSN
2022-09-09,115.5,117.0,114.4,116.1,539300,MSN
2022-09-12,116.1,116.5,114.5,115.0,326100,MSN
2022-09-13,114.5,116.4,114.0,114.0,542200,MSN
2022-09-14,114.0,114.0,112.0,112.0,554500,MSN
2022-09-15,114.2,114.5,111.0,112.0,537300,MSN
2022-09-16,111.8,112.8,109.8,112.8,1709700,MSN
2022-09-19,111.0,113.5,111.0,112.5,548800,MSN
2022-09-20,112.0,113.4,111.8,113.3,302800,MSN
2022-09-21,113.0,113.4,111.1,112.0,332400,MSN
2022-09-22,110.9,111.5,108.1,110.0,435200,MSN
2022-09-23,109.0,110.0,108.3,108.6,353900,MSN
2022-09-26,107.2,109.5,107.0,107.7,658100,MSN
2022-09-27,106.0,108.6,106.0,107.7,343300,MSN
2022-09-28,105.1,105.9,102.1,102.1,415600,MSN
2022-09-29,102.6,104.1,100.0,100.0,443000,MSN
2022-09-30,98.2,103.2,98.2,99.0,893200,MSN
2022-10-03,97.0,98.5,92.2,94.0,752700,MSN
2022-10-04,93.1,95.0,90.4,90.5,991500,MSN
2022-10-05,93.3,93.3,91.0,91.4,559600,MSN
2022-10-06,91.4,91.5,86.0,86.7,948300,MSN
2022-10-07,84.8,86.6,80.7,81.5,1461300,MSN
2022-10-10,80.0,87.0,77.0,80.5,1089700,MSN
2022-10-11,80.1,80.1,74.9,79.8,1971900,MSN
2022-10-12,81.4,82.5,79.8,81.1,2400700,MSN
2022-10-13,82.0,82.0,78.0,78.7,1014100,MSN
2022-10-14,81.0,81.0,79.0,79.0,1554200,MSN
2022-10-17,78.9,80.5,77.0,79.0,1478600,MSN
2022-10-18,80.0,83.2,79.9,82.0,1767000,MSN
2022-10-19,82.5,82.5,79.9,80.0,1401200,MSN
2022-10-20,79.5,80.8,78.5,80.2,1683100,MSN
2022-10-21,81.0,81.0,74.8,74.8,1651200,MSN
2022-10-24,74.8,75.8,69.6,72.8,1295700,MSN
2022-10-25,72.5,75.0,69.1,75.0,1850400,MSN
2022-10-26,75.0,78.0,73.3,78.0,1006000,MSN
2022-10-27,78.7,83.0,77.0,83.0,1607900,MSN
2022-10-28,83.0,83.9,81.5,83.9,1768700,MSN
2022-10-31,83.9,86.0,82.7,85.5,1329900,MSN
2022-11-01,86.4,87.2,83.8,86.5,1128600,MSN
2022-11-02,86.5,87.0,81.0,81.0,893000,MSN
2022-11-03,80.0,85.4,79.9,85.4,737800,MSN
2022-11-04,84.0,85.4,81.0,84.3,952900,MSN
2022-11-07,84.3,88.0,82.5,84.5,1266700,MSN
2022-11-08,84.0,87.8,81.0,86.0,1180600,MSN
2022-11-09,86.5,87.5,84.5,87.0,1227900,MSN
2022-11-10,87.0,87.1,81.0,81.0,1015300,MSN
2022-11-11,82.0,86.6,82.0,86.5,1055100,MSN
2022-11-14,85.5,92.5,84.1,89.1,1292200,MSN
2022-11-15,89.1,89.8,85.8,89.4,1067100,MSN
2022-11-16,85.5,90.9,84.5,90.9,1308900,MSN
2022-11-17,90.5,97.0,90.2,97.0,1525000,MSN
2022-11-18,97.1,97.5,91.5,95.2,1016400,MSN
2022-11-21,95.2,95.2,93.4,95.1,633400,MSN
2022-11-22,93.6,98.0,88.5,91.8,1395000,MSN
2022-11-23,88.6,92.9,88.3,92.9,834200,MSN
2022-11-24,91.5,91.5,88.0,89.0,1043500,MSN
2022-11-25,90.0,94.5,90.0,94.0,923100,MSN
2022-11-28,94.0,97.2,93.5,97.2,2126900,MSN
2022-11-29,97.2,99.0,95.5,99.0,2170100,MSN
2022-11-30,99.5,102.0,92.9,102.0,1501800,MSN
2022-12-01,102.0,102.0,99.0,99.0,1543500,MSN
2022-12-02,99.0,103.9,98.4,103.9,1435000,MSN
2022-12-05,102.9,110.0,102.5,105.0,1024200,MSN
2022-12-06,105.5,105.5,101.6,102.0,1097400,MSN
2022-12-07,102.0,106.0,100.0,100.0,734100,MSN
2022-12-08,103.8,105.0,96.0,96.0,903000,MSN
2022-12-09,99.0,101.9,96.1,97.0,1175300,MSN
2022-12-12,100.0,100.0,96.0,97.0,913300,MSN
2022-12-13,96.9,97.5,95.8,97.0,1493100,MSN
2022-12-14,98.5,98.5,95.1,96.0,1028300,MSN
2022-12-15,97.0,99.0,95.1,98.2,687600,MSN
2022-12-16,98.0,98.0,93.5,93.5,2672500,MSN
2022-12-19,94.2,95.3,92.5,95.0,1257100,MSN
2022-12-20,93.4,95.0,92.1,94.0,568100,MSN
2022-12-21,94.7,94.9,93.0,94.9,582500,MSN
2022-12-22,95.0,95.6,93.0,94.4,371000,MSN
2022-12-23,92.5,95.2,91.4,95.0,552900,MSN
2022-12-26,95.0,95.0,91.5,91.5,613800,MSN
2022-12-27,91.5,93.8,91.2,92.9,215600,MSN
2022-12-27,93.0,95.8,91.5,91.6,617300,MSN
2022-12-28,91.7,96.0,91.1,93.0,661400,MSN
2022-12-29,92.5,95.8,92.5,94.0,629600,MSN
2022-12-30,96.0,96.0,93.0,93.0,453200,MSN
2023-01-03,95.0,96.0,93.0,96.0,740400,MSN
2023-01-04,97.0,99.3,95.0,99.3,549400,MSN
2023-01-05,100.0,100.1,98.0,99.5,684600,MSN
2023-01-06,99.5,99.5,95.0,95.8,541300,MSN
2023-01-09,96.7,97.3,95.5,96.5,398200,MSN
2023-01-10,96.5,96.9,93.6,95.4,613400,MSN
2023-01-11,96.0,96.3,94.3,96.0,556800,MSN
2023-01-12,96.1,96.3,93.0,93.3,537400,MSN
2023-01-13,94.1,95.0,93.4,95.0,319700,MSN
2023-01-16,95.0,96.0,93.7,94.9,339600,MSN
2023-01-17,94.7,97.5,93.3,97.5,600000,MSN
2023-01-18,97.5,99.9,96.1,99.9,620900,MSN
2023-01-19,98.3,102.0,95.3,102.0,1021900,MSN
2023-01-27,102.0,106.0,101.9,103.7,741600,MSN
2023-01-30,105.0,105.4,102.0,102.0,330200,MSN
2023-01-31,100.1,102.0,100.1,101.1,354700,MSN
2023-02-01,100.2,101.8,95.1,95.2,958200,MSN
2023-02-02,97.9,97.9,95.0,96.7,736900,MSN
2023-02-03,95.6,96.7,93.6,96.5,567900,MSN
2023-02-06,94.2,96.3,93.5,96.3,685600,MSN
2023-02-07,96.0,96.0,93.3,94.1,857100,MSN
2023-02-08,94.1,95.5,93.5,93.5,446700,MSN
2023-02-09,93.5,94.5,91.8,91.8,773600,MSN
2023-02-10,91.8,92.0,89.5,91.2,680900,MSN
2023-02-13,91.2,92.9,90.1,92.9,468600,MSN
2023-02-14,92.9,93.4,91.6,92.9,392700,MSN
2023-02-15,92.0,93.3,92.0,93.0,617800,MSN
2023-02-16,93.0,93.4,92.1,92.9,379900,MSN
2023-02-17,93.0,93.0,91.1,91.3,279500,MSN
2023-02-20,91.4,94.5,91.4,94.5,685100,MSN
2023-02-21,94.0,94.8,93.2,93.8,258400,MSN
2023-02-22,93.0,93.3,91.0,91.0,784400,MSN
2023-02-23,91.5,91.5,87.0,87.6,672900,MSN
2023-02-24,88.8,88.8,84.9,85.9,716200,MSN
2023-02-27,83.9,84.5,79.9,79.9,900500,MSN
2023-02-28,82.0,82.5,80.0,82.0,585400,MSN
2023-03-01,80.0,81.8,79.7,80.5,1083200,MSN
2023-03-02,80.4,81.3,79.0,79.0,540200,MSN
2023-03-03,79.7,79.8,76.0,76.0,581000,MSN
2023-03-06,76.5,78.0,74.4,74.4,850800,MSN
2023-03-07,76.0,79.6,75.2,78.3,1893800,MSN
2023-03-08,78.2,81.0,77.8,80.4,1497600,MSN
2023-03-09,80.5,82.0,80.1,80.8,1257800,MSN
2023-03-10,80.5,84.5,80.5,83.9,1407600,MSN
2023-03-13,83.8,85.8,83.8,84.5,1593800,MSN
2023-03-14,84.1,85.0,82.5,83.6,939100,MSN
2023-03-15,83.7,85.1,83.6,84.7,1108600,MSN
2023-03-16,84.7,84.7,82.0,83.8,897900,MSN
2023-03-17,83.8,84.0,82.7,83.5,1173700,MSN
2023-03-20,82.6,82.8,79.4,81.5,1328800,MSN
2023-03-21,81.5,83.2,79.0,80.1,1059400,MSN
2023-03-22,80.2,80.6,78.2,79.0,1703500,MSN
2023-03-23,79.7,79.7,78.5,78.5,1353700,MSN
2023-03-24,79.0,79.0,77.7,78.0,1368800,MSN
2023-03-27,78.2,78.2,76.2,76.6,1538900,MSN
2023-03-28,77.5,77.8,76.8,77.6,1526800,MSN
2023-03-29,77.6,77.8,76.8,77.5,939400,MSN
2023-03-30,79.3,79.6,78.5,79.1,1040000,MSN
2023-03-31,79.2,79.4,78.1,78.4,1099300,MSN
2023-04-03,78.8,78.8,76.8,77.0,1511300,MSN
2023-04-04,76.9,78.6,76.9,78.5,1223200,MSN
2023-04-05,78.7,79.2,77.6,78.0,770200,MSN
2023-04-06,78.1,78.4,77.3,77.7,906000,MSN
2023-04-07,77.0,77.9,76.9,77.6,530700,MSN
2023-04-10,77.7,78.1,77.1,77.2,836800,MSN
2023-04-11,77.6,78.0,77.2,77.7,680200,MSN
2023-04-12,77.9,80.2,77.9,79.5,1601300,MSN
2023-04-13,80.0,80.5,79.2,79.4,1137200,MSN
2023-04-14,79.3,79.9,78.4,78.6,1243800,MSN
2023-04-17,78.0,78.2,77.2,78.0,870800,MSN
2023-04-18,78.2,78.5,77.8,78.2,488000,MSN
2023-04-19,78.2,79.8,78.0,78.5,1192200,MSN
2023-04-20,79.0,79.1,77.7,78.7,692200,MSN
2023-04-21,78.0,78.1,76.2,76.4,1032200,MSN
2023-04-24,76.6,76.6,73.5,74.0,1308700,MSN
2023-04-25,73.9,73.9,71.1,71.5,916300,MSN
2023-04-26,71.3,71.9,70.5,71.3,1097800,MSN
2023-04-27,71.7,72.9,71.3,72.0,423200,MSN
2023-04-28,72.7,73.2,72.3,72.3,374700,MSN
2023-05-04,72.8,72.8,70.8,70.9,702400,MSN
2023-05-05,70.6,73.1,70.5,73.0,950000,MSN
2023-05-08,73.5,75.2,73.1,74.2,963500,MSN
2023-05-09,74.1,74.6,73.4,73.9,621800,MSN
2023-05-10,74.0,75.0,73.6,73.6,696600,MSN
2023-05-11,73.7,74.3,73.3,74.0,445100,MSN
2023-05-12,73.3,74.5,73.3,74.3,396400,MSN
2023-05-15,74.4,75.2,74.3,74.5,674600,MSN
2023-05-16,74.1,74.2,73.2,73.3,331700,MSN
2023-05-17,73.3,74.0,73.0,73.7,573200,MSN
2023-05-18,73.2,73.8,72.7,73.3,860100,MSN
2023-05-19,73.2,73.2,71.6,72.0,617900,MSN
2023-05-22,71.4,72.5,71.4,72.1,692100,MSN
2023-05-23,72.0,72.0,70.2,70.3,2101200,MSN
2023-05-24,70.9,71.9,70.0,71.8,951300,MSN
2023-05-25,71.8,72.5,70.8,72.0,740000,MSN
2023-05-26,71.8,72.1,71.4,72.0,757500,MSN
2023-05-29,72.1,72.2,71.4,71.6,483800,MSN
2023-05-30,71.6,73.2,71.6,72.8,946700,MSN
2023-05-31,72.9,73.5,72.0,72.0,718500,MSN
2023-06-01,72.0,72.2,71.5,71.8,326400,MSN
2023-06-02,72.0,72.7,71.8,72.3,936100,MSN
2023-06-05,73.0,74.7,72.8,74.1,2010900,MSN
2023-06-06,74.0,74.6,73.5,73.6,1265200,MSN
2023-06-07,74.2,75.7,73.5,75.5,2296600,MSN
2023-06-08,76.3,76.4,74.3,74.4,1251100,MSN
2023-06-09,75.0,76.9,74.2,76.5,2410700,MSN
2023-06-12,77.0,78.4,76.6,78.4,2600400,MSN
2023-06-13,78.6,78.8,77.9,78.8,1699700,MSN
2023-06-14,78.8,79.4,77.8,78.0,2339300,MSN
2023-06-15,78.0,78.1,76.7,77.1,1224800,MSN
2023-06-16,77.5,77.6,75.4,76.6,2124500,MSN
2023-06-19,76.5,76.5,74.5,74.5,1152200,MSN
2023-06-20,74.3,75.3,74.3,75.2,605600,MSN
2023-06-21,75.1,76.2,74.6,76.1,1015400,MSN
2023-06-22,76.1,76.5,75.8,76.3,850900,MSN
2023-06-23,76.1,77.8,75.7,77.3,1600600,MSN
2023-06-26,78.0,79.0,77.0,77.7,981300,MSN
2023-06-27,77.8,78.0,76.9,77.7,685500,MSN
2023-06-28,77.9,77.9,76.7,77.0,691700,MSN
2023-06-29,76.8,76.8,75.4,75.4,1147500,MSN
2023-06-30,75.4,76.2,75.2,75.2,866600,MSN
2023-07-03,75.2,76.0,75.2,75.4,646200,MSN
2023-07-04,75.4,75.9,75.3,75.6,823200,MSN
2023-07-05,75.9,76.3,75.5,75.8,1395400,MSN
2023-07-06,75.5,76.1,75.5,76.0,964100,MSN
2023-07-07,76.2,76.2,75.2,75.2,1421500,MSN
2023-07-10,75.4,77.9,75.4,77.9,2345800,MSN
2023-07-11,78.1,80.1,78.1,79.2,2849800,MSN
2023-07-12,80.1,80.1,79.0,79.5,1607300,MSN
2023-07-13,79.6,81.9,79.5,81.8,2671400,MSN
2023-07-14,82.0,82.7,80.7,81.8,1690600,MSN
2023-07-17,81.8,81.8,80.5,80.7,1453800,MSN
2023-07-18,80.6,81.3,80.2,80.5,1274400,MSN
2023-07-19,80.6,81.3,80.5,80.8,1370700,MSN
2023-07-20,80.9,80.9,79.1,79.5,2335700,MSN
2023-07-21,79.5,83.0,79.5,83.0,2083200,MSN
2023-07-24,84.6,84.7,83.2,84.0,2678700,MSN
2023-07-25,84.1,84.5,83.0,83.4,1938900,MSN
2023-07-26,83.4,85.2,83.2,84.6,1719300,MSN
2023-07-27,84.5,84.7,84.0,84.2,1846200,MSN
2023-07-28,84.2,86.2,84.0,86.1,2241800,MSN
2023-07-31,87.0,88.2,86.8,87.3,2580800,MSN
2023-08-01,87.6,87.6,86.4,86.7,1843700,MSN
2023-08-02,86.4,86.4,85.1,85.2,2264000,MSN
2023-08-03,85.5,86.6,85.2,86.1,1880500,MSN
2023-08-04,86.3,86.7,85.7,86.3,2037600,MSN
2023-08-07,86.7,88.2,86.0,88.2,2407300,MSN
2023-08-08,89.3,89.4,87.9,89.2,2451900,MSN
2023-08-09,89.0,89.0,87.8,88.0,2415600,MSN
2023-08-10,87.3,87.9,83.0,83.0,4724500,MSN
2023-08-11,82.8,85.0,82.5,84.5,2070900,MSN
2023-08-14,84.5,84.5,82.2,82.2,2720900,MSN
2023-08-15,82.5,83.8,81.4,82.4,2240300,MSN
2023-08-16,82.3,82.4,81.2,81.8,1866300,MSN
2023-08-17,81.8,82.8,81.4,82.1,1386300,MSN
2023-08-18,82.1,82.4,77.8,79.0,4020300,MSN
2023-08-21,78.3,79.8,78.3,78.4,2250500,MSN
2023-08-22,78.5,78.9,76.3,77.7,1849900,MSN
2023-08-23,78.0,78.6,77.0,77.5,1456000,MSN
2023-08-24,77.3,80.0,77.3,80.0,1756900,MSN
2023-08-25,80.0,80.5,79.2,79.7,1178100,MSN
2023-08-28,79.7,80.8,79.5,80.7,1100800,MSN
2023-08-29,81.2,81.4,79.8,80.0,1728500,MSN
2023-08-30,80.0,80.1,79.3,79.6,1580000,MSN
2023-08-31,80.0,81.7,79.5,81.5,2545900,MSN
2023-09-05,82.3,82.4,81.3,81.5,1426200,MSN
2023-09-06,81.5,82.7,80.8,82.7,1831100,MSN
2023-09-07,83.5,83.9,82.0,82.0,2102600,MSN
2023-09-08,82.1,83.5,81.8,81.8,3064800,MSN
2023-09-11,82.1,82.4,79.6,79.6,3008800,MSN
2023-09-12,80.0,81.0,79.3,81.0,1513100,MSN
2023-09-13,81.0,81.4,79.9,80.1,1618400,MSN
2023-09-14,80.4,80.4,78.3,78.6,1810500,MSN
2023-09-15,78.8,80.7,78.4,79.7,2314600,MSN
2023-09-18,79.7,79.7,78.1,78.5,1009600,MSN
2023-09-19,78.3,79.4,78.0,79.0,1116700,MSN
2023-09-20,78.8,79.8,78.7,79.7,2339000,MSN
2023-09-21,79.5,80.1,78.5,78.8,1493900,MSN
2023-09-22,77.4,78.0,75.4,75.4,2281400,MSN
2023-09-25,75.0,75.4,70.3,70.3,3403100,MSN
2023-09-26,70.3,74.9,70.3,73.0,2269800,MSN
2023-09-27,73.0,76.0,72.6,76.0,2155500,MSN
2023-09-28,74.5,77.0,73.1,76.5,1700600,MSN
2023-09-29,76.5,76.5,75.2,76.3,1276500,MSN
2023-10-02,76.2,78.7,76.0,77.4,2722000,MSN
2023-10-03,77.4,77.4,74.0,74.0,2189000,MSN
2023-10-04,73.0,75.0,72.8,73.5,1448600,MSN
2023-10-05,73.6,74.8,72.8,72.8,877900,MSN
2023-10-06,72.7,72.9,71.0,72.7,2313000,MSN
2023-10-09,72.2,74.0,72.1,73.5,854300,MSN
2023-10-10,74.0,74.3,73.2,73.2,926500,MSN
2023-10-11,73.5,73.8,72.2,73.8,909700,MSN
2023-10-12,74.0,74.1,73.0,73.1,1055400,MSN
2023-10-13,72.5,73.5,71.6,72.7,1242300,MSN
2023-10-16,72.5,72.5,71.6,71.6,1004000,MSN
2023-10-17,72.0,72.3,71.0,71.0,727500,MSN
2023-10-18,71.0,71.5,67.5,68.3,1882700,MSN
2023-10-19,68.3,68.4,65.9,66.4,2406000,MSN
2023-10-20,66.4,69.0,65.9,69.0,1883100,MSN
2023-10-23,68.0,68.1,65.8,66.0,2129600,MSN
2023-10-24,66.2,67.3,64.9,66.9,1638700,MSN
2023-10-25,67.0,67.5,66.0,66.0,1385400,MSN
2023-10-26,64.8,64.8,61.4,61.4,3585400,MSN
2023-10-27,62.0,62.0,57.2,57.8,4376500,MSN
2023-10-30,56.0,59.2,56.0,58.0,2162100,MSN
2023-10-31,59.0,59.0,56.0,58.2,2913300,MSN
2023-11-01,58.2,59.5,57.0,59.5,1807900,MSN
2023-11-02,60.5,62.8,59.8,62.7,1571400,MSN
2023-11-03,63.0,63.9,61.7,63.9,1619400,MSN
2023-11-06,64.0,64.6,63.0,64.0,1132500,MSN
2023-11-07,64.0,64.0,62.0,62.0,1583400,MSN
2023-11-08,60.6,63.9,60.5,63.8,2102400,MSN
2023-11-09,63.9,64.5,62.7,62.8,1616400,MSN
2023-11-10,62.0,63.4,61.7,61.7,1581800,MSN
2023-11-13,62.0,62.9,61.0,62.0,1203300,MSN
2023-11-14,62.2,62.8,61.6,62.6,1533100,MSN
2023-11-15,63.6,66.9,63.5,65.8,3867100,MSN
2023-11-16,66.8,66.9,65.4,66.0,1450600,MSN
2023-11-17,66.7,67.0,63.4,64.1,2889900,MSN
2023-11-20,62.7,65.0,62.7,63.6,1336400,MSN
2023-11-21,64.9,64.9,63.6,64.6,1393000,MSN
2023-11-22,64.7,65.5,63.6,64.9,1764000,MSN
2023-11-23,65.5,65.5,63.3,63.3,1594500,MSN
2023-11-24,63.4,63.5,60.6,61.8,2092400,MSN
2023-11-27,62.0,62.3,60.9,60.9,1253800,MSN
2023-11-28,60.9,61.8,59.9,61.3,1182700,MSN
2023-11-29,61.5,63.0,61.5,62.9,1595200,MSN
2023-11-30,62.2,62.9,60.5,60.5,2262200,MSN
2023-12-01,61.0,61.8,60.8,61.5,1080400,MSN
2023-12-04,61.5,63.0,61.5,62.2,1303600,MSN
2023-12-05,62.3,62.4,61.4,61.4,1426500,MSN
2023-12-06,61.4,62.3,61.4,62.1,1534400,MSN
2023-12-07,62.2,64.2,62.1,63.5,3977500,MSN
2023-12-08,63.5,66.9,63.5,66.2,5420600,MSN
2023-12-11,66.8,68.0,66.7,67.5,2893500,MSN
2023-12-12,67.7,67.7,65.7,66.2,3134200,MSN
2023-12-13,66.5,67.4,65.7,65.8,2727000,MSN
2023-12-14,66.3,66.5,64.8,65.0,1750100,MSN
2023-12-15,65.0,65.0,63.0,63.0,4208100,MSN
2023-12-18,63.2,63.8,62.6,62.9,1640800,MSN
2023-12-19,62.9,63.5,61.8,62.2,2055200,MSN
2023-12-20,62.8,64.0,62.5,63.9,1625900,MSN
2023-12-21,63.0,64.4,63.0,63.7,1375900,MSN
2023-12-22,64.0,64.2,63.0,63.0,2188600,MSN
2023-12-25,63.2,66.5,63.2,66.4,3234900,MSN
2023-12-26,66.9,66.9,65.6,66.2,2681200,MSN
2023-12-27,66.2,67.9,66.0,67.0,2866200,MSN
2023-12-28,67.1,67.6,66.6,67.0,1859800,MSN
2023-12-29,67.1,68.3,67.0,67.0,2217700,MSN
2024-01-02,67.7,69.3,67.3,68.4,3624100,MSN
2024-01-03,68.0,68.9,67.7,68.9,1720500,MSN
2024-01-04,69.0,69.1,68.1,68.1,2526000,MSN
2024-01-05,68.2,68.3,66.6,67.9,3405400,MSN
2024-01-08,68.0,68.0,66.6,66.6,2683300,MSN
2024-01-09,66.7,67.4,66.0,66.1,2177500,MSN
2024-01-10,66.2,67.5,66.1,66.2,1883100,MSN
2024-01-11,66.4,66.9,66.0,66.1,2173000,MSN
2024-01-12,66.0,66.0,64.8,64.8,2390500,MSN
2024-01-15,65.3,66.1,65.2,65.6,1312000,MSN
2024-01-16,65.6,67.3,65.3,67.1,1938100,MSN
2024-01-17,67.1,67.5,66.3,66.3,1904200,MSN
2024-01-18,66.4,67.0,66.4,66.4,1290100,MSN
2024-01-19,66.7,68.4,66.7,67.8,3305300,MSN
2024-01-22,68.5,68.5,67.0,67.7,1775900,MSN
2024-01-23,67.8,67.8,66.5,67.5,2445600,MSN
2024-01-24,67.0,67.5,66.2,66.2,2446900,MSN
2024-01-25,66.4,66.8,66.1,66.8,1161400,MSN
2024-01-26,67.0,67.0,65.8,65.8,1936600,MSN
2024-01-29,66.0,66.4,65.5,65.6,1429100,MSN
2024-01-30,65.6,66.6,65.6,66.1,1170700,MSN
2024-01-31,66.5,66.6,64.4,64.4,2589000,MSN
2024-02-01,64.4,65.5,64.4,65.1,1692500,MSN
2024-02-02,65.6,65.6,65.0,65.4,1607400,MSN
2024-02-05,65.4,65.7,64.7,64.9,1612700,MSN
2024-02-06,65.3,65.3,64.7,64.8,1607300,MSN
2024-02-07,65.0,65.3,64.6,64.9,1352400,MSN
2024-02-15,65.0,65.7,64.9,64.9,2030300,MSN
2024-02-16,65.1,66.4,65.1,66.2,2714100,MSN
2024-02-19,66.5,69.4,66.5,68.9,7833600,MSN
2024-02-20,69.7,69.7,68.2,68.8,3375900,MSN
2024-02-21,68.8,68.9,67.7,68.0,3336800,MSN
2024-02-22,68.1,69.3,67.8,68.1,4149500,MSN
2024-02-23,68.3,68.9,66.6,66.7,4792400,MSN
2024-02-26,66.7,67.4,66.1,66.7,2921700,MSN
2024-02-27,66.7,68.2,66.7,67.6,3037600,MSN
2024-02-28,68.0,68.4,67.7,68.3,3481000,MSN
2024-02-29,69.4,71.5,69.1,70.4,8297600,MSN
2024-03-01,70.4,71.2,70.0,70.5,3757800,MSN
2024-03-04,70.7,71.1,69.9,70.8,5315800,MSN
2024-03-05,71.2,75.7,70.9,75.7,12999600,MSN
2024-03-06,76.8,77.8,75.7,76.9,6843400,MSN
2024-03-07,77.0,80.8,76.4,80.8,8721100,MSN
2024-03-08,81.0,81.0,78.0,78.5,7454600,MSN
2024-03-11,78.5,81.1,76.6,77.5,7103800,MSN
2024-03-12,77.5,79.4,77.2,78.7,5975700,MSN
2024-03-13,79.0,81.0,78.9,80.9,7035500,MSN
2024-03-14,81.5,81.6,78.7,78.9,6416700,MSN
2024-03-15,78.3,79.2,76.8,78.5,6908900,MSN
2024-03-18,77.8,78.9,73.9,77.9,7516900,MSN
2024-03-19,77.9,79.4,77.2,77.4,3129300,MSN
2024-03-20,77.4,77.8,76.5,77.3,4238700,MSN
2024-03-21,78.5,78.8,77.6,78.0,4982600,MSN
2024-03-22,79.3,80.9,78.3,78.5,6018700,MSN
2024-03-25,78.0,78.5,75.4,75.5,8724000,MSN
2024-03-26,75.9,76.2,74.0,74.0,6370600,MSN
2024-03-27,75.0,76.1,74.1,75.4,6073600,MSN
2024-03-28,76.9,77.7,75.7,76.0,6237000,MSN
2024-03-29,76.5,76.5,74.2,74.2,8324900,MSN
2024-04-01,74.4,74.9,72.6,73.4,7701100,MSN
2024-04-02,73.4,75.0,73.3,74.5,3738600,MSN
2024-04-03,74.5,75.4,73.2,73.4,4986800,MSN
2024-04-04,73.1,74.5,73.0,73.4,3739000,MSN
2024-04-05,72.8,73.2,71.9,71.9,5609400,MSN
2024-04-08,72.1,72.8,71.7,71.9,2804400,MSN
2024-04-09,72.4,73.5,72.2,73.5,4123400,MSN
2024-04-10,73.5,73.9,72.5,72.5,3030600,MSN
2024-04-11,71.9,72.2,71.5,71.8,3576900,MSN
2024-04-12,71.8,72.6,71.7,71.9,3572900,MSN
2024-04-15,71.9,71.9,66.9,66.9,10945300,MSN
2024-04-16,66.9,67.4,64.6,66.1,8049800,MSN
2024-04-17,66.4,68.9,65.5,66.8,7216500,MSN
2024-04-19,66.0,67.9,65.9,66.5,4767700,MSN
2024-04-22,67.3,67.5,66.7,66.9,2931700,MSN
2024-04-23,67.7,67.7,64.5,64.7,5047400,MSN
2024-04-24,65.5,67.5,65.2,66.9,3276700,MSN
2024-04-25,67.2,68.5,66.2,68.1,6074900,MSN
2024-04-26,67.5,68.3,67.1,67.2,3593000,MSN
2024-05-02,67.8,68.0,67.1,68.0,2279400,MSN
2024-05-03,68.6,70.9,68.1,69.8,7049300,MSN
2024-05-06,70.7,71.3,70.1,71.1,5105300,MSN
2024-05-07,71.4,71.5,70.5,71.2,3244000,MSN
2024-05-08,70.9,73.2,70.2,72.3,6123100,MSN
2024-05-09,72.1,73.8,70.6,71.4,7165500,MSN
2024-05-10,71.4,71.9,70.6,70.8,3714800,MSN
2024-05-13,70.9,71.7,70.3,70.8,2571500,MSN
2024-05-14,71.0,71.4,70.1,70.6,3692100,MSN
2024-05-15,72.0,73.3,71.9,72.2,6888800,MSN
2024-05-16,72.9,73.0,72.0,72.4,4045400,MSN
2024-05-17,72.6,76.0,72.4,75.5,12300700,MSN
2024-05-20,76.5,77.3,75.7,76.4,7869900,MSN
2024-05-21,76.2,76.5,74.9,75.8,5878600,MSN
2024-05-22,76.0,76.4,73.8,73.9,8354500,MSN
2024-05-23,73.9,75.8,73.2,75.8,6128100,MSN
2024-05-24,75.5,76.3,73.1,73.5,7669800,MSN
2024-05-27,73.5,74.0,72.7,73.5,3881500,MSN
2024-05-28,74.2,75.5,73.8,75.5,5100400,MSN
2024-05-29,75.7,76.9,75.0,75.0,8003700,MSN
2024-05-30,74.3,77.4,74.1,77.2,11161400,MSN
2024-05-31,78.0,78.4,76.6,76.6,5592200,MSN
2024-06-03,77.3,78.5,76.8,77.7,6570000,MSN
2024-06-04,78.0,78.0,77.1,77.5,4403700,MSN
2024-06-05,77.5,79.4,77.5,78.1,7549800,MSN
2024-06-06,78.4,78.8,77.5,78.1,4727200,MSN
2024-06-07,78.5,78.6,77.0,77.6,4621100,MSN
2024-06-10,77.6,78.0,76.8,77.1,5324000,MSN
2024-06-11,77.2,77.5,75.7,75.8,6573500,MSN
2024-06-12,76.0,78.1,76.0,77.8,5837700,MSN
2024-06-13,78.5,78.8,78.0,78.6,6210400,MSN
2024-06-14,78.7,80.3,78.0,78.0,9028100,MSN
2024-06-17,78.0,78.0,76.2,76.2,6242500,MSN
2024-06-18,76.2,77.3,76.2,76.2,4126300,MSN
2024-06-19,76.7,76.7,74.9,75.6,6657600,MSN
2024-06-20,75.6,76.2,75.1,75.8,4159400,MSN
2024-06-21,75.8,77.5,75.5,76.2,3974100,MSN
2024-06-24,75.5,76.3,73.7,73.7,8305600,MSN
2024-06-25,74.2,74.5,73.6,73.9,5262400,MSN
2024-06-26,73.9,74.5,73.1,74.0,3527400,MSN
2024-06-27,73.9,75.2,73.6,74.5,3765600,MSN
2024-06-28,74.6,76.2,74.5,74.7,6405900,MSN
2024-07-01,74.7,76.2,74.7,76.0,2944600,MSN
2024-07-02,76.1,76.8,76.0,76.3,2695600,MSN
2024-07-03,76.5,76.6,75.8,76.5,2551200,MSN
2024-07-04,76.9,77.8,76.5,76.8,6265500,MSN
2024-07-05,77.0,77.0,76.3,76.7,2539100,MSN
2024-07-08,77.0,77.0,75.7,76.2,5961700,MSN
2024-07-09,76.2,76.5,75.5,76.5,5982100,MSN
2024-07-10,76.6,77.5,76.4,76.8,5381900,MSN
2024-07-11,77.2,77.2,75.8,75.8,3833600,MSN
2024-07-12,75.8,76.1,74.6,74.8,4442000,MSN
2024-07-15,74.8,75.0,74.2,74.5,2888200,MSN
2024-07-16,74.7,75.3,73.8,74.0,4286400,MSN
2024-07-17,74.3,74.3,71.0,71.8,5875500,MSN
2024-07-18,71.8,72.3,70.2,71.2,7523700,MSN
2024-07-19,71.5,71.6,70.7,71.0,4785600,MSN
2024-07-22,71.1,72.6,70.4,72.2,4068800,MSN
2024-07-23,72.4,72.4,70.1,71.0,3375900,MSN
2024-07-24,70.8,72.2,70.2,71.5,3435000,MSN
2024-07-25,71.1,71.4,70.8,71.0,1645300,MSN
2024-07-26,71.0,74.0,71.0,74.0,7229400,MSN
2024-07-29,74.8,74.9,73.7,74.0,3719200,MSN
2024-07-30,74.0,75.3,73.8,74.6,5717400,MSN
2024-07-31,75.0,75.0,74.1,74.1,3565400,MSN
2024-08-01,74.1,74.9,70.8,71.8,7659500,MSN
2024-08-02,71.0,73.2,71.0,72.2,5314700,MSN
2024-08-05,71.3,72.7,70.2,70.5,6260600,MSN
2024-08-06,71.0,73.4,70.5,73.2,5272100,MSN
2024-08-07,73.3,73.5,72.2,73.0,3653400,MSN
2024-08-08,73.0,75.6,72.7,74.5,9533100,MSN
2024-08-09,74.6,75.3,74.5,75.2,3965800,MSN
2024-08-12,75.5,76.2,74.3,75.2,4458500,MSN
2024-08-13,75.0,75.2,73.8,74.8,4760200,MSN
2024-08-14,75.2,77.3,74.9,76.5,10253700,MSN
2024-08-15,76.7,76.7,75.0,75.0,3319900,MSN
2024-08-16,75.4,77.5,75.2,77.3,8146700,MSN
2024-08-19,77.8,79.0,77.1,77.8,5460700,MSN
2024-08-20,77.7,79.1,77.5,77.6,5748400,MSN
2024-08-21,77.6,78.5,77.1,77.5,4523300,MSN
2024-08-22,77.7,79.6,77.3,78.0,6729800,MSN
2024-08-23,78.4,79.0,77.4,77.9,4063000,MSN
2024-08-26,78.1,78.2,76.2,76.2,7989100,MSN
2024-08-27,76.3,76.8,75.6,76.8,5246000,MSN
2024-08-28,77.0,77.9,76.8,77.1,4558700,MSN
2024-08-29,77.4,77.5,76.8,76.9,1890900,MSN
2024-08-30,77.1,77.6,76.5,76.5,3214000,MSN
2024-09-04,75.3,76.0,75.2,75.3,4905100,MSN
2024-09-05,75.2,75.9,74.1,74.1,5019900,MSN
2024-09-06,74.2,76.0,74.0,76.0,4443500,MSN
2024-09-09,75.8,75.9,75.1,75.4,3747400,MSN
2024-09-10,75.5,77.0,75.2,75.2,5918100,MSN
2024-09-11,75.2,75.7,74.8,75.1,2637200,MSN
2024-09-12,75.6,75.8,74.9,75.1,1664500,MSN
2024-09-13,75.1,75.4,74.2,74.2,2857800,MSN
2024-09-16,74.2,74.6,72.8,72.9,5065500,MSN
2024-09-17,73.0,74.5,72.8,74.5,2785100,MSN
2024-09-18,74.7,75.3,74.4,74.4,2719900,MSN
2024-09-19,74.5,74.6,74.0,74.4,2663300,MSN
2024-09-20,75.0,75.7,74.6,74.7,4014300,MSN
2024-09-23,74.7,75.3,74.4,74.4,1836800,MSN
2024-09-24,74.4,74.8,74.0,74.8,3044400,MSN
2024-09-25,75.1,75.8,75.1,75.5,5135300,MSN
2024-09-26,75.8,76.4,75.7,76.1,4617400,MSN
2024-09-27,76.3,76.4,75.2,75.9,3725200,MSN
2024-09-30,75.9,76.6,75.6,75.7,3473400,MSN
2024-10-01,75.8,77.4,75.8,76.6,6912000,MSN
2024-10-02,76.3,76.5,76.0,76.0,2345800,MSN
2024-10-03,76.0,77.3,76.0,76.0,7165200,MSN
2024-10-04,76.0,76.4,75.5,75.6,3189400,MSN
2024-10-07,76.0,76.3,74.5,74.8,4123200,MSN
2024-10-08,75.0,75.4,74.6,75.2,2771300,MSN
2024-10-09,75.3,77.1,75.1,77.0,8346300,MSN
2024-10-10,78.0,80.5,77.9,80.0,19870800,MSN
2024-10-11,80.2,81.1,79.5,81.1,6900400,MSN
2024-10-14,82.0,82.1,80.1,80.3,5907400,MSN
2024-10-15,80.3,81.5,80.2,80.8,6647800,MSN
2024-10-16,80.8,82.3,80.0,80.4,8064600,MSN
2024-10-17,80.6,81.0,79.3,81.0,5878300,MSN
2024-10-18,81.3,81.4,80.3,80.4,5100500,MSN
2024-10-21,80.1,81.2,79.7,80.2,5181300,MSN
2024-10-22,80.0,80.4,78.5,78.9,7311300,MSN
2024-10-23,79.0,80.1,78.3,79.4,4189400,MSN
2024-10-24,79.5,80.6,78.5,78.5,5506000,MSN
2024-10-25,79.1,79.3,77.2,77.2,10132900,MSN
2024-10-28,77.2,77.9,76.3,77.9,5735500,MSN
2024-10-29,78.1,78.2,77.3,78.0,3292200,MSN
2024-10-30,78.0,78.1,76.8,78.1,5638600,MSN
2024-10-31,77.3,77.4,76.0,76.6,8540200,MSN
2024-11-01,76.1,76.4,74.2,74.5,13047900,MSN
2024-11-04,74.5,74.7,73.1,73.2,8323700,MSN
2024-11-05,73.2,73.7,73.0,73.1,4967700,MSN
2024-11-06,73.5,74.4,73.3,74.2,6268000,MSN
2024-11-07,74.3,74.4,73.3,73.3,4433800,MSN
2024-11-08,73.3,73.6,72.2,72.3,7811800,MSN
2024-11-11,72.3,73.7,71.3,73.5,8238800,MSN
2024-11-12,73.5,73.9,72.4,72.5,3990400,MSN
2024-11-13,72.3,73.1,71.9,73.0,4122600,MSN
2024-11-14,72.6,73.2,71.4,71.4,4521100,MSN
2024-11-15,71.1,71.7,70.6,70.6,5685500,MSN
2024-11-18,70.6,71.1,69.3,70.3,5225100,MSN
2024-11-19,70.6,71.4,70.0,70.0,3920200,MSN
2024-11-20,69.9,70.9,69.1,70.3,3919900,MSN
2024-11-21,70.5,71.5,70.1,71.3,3799900,MSN
2024-11-22,71.3,71.6,70.8,71.0,3658600,MSN
2024-11-25,71.2,72.5,71.0,72.2,4915500,MSN
2024-11-26,72.3,73.1,72.1,72.7,4756300,MSN
2024-11-27,72.5,72.9,72.4,72.7,2239300,MSN
2024-11-28,72.9,73.0,72.2,72.4,3106100,MSN
2024-11-29,72.5,73.6,72.2,73.2,4424300,MSN
2024-12-02,73.2,73.5,72.5,72.6,2724700,MSN
2024-12-03,72.4,73.0,72.4,72.7,2928400,MSN
2024-12-04,72.5,72.5,71.4,72.1,4106400,MSN
2024-12-05,71.9,73.7,71.8,73.7,5390800,MSN
2024-12-06,74.1,74.2,73.2,73.4,5635400,MSN
2024-12-09,73.4,73.6,73.1,73.2,2810900,MSN
2024-12-10,73.0,73.3,72.7,72.7,2512300,MSN
2024-12-11,73.0,73.7,72.2,72.7,2857600,MSN
2024-12-12,72.5,72.7,72.1,72.1,2674500,MSN
2024-12-13,72.0,72.0,71.0,71.1,3536600,MSN
2024-12-16,71.2,71.7,70.9,71.1,2462600,MSN
2024-12-17,71.0,71.3,71.0,71.0,1652300,MSN
2024-12-18,71.1,71.4,71.0,71.4,2486900,MSN
2024-12-19,71.0,71.2,70.3,70.4,3513100,MSN
2024-12-20,70.5,70.6,70.0,70.3,2753800,MSN
2024-12-23,70.9,71.0,70.3,70.3,1755400,MSN
2024-12-24,70.4,70.6,69.9,70.2,3833400,MSN
2024-12-25,70.2,71.2,70.2,70.7,3713100,MSN
2024-12-26,71.1,71.3,70.5,70.5,2134200,MSN
2024-12-27,70.5,71.1,70.4,70.4,2398100,MSN
2024-12-30,70.3,70.8,70.0,70.1,1654300,MSN
2024-12-31,70.2,70.8,70.0,70.0,2800400,MSN
2025-01-02,70.1,70.9,70.0,70.8,2326400,MSN
2025-01-03,70.8,70.8,69.6,69.7,2679200,MSN
2025-01-06,69.8,70.2,67.2,67.2,5156900,MSN
2025-01-07,67.3,68.2,66.5,66.8,5735600,MSN
2025-01-08,66.9,68.0,66.6,67.7,2812900,MSN
2025-01-09,67.8,68.1,66.8,67.3,1886700,MSN
2025-01-10,67.3,67.4,65.5,65.5,2905200,MSN
2025-01-13,65.4,65.5,64.4,65.0,3672000,MSN
2025-01-14,65.0,65.3,63.7,63.7,3586600,MSN
2025-01-15,64.5,66.4,64.0,65.8,4159100,MSN
2025-01-16,66.5,66.5,65.3,66.3,2458700,MSN
2025-01-17,66.3,66.4,65.7,65.9,1689700,MSN
2025-01-20,66.0,66.3,65.5,65.5,1814200,MSN
2025-01-21,65.6,66.4,65.4,65.7,2258500,MSN
2025-01-22,65.8,66.2,65.2,65.2,2338800,MSN
2025-01-23,65.3,66.1,65.2,65.4,3685200,MSN
2025-01-24,65.5,68.0,65.4,68.0,6680300,MSN
2025-02-03,67.8,68.4,67.0,68.0,4360300,MSN
2025-02-04,68.1,68.8,68.1,68.6,3948000,MSN
2025-02-05,68.7,68.7,67.3,67.5,4852700,MSN
2025-02-06,67.5,68.1,67.2,67.4,2799000,MSN
2025-02-07,67.7,68.0,67.2,67.7,2265600,MSN
2025-02-10,67.8,69.7,67.8,68.8,6909800,MSN
2025-02-11,68.8,68.9,68.1,68.7,2435600,MSN
2025-02-12,68.7,69.1,68.3,69.0,2088500,MSN
2025-02-13,68.8,69.0,68.3,68.9,1824000,MSN
2025-02-14,69.2,69.4,67.8,68.1,2983400,MSN
2025-02-17,68.1,68.4,66.2,66.4,5693000,MSN
2025-02-18,66.4,67.2,66.0,66.4,2602400,MSN
2025-02-19,66.6,67.7,66.6,67.7,3261800,MSN
2025-02-20,68.0,68.0,67.5,68.0,2935400,MSN
2025-02-21,68.0,68.0,67.2,67.6,2315500,MSN
2025-02-24,67.2,67.7,66.8,67.6,3245600,MSN
2025-02-25,67.8,68.9,67.8,68.4,5119200,MSN
2025-02-26,68.4,68.6,68.0,68.3,2082800,MSN
2025-02-27,68.5,69.3,68.2,68.4,4565500,MSN
2025-02-28,68.4,68.5,67.5,67.7,3925400,MSN
2025-03-03,67.8,68.4,67.7,68.0,2758100,MSN
2025-03-04,68.0,69.1,67.4,69.1,5946400,MSN
2025-03-05,69.3,70.2,68.2,68.2,6222600,MSN
2025-03-06,68.4,69.2,68.2,69.2,4342500,MSN
2025-03-07,69.2,70.0,68.4,69.0,4410100,MSN
2025-03-10,69.0,69.9,68.7,68.9,5117800,MSN
2025-03-11,68.2,68.9,68.1,68.9,4533500,MSN
2025-03-12,68.9,69.7,68.7,68.7,4987800,MSN
2025-03-13,68.7,71.2,68.7,70.4,11573600,MSN
2025-03-14,70.5,71.9,70.4,71.1,7301100,MSN
2025-03-17,71.4,71.4,70.3,70.5,4528900,MSN
2025-03-18,70.7,71.3,69.6,69.6,6175200,MSN
2025-03-19,69.5,69.6,68.5,68.5,6651600,MSN
2025-03-20,68.5,69.1,68.2,68.4,3437000,MSN
2025-03-21,68.6,68.6,67.5,67.9,3804100,MSN
2025-03-24,67.8,68.8,67.8,68.5,2426900,MSN
2025-03-25,68.5,69.0,68.1,68.5,2767600,MSN
2025-03-26,68.6,69.6,68.3,68.3,3801800,MSN
2025-03-27,68.6,70.7,68.5,69.4,7235300,MSN
2025-03-28,69.4,69.6,68.3,68.5,3797400,MSN
2025-03-31,68.5,69.7,66.8,66.8,6976700,MSN
2025-04-01,67.8,67.8,65.6,66.2,6498900,MSN
2025-04-02,66.7,67.0,66.0,66.0,3637800,MSN
2025-04-03,63.0,63.9,61.4,61.4,10609500,MSN
2025-04-04,57.2,58.7,57.2,58.0,14296500,MSN
2025-04-08,55.1,56.8,54.0,54.0,5452200,MSN
2025-04-09,50.3,52.9,50.3,50.3,13474100,MSN
2025-04-10,53.8,53.8,53.8,53.8,491600,MSN
2025-04-11,55.4,57.5,53.1,57.1,14118700,MSN
2025-04-14,57.7,60.3,56.9,60.0,7927500,MSN
2025-04-15,59.0,60.9,58.1,58.5,6076700,MSN
2025-04-16,58.3,58.8,56.4,56.4,6391100,MSN
2025-04-17,55.0,57.6,55.0,57.3,4980400,MSN
2025-04-18,57.9,59.0,57.9,58.0,3630300,MSN
2025-04-21,58.0,58.5,56.9,58.1,3787400,MSN
2025-04-22,57.5,59.1,54.1,58.7,9268700,MSN
2025-04-23,59.7,59.9,58.9,59.6,5295500,MSN
2025-04-24,60.0,60.0,58.3,59.9,4948200,MSN
2025-04-25,60.0,62.0,59.9,62.0,10545400,MSN
2025-04-28,62.4,62.5,61.0,62.5,4247600,MSN
2025-04-29,61.8,62.5,61.8,62.5,3854100,MSN
2025-05-05,62.5,62.6,62.1,62.5,2950500,MSN
2025-05-06,62.4,62.4,61.8,62.0,3955400,MSN
2025-05-07,61.6,61.8,60.9,60.9,3353100,MSN
2025-05-08,61.0,63.0,60.7,63.0,4439500,MSN
2025-05-09,63.0,63.0,62.2,62.8,3321700,MSN
2025-05-12,62.8,63.3,62.0,62.0,3820500,MSN
2025-05-13,62.4,63.2,62.1,62.1,4735700,MSN
2025-05-14,62.3,63.7,62.2,62.3,5676400,MSN
2025-05-15,62.6,63.5,62.4,62.8,5773200,MSN
2025-05-16,62.6,63.0,61.7,62.5,5901500,MSN
2025-05-19,62.4,62.4,61.4,62.0,6012400,MSN
2025-05-20,62.0,63.1,61.5,62.7,5378500,MSN
2025-05-21,63.1,64.3,63.1,63.6,8645400,MSN
2025-05-22,63.6,64.6,63.2,64.0,7955100,MSN
2025-05-23,64.0,64.3,62.7,63.2,4290900,MSN
2025-05-26,63.2,63.8,61.5,63.8,4405400,MSN
2025-05-27,63.9,64.8,63.5,64.0,4747700,MSN
2025-05-28,64.1,64.5,63.5,63.9,4017900,MSN
2025-05-29,64.1,64.2,62.9,63.4,3507500,MSN
2025-05-30,63.0,63.1,62.0,62.0,4024000,MSN
2025-06-02,62.0,62.5,61.7,62.1,2287700,MSN
2025-06-03,62.3,63.6,62.3,63.3,4281300,MSN
2025-06-04,63.5,64.4,63.0,64.1,6891000,MSN
2025-06-05,64.4,65.8,63.9,65.8,11745400,MSN
2025-06-06,65.9,66.4,64.7,65.0,4122600,MSN
2025-06-09,65.0,65.0,63.5,64.1,5031500,MSN
2025-06-10,64.5,65.5,64.1,64.8,5622000,MSN
2025-06-11,64.8,65.2,64.1,64.8,2850500,MSN
2025-06-12,65.3,66.0,65.2,65.8,6866200,MSN
2025-06-13,65.0,65.4,64.3,65.4,5911100,MSN
2025-06-16,65.7,67.0,65.4,66.8,7846900,MSN
2025-06-17,67.0,67.9,66.2,67.9,5760000,MSN
2025-06-18,67.9,67.9,66.6,67.5,5472800,MSN
2025-06-19,67.0,67.5,66.1,67.5,5629600,MSN
2025-06-20,67.4,67.6,66.8,67.5,6005100,MSN
2025-06-23,66.8,68.0,66.2,68.0,5818700,MSN
2025-06-24,68.9,69.3,68.3,69.2,6555800,MSN
2025-06-25,69.7,70.4,69.1,70.3,7935800,MSN
2025-06-26,70.4,72.0,70.2,72.0,8616800,MSN
2025-06-27,72.3,76.9,72.0,76.8,14084900,MSN
2025-06-30,76.6,77.4,76.0,76.8,8361100,MSN
2025-07-01,76.2,76.7,74.9,75.2,6823100,MSN
2025-07-02,75.0,76.3,74.6,75.2,4787500,MSN
2025-07-03,74.8,76.3,74.1,74.5,5988200,MSN
2025-07-04,74.7,75.0,73.7,74.6,4470400,MSN
2025-07-07,75.0,75.7,74.3,74.8,5874900,MSN
2025-07-08,74.9,76.2,74.6,75.6,7088700,MSN
2025-07-09,76.5,76.5,75.4,75.8,7231700,MSN
2025-07-10,76.0,78.4,75.9,76.9,12326900,MSN
2025-07-11,76.8,77.5,76.1,76.5,8284200,MSN
2025-07-14,76.9,77.1,74.6,75.3,6527400,MSN
2025-07-15,75.3,76.7,74.5,74.5,8071700,MSN
2025-07-16,74.3,75.5,74.0,75.0,6128400,MSN
2025-07-17,75.8,77.3,75.6,76.2,10772700,MSN
2025-07-18,76.5,81.0,76.5,79.1,14574300,MSN
2025-07-21,79.6,79.8,77.5,77.5,7866900,MSN
2025-07-22,77.3,78.4,76.6,77.7,7375500,MSN
2025-07-23,78.7,79.3,77.2,77.3,8228200,MSN
2025-07-24,77.5,77.5,75.4,76.0,16440600,MSN
2025-07-25,76.0,77.2,75.5,75.8,8684800,MSN
2025-07-28,76.2,78.6,75.9,77.6,12672700,MSN
2025-07-29,78.5,78.5,72.2,72.2,16023900,MSN
2025-07-30,73.0,73.5,71.0,73.0,9483500,MSN
2025-07-31,73.1,73.4,70.8,72.5,9176600,MSN
2025-08-01,72.3,72.5,71.1,72.5,5598500,MSN
2025-08-04,72.1,74.0,71.8,73.9,5917800,MSN
2025-08-05,74.0,77.2,73.5,74.6,18436200,MSN
2025-08-06,75.6,76.8,75.2,76.0,9656300,MSN
2025-08-07,76.4,77.8,75.8,76.2,9815900,MSN
2025-08-08,76.5,77.7,75.6,76.7,11377400,MSN
2025-08-11,77.9,82.0,77.8,82.0,29731100,MSN
2025-08-12,85.0,86.0,82.3,83.6,13213200,MSN
2025-08-13,84.4,87.4,82.1,85.9,24211400,MSN
2025-08-14,86.6,86.8,83.8,84.8,13527300,MSN
2025-08-15,84.8,86.2,82.7,83.1,13662000,MSN
2025-08-18,83.1,84.4,83.0,83.9,8972500,MSN
2025-08-19,84.5,86.5,83.2,85.0,14531000,MSN
2025-08-20,86.8,87.4,81.0,83.9,19059400,MSN
2025-08-21,83.9,84.8,83.3,84.3,9701000,MSN
2025-08-22,83.0,83.4,79.7,81.0,18642000,MSN
2025-08-25,81.3,81.8,78.3,79.5,10287200,MSN
2025-08-26,78.7,81.1,78.2,81.1,8579900,MSN
2025-08-27,81.3,82.8,81.2,82.2,8098600,MSN
2025-08-28,82.5,83.3,81.9,83.1,6539900,MSN
2025-08-29,83.2,83.6,82.2,83.0,7420100,MSN
2025-09-03,83.5,85.3,82.9,83.0,9531800,MSN
2025-09-04,83.5,85.3,82.0,84.8,13228500,MSN
2025-09-05,86.3,87.4,83.0,83.0,12005700,MSN
2025-09-08,82.6,83.3,80.0,81.0,13945500,MSN
2025-09-09,81.0,81.3,79.8,81.0,6003800,MSN
2025-09-10,81.4,81.4,80.0,81.0,4256100,MSN
2025-09-11,80.8,82.3,79.1,82.0,10202400,MSN
2025-09-12,82.3,86.9,81.6,86.0,21808200,MSN
2025-09-15,86.8,89.0,86.3,88.5,16596700,MSN
2025-09-16,89.0,89.0,86.8,86.8,13155500,MSN
2025-09-17,86.6,86.9,84.2,84.2,11516500,MSN
2025-09-18,84.4,85.2,83.5,84.0,6725200,MSN
2025-09-19,84.6,84.7,83.3,83.9,10383000,MSN
2025-09-22,83.9,84.0,81.0,81.9,8824400,MSN
2025-09-23,81.9,82.6,81.5,81.9,3808100,MSN
2025-09-24,82.0,83.7,81.1,82.9,5235500,MSN
2025-09-25,83.5,83.6,82.2,82.2,4585800,MSN
2025-09-26,82.2,83.5,82.0,82.2,6728100,MSN
2025-09-29,82.2,82.5,81.3,81.8,4298200,MSN
2025-09-30,82.0,82.0,80.5,81.0,4726100,MSN
2025-10-01,81.1,82.3,81.1,81.3,3192800,MSN
2025-10-02,81.5,82.1,81.0,81.5,3777300,MSN
2025-10-03,81.2,81.2,79.4,80.0,6475000,MSN
2025-10-06,81.4,83.3,81.0,83.0,8979600,MSN
2025-10-07,83.3,83.4,82.5,82.5,5203300,MSN
2025-10-08,83.7,84.4,82.6,82.6,11323000,MSN
2025-10-09,82.9,84.2,82.7,83.1,7329600,MSN
2025-10-10,83.5,84.2,83.0,84.1,13452100,MSN
2025-10-13,83.6,85.8,83.6,85.0,12632300,MSN
2025-10-14,85.6,85.6,82.5,82.5,12780300,MSN
2025-10-15,83.0,83.7,82.5,82.5,6589100,MSN
2025-10-16,85.0,88.2,84.8,88.2,17212400,MSN
2025-10-17,91.4,94.0,88.0,88.0,32812700,MSN
2025-10-20,87.0,88.8,81.9,81.9,31684600,MSN
2025-10-21,79.9,80.0,76.2,78.0,28573200,MSN
2025-10-22,79.9,80.6,77.4,79.0,13805300,MSN
2025-10-23,79.6,80.0,77.6,78.2,9732300,MSN
2025-10-24,77.9,79.5,75.7,79.3,13522400,MSN
2025-10-27,79.6,79.8,77.4,78.5,7509000,MSN
2025-10-28,78.6,79.0,76.2,79.0,7889400,MSN
2025-10-29,79.1,80.6,78.5,79.2,8381100,MSN
2025-10-30,79.7,80.6,79.3,79.3,6826300,MSN
2025-10-31,79.4,80.8,79.0,79.6,6477800,MSN
2025-11-03,79.6,79.8,77.0,77.0,7670000,MSN
2025-11-04,76.8,80.5,74.4,80.0,12598000,MSN
2025-11-05,79.9,81.5,79.1,80.2,8834200,MSN
2025-11-06,80.1,80.1,78.8,78.8,4652600,MSN
2025-11-07,78.2,79.7,76.8,76.8,7306800,MSN
2025-11-10,77.1,78.3,76.0,76.0,5025900,MSN
2025-11-11,76.5,78.9,76.4,78.2,7667500,MSN
2025-11-12,78.5,79.5,78.3,79.2,5010800,MSN
2025-11-13,79.3,79.7,78.9,79.0,4590600,MSN
2025-11-14,78.6,79.3,77.6,78.0,5137900,MSN
2025-11-17,78.8,80.0,78.3,79.7,5528700,MSN
2025-11-18,79.8,80.3,78.5,79.0,4594500,MSN
2025-11-19,79.0,79.6,78.5,78.8,3470500,MSN
2025-11-20,78.9,79.1,78.5,78.5,3398600,MSN
2025-11-21,78.4,78.4,77.2,77.5,4020000,MSN
2025-11-24,77.7,79.0,77.7,77.8,3380300,MSN
2025-11-25,78.0,78.7,77.0,77.0,3736600,MSN
2025-11-26,77.5,78.6,77.3,78.6,3197800,MSN
2025-11-27,78.9,79.8,78.4,78.5,4485400,MSN
2025-11-28,78.8,79.0,77.4,77.4,4238900,MSN
2025-12-01,77.8,79.2,77.7,78.8,5362600,MSN
2025-12-02,78.9,79.5,78.0,78.6,4648900,MSN
2025-12-03,79.2,81.2,78.9,80.6,12175800,MSN
2025-12-04,81.3,81.3,79.9,79.9,5309300,MSN
2025-12-05,80.2,80.6,78.2,78.2,6658500,MSN
2025-12-08,78.0,78.8,77.9,77.9,4073000,MSN
2025-12-09,77.9,78.0,76.6,77.0,6841600,MSN
2025-12-10,77.1,77.4,76.6,77.0,3186100,MSN
2025-12-11,77.4,77.6,76.0,76.1,3520000,MSN
2025-12-12,76.5,76.6,73.1,73.5,8979200,MSN
2025-12-15,73.2,74.3,73.0,73.5,4188700,MSN
2025-12-16,73.9,75.2,73.0,74.5,4400000,MSN
2025-12-17,74.6,75.0,74.0,74.0,3573600,MSN
2025-12-18,74.4,74.4,73.5,74.0,3135400,MSN
2025-12-19,74.3,75.8,74.0,75.8,4350100,MSN
2025-12-22,76.0,76.2,75.5,76.0,3463700,MSN
2025-12-23,76.3,77.3,75.6,76.1,5203600,MSN
2025-12-24,75.6,76.2,75.1,76.2,3229900,MSN
2025-12-25,76.5,77.0,76.0,76.3,3230800,MSN
2025-12-26,76.0,76.0,73.1,75.3,6065600,MSN
2025-12-29,75.3,75.5,74.6,75.5,2513400,MSN
2025-12-30,75.7,76.9,75.5,76.9,4153700,MSN
2025-12-31,76.7,77.2,76.1,77.0,4728800,MSN
2026-01-05,76.9,77.0,75.0,76.8,4140400,MSN
2026-01-06,76.7,77.2,75.9,77.0,3765300,MSN
2026-01-07,77.1,78.4,76.7,78.4,8379800,MSN
2026-01-08,79.0,79.0,77.7,78.3,4525700,MSN
2026-01-09,78.5,78.6,76.5,76.5,5786600,MSN
2026-01-12,76.6,78.8,75.9,78.6,8295600,MSN
2026-01-13,79.5,82.2,79.3,79.3,10133600,MSN
2026-01-14,79.1,82.0,78.6,80.6,13858700,MSN
2026-01-15,80.5,82.5,79.8,81.0,9103300,MSN
2026-01-16,81.3,85.5,79.9,81.4,15818700,MSN
2026-01-19,82.1,82.3,80.2,80.2,6226700,MSN
2026-01-20,80.2,81.4,79.1,80.0,11205300,MSN
2026-01-21,79.0,79.9,78.5,79.9,6385500,MSN
2026-01-22,79.6,80.6,79.1,79.9,5049500,MSN
2026-01-23,80.0,80.2,79.0,79.0,4123600,MSN
2026-01-26,79.1,79.5,76.0,77.3,5784500,MSN
2026-01-27,77.4,77.5,76.7,76.7,3805800,MSN
2026-01-28,77.2,79.5,77.1,79.5,8819900,MSN
2026-01-29,80.3,85.0,80.2,84.1,24722400,MSN
2026-01-30,84.6,85.0,83.3,84.0,10777800,MSN
2026-02-02,83.9,85.5,82.2,83.8,11833900,MSN
2026-02-03,84.5,84.8,83.3,83.8,8426800,MSN
2026-02-04,84.1,84.9,82.5,82.7,8323300,MSN
2026-02-05,82.8,82.9,79.4,79.4,10434400,MSN
2026-02-06,78.4,79.5,77.7,78.2,9419400,MSN
2026-02-09,79.0,79.2,78.0,78.2,3681100,MSN
2026-02-10,78.2,78.4,75.6,76.8,6018600,MSN
2026-02-11,77.3,78.6,76.9,78.0,5600000,MSN
2026-02-12,78.4,78.4,78.0,78.0,2759900,MSN
2026-02-13,78.0,78.3,77.7,78.0,3963900,MSN
2026-02-23,78.8,79.2,78.3,79.2,3791500,MSN
2026-02-24,79.3,80.9,78.6,80.9,8479700,MSN
2026-02-25,81.3,81.6,80.3,80.3,5852200,MSN
2026-02-26,80.7,81.2,79.9,80.4,4991400,MSN
2026-02-27,80.5,80.6,79.0,79.0,5053900,MSN
2026-03-02,77.8,80.7,77.3,78.4,10248500,MSN
2026-03-03,79.2,79.7,77.0,77.0,7767900,MSN
2026-03-04,77.1,77.6,74.0,76.0,11189700,MSN
2026-03-05,76.8,77.5,75.3,75.3,6074200,MSN
2026-03-06,74.9,75.0,73.2,73.3,7955900,MSN
2026-03-09,68.2,70.0,68.2,68.2,4325700,MSN
2026-03-10,69.0,69.8,66.1,68.3,13574400,MSN
2026-03-11,69.3,73.0,69.1,73.0,10575800,MSN
2026-03-12,73.2,74.5,71.8,73.1,8489100,MSN
2026-03-13,73.4,74.7,72.7,73.9,8344100,MSN
2026-03-16,74.7,75.2,73.4,73.5,4578400,MSN
2026-03-17,74.0,75.7,73.8,75.4,8479300,MSN
2026-03-18,75.8,75.8,74.0,75.3,5029900,MSN
2026-03-19,73.6,75.7,73.5,75.4,8216000,MSN
2026-03-20,75.1,75.5,71.3,71.3,8880900,MSN
2026-03-23,70.6,72.8,70.6,70.8,8307600,MSN
2026-03-24,72.5,72.8,71.7,72.1,3692600,MSN
2026-03-25,73.5,73.5,72.2,73.2,4078200,MSN
2026-03-26,73.0,73.2,71.8,72.1,4014500,MSN
2026-03-27,72.2,73.4,72.2,73.3,4263900,MSN
2026-03-30,72.0,75.3,71.8,74.8,6573900,MSN
2026-03-31,75.5,76.4,75.0,75.5,5911100,MSN
2026-04-01,76.8,77.4,75.9,76.9,8282500,MSN
2026-04-02,76.6,76.7,75.3,76.1,5420300,MSN
2026-04-03,76.2,77.1,74.8,75.3,5241600,MSN
2026-04-06,75.1,76.2,74.5,75.3,4242400,MSN
2026-04-07,75.4,75.7,74.3,75.1,3191700,MSN
2026-04-08,77.2,77.8,76.3,77.7,10008300,MSN
2026-04-09,77.6,79.5,76.8,78.0,6333100,MSN
2026-04-10,78.5,78.7,77.5,78.0,3896000,MSN
2026-04-13,77.2,77.6,76.4,77.0,5031600,MSN
2026-04-14,77.7,78.0,77.0,77.6,4522400,MSN
2026-04-15,78.4,78.4,77.0,77.2,4323100,MSN
2026-04-16,77.2,78.8,76.7,78.0,7346700,MSN
2026-04-17,78.3,82.5,78.3,79.5,13601600,MSN
2026-04-20,80.0,80.4,79.3,79.8,5211800,MSN
2018-01-02,92.74,92.99,91.23,92.11,116190,SAB
2018-01-03,92.11,96.74,92.11,96.74,231500,SAB
2018-01-04,97.85,98.09,96.02,97.66,238800,SAB
2018-01-05,97.85,98.02,96.06,96.49,131870,SAB
2018-01-08,96.02,96.38,94.56,95.29,115690,SAB
2018-01-09,96.38,96.38,94.92,95.29,127130,SAB
2018-01-10,95.29,95.65,94.56,94.74,82190,SAB
2018-01-11,95.29,96.38,94.67,95.29,184000,SAB
2018-01-12,95.19,96.02,94.56,95.19,94390,SAB
2018-01-15,96.28,96.28,90.42,96.11,81970,SAB
2018-01-16,95.56,96.11,95.19,95.56,152440,SAB
2018-01-17,95.19,96.11,94.99,95.19,171960,SAB
2018-01-18,95.11,95.11,93.45,95.11,104920,SAB
2018-01-19,95.11,95.19,94.08,94.25,200930,SAB
2018-01-22,94.08,96.65,92.82,96.28,184370,SAB
2018-01-25,96.65,96.65,94.82,95.19,94990,SAB
2018-01-26,95.19,95.21,93.01,93.01,103010,SAB
2018-01-29,93.01,93.18,90.37,90.37,164600,SAB
2018-01-30,90.02,90.75,89.83,90.75,95220,SAB
2018-01-31,90.75,92.97,90.75,91.11,124310,SAB
2018-02-01,91.11,91.11,89.86,90.37,138000,SAB
2018-02-02,90.37,91.11,88.95,91.11,77900,SAB
2018-02-05,90.37,91.05,87.06,88.14,126340,SAB
2018-02-06,88.14,88.14,82.01,85.85,134250,SAB
2018-02-07,85.88,88.91,85.77,85.88,45750,SAB
2018-02-08,85.88,86.33,83.01,83.01,67480,SAB
2018-02-09,83.01,83.01,79.68,83.01,96300,SAB
2018-02-12,84.85,85.95,83.01,85.95,108810,SAB
2018-02-13,86.33,87.44,85.95,86.28,20870,SAB
2018-02-21,87.8,90.37,86.33,88.91,52050,SAB
2018-02-22,88.54,89.28,87.73,87.73,121670,SAB
2018-02-23,89.64,89.64,87.36,88.54,44180,SAB
2018-02-26,88.54,90.02,87.44,89.54,220820,SAB
2018-02-27,90.37,90.37,88.28,89.1,202240,SAB
2018-02-28,89.28,89.28,86.77,86.77,101780,SAB
2018-03-01,85.95,86.77,84.82,85.59,104990,SAB
2018-03-02,84.6,84.85,84.05,84.11,89080,SAB
2018-03-05,84.11,85.14,83.37,83.37,80570,SAB
2018-03-06,83.37,83.45,80.97,81.34,259600,SAB
2018-03-07,81.34,82.6,81.16,81.53,84500,SAB
2018-03-08,81.9,81.9,81.16,81.2,48500,SAB
2018-03-09,81.9,81.94,80.94,81.32,49770,SAB
2018-03-12,81.9,81.9,81.16,81.24,41840,SAB
2018-03-13,81.53,81.53,79.51,80.05,100580,SAB
2018-03-14,79.68,80.02,76.74,79.18,215240,SAB
2018-03-15,77.84,78.95,75.56,78.95,196320,SAB
2018-03-16,80.8,84.4,77.46,84.3,442820,SAB
2018-03-19,84.85,86.62,83.01,83.01,103660,SAB
2018-03-20,81.57,84.43,80.87,83.37,89610,SAB
2018-03-21,83.74,84.11,81.9,83.37,106190,SAB
2018-03-22,83.37,86.88,82.28,85.22,199230,SAB
2018-03-23,84.88,87.44,83.41,86.85,162010,SAB
2018-03-26,86.33,90.37,86.33,90.09,174720,SAB
2018-03-27,91.83,91.83,88.58,90.02,83420,SAB
2018-03-28,90.02,90.37,87.8,88.21,104670,SAB
2018-03-29,89.28,89.28,88.17,88.21,78840,SAB
2018-03-30,88.21,89.28,88.21,88.76,76080,SAB
2018-04-02,89.83,90.37,87.8,87.8,88560,SAB
2018-04-03,87.8,88.17,84.48,84.48,65850,SAB
2018-04-04,85.22,85.22,82.28,83.37,55540,SAB
2018-04-05,83.41,86.14,82.28,83.82,43680,SAB
2018-04-06,83.37,84.85,83.37,83.82,32490,SAB
2018-04-09,82.64,84.48,82.64,83.01,43750,SAB
2018-04-10,83.35,85.81,82.45,84.85,87150,SAB
2018-04-11,83.78,86.66,83.78,84.85,46760,SAB
2018-04-12,84.85,85.22,84.11,84.85,55840,SAB
2018-04-13,84.52,85.59,83.92,84.05,73370,SAB
2018-04-16,84.48,85.0,83.92,84.66,31290,SAB
2018-04-17,84.91,85.22,84.11,84.48,24610,SAB
2018-04-18,85.22,85.22,83.82,84.11,51070,SAB
2018-04-19,84.4,84.4,78.29,78.29,77190,SAB
2018-04-20,78.29,82.31,78.29,81.9,54550,SAB
2018-04-23,82.64,84.11,79.68,80.25,54110,SAB
2018-04-24,80.05,82.28,79.31,80.05,46310,SAB
2018-04-26,81.53,81.53,80.05,80.8,33360,SAB
2018-04-27,80.6,81.34,78.58,78.58,89760,SAB
2018-05-02,79.31,79.68,78.58,78.6,48470,SAB
2018-05-03,78.58,80.25,78.32,80.17,30530,SAB
2018-05-04,80.8,80.8,79.68,80.8,19780,SAB
2018-05-07,81.16,86.44,81.11,86.44,65630,SAB
2018-05-08,86.44,89.25,84.85,86.66,60600,SAB
2018-05-09,88.17,88.21,85.33,86.33,74870,SAB
2018-05-10,85.59,87.61,81.16,86.33,66110,SAB
2018-05-11,86.33,87.06,84.18,87.06,53000,SAB
2018-05-14,87.8,90.75,84.88,90.75,96830,SAB
2018-05-15,91.32,95.19,89.28,92.23,122170,SAB
2018-05-16,92.23,92.97,90.02,92.97,48810,SAB
2018-05-17,92.05,92.66,89.1,89.1,97390,SAB
2018-05-18,90.57,93.11,89.17,93.11,76970,SAB
2018-05-21,93.11,94.11,91.32,92.61,122730,SAB
2018-05-22,91.38,92.14,90.37,91.44,79840,SAB
2018-05-23,91.85,92.27,88.98,89.64,137620,SAB
2018-05-24,90.02,90.37,85.95,89.57,103370,SAB
2018-05-25,87.36,90.31,86.33,86.33,71290,SAB
2018-05-28,84.11,87.69,84.11,85.59,51610,SAB
2018-05-29,86.4,86.4,81.9,84.48,99830,SAB
2018-05-30,83.26,84.85,81.64,84.48,104040,SAB
2018-05-31,84.48,90.37,82.64,88.54,210920,SAB
2018-06-01,89.64,90.37,87.13,90.37,77480,SAB
2018-06-04,90.02,90.37,88.17,89.12,50940,SAB
2018-06-05,88.95,92.23,88.17,91.35,52080,SAB
2018-06-06,90.37,92.14,90.02,91.11,31750,SAB
2018-06-07,91.11,92.23,89.64,91.49,35980,SAB
2018-06-08,90.37,91.85,89.64,90.37,45080,SAB
2018-06-11,89.64,91.41,89.35,89.64,56660,SAB
2018-06-12,89.64,89.64,87.06,88.17,38540,SAB
2018-06-13,88.17,88.17,86.33,86.73,25070,SAB
2018-06-14,86.77,87.8,86.0,86.0,45510,SAB
2018-06-15,85.95,86.62,84.22,86.54,64480,SAB
2018-06-18,86.33,87.44,85.22,85.59,29860,SAB
2018-06-19,85.04,86.48,79.65,83.01,112000,SAB
2018-06-20,79.68,84.08,79.68,84.08,91770,SAB
2018-06-21,84.08,84.08,81.9,83.37,53980,SAB
2018-06-22,83.37,83.74,82.08,83.37,32580,SAB
2018-06-25,83.37,83.71,82.41,83.1,30380,SAB
2018-06-26,83.01,83.01,81.71,82.15,32870,SAB
2018-06-27,81.94,82.93,81.71,82.15,54630,SAB
2018-06-28,81.6,81.9,80.09,80.94,45520,SAB
2018-06-29,80.94,83.18,79.72,83.18,69820,SAB
2018-07-02,83.01,84.85,81.41,84.85,57880,SAB
2018-07-03,84.85,84.85,83.1,84.14,52210,SAB
2018-07-04,82.64,84.11,82.64,83.37,47480,SAB
2018-07-05,83.71,83.71,81.16,81.16,25820,SAB
2018-07-06,81.16,81.85,79.68,81.16,34770,SAB
2018-07-09,82.24,82.28,80.9,81.41,16370,SAB
2018-07-10,82.24,82.24,80.31,81.16,81620,SAB
2018-07-11,81.41,81.41,80.09,81.16,78980,SAB
2018-07-12,80.42,81.53,80.42,80.46,25860,SAB
2018-07-13,80.42,80.84,78.95,80.42,114030,SAB
2018-07-16,80.42,80.42,78.95,80.39,74340,SAB
2018-07-17,79.68,80.42,78.99,80.42,63080,SAB
2018-07-18,80.42,80.42,79.31,80.39,57210,SAB
2018-07-19,79.72,80.42,79.31,79.31,68430,SAB
2018-07-20,79.31,79.87,73.79,73.79,167500,SAB
2018-07-23,75.63,77.66,75.08,77.66,121840,SAB
2018-07-24,77.84,77.84,75.92,77.46,106300,SAB
2018-07-25,75.89,77.1,75.67,76.37,89120,SAB
2018-07-26,74.74,76.37,74.6,76.37,113290,SAB
2018-07-27,74.93,76.37,74.93,76.37,71130,SAB
2018-07-30,76.37,76.37,75.63,76.3,41840,SAB
2018-07-31,75.29,76.37,75.26,75.81,112500,SAB
2018-08-01,75.63,76.0,75.14,75.63,33350,SAB
2018-08-02,75.29,75.96,74.88,75.26,41290,SAB
2018-08-03,75.08,75.63,73.6,73.74,83590,SAB
2018-08-06,73.74,73.79,72.75,73.41,58550,SAB
2018-08-07,72.86,73.41,71.49,73.41,77380,SAB
2018-08-08,72.67,73.79,71.93,73.79,72620,SAB
2018-08-09,73.79,76.74,73.41,76.74,134190,SAB
2018-08-10,76.74,77.29,75.26,77.1,79050,SAB
2018-08-13,77.1,77.46,76.04,77.46,84580,SAB
2018-08-14,77.46,77.46,76.55,77.46,33560,SAB
2018-08-15,77.46,78.17,76.74,77.84,44610,SAB
2018-08-16,77.84,78.21,76.47,78.21,56860,SAB
2018-08-17,78.21,78.58,77.46,78.58,45730,SAB
2018-08-20,77.51,78.58,77.46,78.58,34660,SAB
2018-08-21,78.58,78.58,76.95,78.58,71180,SAB
2018-08-22,78.58,78.58,77.51,78.58,42550,SAB
2018-08-23,78.21,78.58,77.58,78.4,79280,SAB
2018-08-24,77.84,78.58,77.46,78.58,95550,SAB
2018-08-27,78.95,82.2,78.65,80.8,67490,SAB
2018-08-28,80.8,82.28,80.68,81.9,38360,SAB
2018-08-29,81.9,83.37,81.16,83.37,25460,SAB
2018-08-30,81.98,83.37,81.98,83.37,37240,SAB
2018-08-31,83.37,83.37,82.37,83.37,47370,SAB
2018-09-04,83.37,83.37,82.49,82.56,60720,SAB
2018-09-05,82.56,82.56,81.57,82.24,38610,SAB
2018-09-06,81.9,82.24,80.8,82.2,41630,SAB
2018-09-07,81.16,82.24,80.87,82.2,32790,SAB
2018-09-10,82.15,82.28,81.2,82.28,31480,SAB
2018-09-11,82.28,82.28,81.24,82.28,19770,SAB
2018-09-12,81.94,82.24,81.29,82.2,11530,SAB
2018-09-13,81.53,82.15,81.53,81.9,7230,SAB
2018-09-14,81.9,83.01,81.9,82.2,42150,SAB
2018-09-17,83.01,83.01,81.71,81.94,5410,SAB
2018-09-18,82.64,82.64,81.9,82.28,24680,SAB
2018-09-19,82.28,82.28,81.16,81.16,19770,SAB
2018-09-20,81.16,81.9,80.6,81.11,9720,SAB
2018-09-21,80.6,81.85,80.17,80.8,30810,SAB
2018-09-24,80.8,80.8,80.25,80.75,26420,SAB
2018-09-25,80.75,80.8,80.35,80.8,18180,SAB
2018-09-26,80.8,80.8,80.05,80.75,22560,SAB
2018-09-27,80.75,81.9,80.51,81.16,34790,SAB
2018-09-28,81.53,82.08,81.16,82.08,66090,SAB
2018-10-01,82.01,82.01,81.16,81.98,20780,SAB
2018-10-02,81.98,83.01,81.09,83.01,103220,SAB
2018-10-03,83.01,83.74,83.01,83.26,17230,SAB
2018-10-04,83.37,83.63,83.01,83.37,4940,SAB
2018-10-05,82.28,83.35,81.9,82.34,22290,SAB
2018-10-08,81.8,82.34,81.11,82.34,24950,SAB
2018-10-09,81.8,82.34,81.2,82.34,27710,SAB
2018-10-10,81.8,83.37,81.8,83.37,18450,SAB
2018-10-11,83.37,83.37,80.58,81.9,21230,SAB
2018-10-12,81.9,82.28,80.8,82.08,40990,SAB
2018-10-15,81.34,82.98,81.16,82.28,45960,SAB
2018-10-16,81.94,83.27,81.89,82.45,22050,SAB
2018-10-17,82.45,82.94,82.11,82.83,36550,SAB
2018-10-18,83.16,83.16,82.15,82.45,10210,SAB
2018-10-19,81.71,82.72,80.96,81.71,24610,SAB
2018-10-22,81.71,82.64,80.96,82.45,31600,SAB
2018-10-23,82.45,83.19,81.71,82.79,34600,SAB
2018-10-24,82.6,83.23,81.89,82.45,54220,SAB
2018-10-25,80.63,82.45,80.6,82.45,26680,SAB
2018-10-26,82.98,82.98,81.41,82.15,32970,SAB
2018-10-29,82.45,82.64,82.15,82.45,67050,SAB
2018-10-30,82.45,82.79,78.75,82.53,90870,SAB
2018-10-31,82.53,82.64,80.27,82.64,55160,SAB
2018-11-01,82.64,82.64,81.04,82.45,11320,SAB
2018-11-02,81.71,82.64,81.15,82.45,81350,SAB
2018-11-05,81.34,82.83,81.01,82.83,42370,SAB
2018-11-06,82.83,83.01,81.41,82.94,26860,SAB
2018-11-07,82.94,83.57,81.75,83.57,40070,SAB
2018-11-08,83.57,84.23,83.01,83.9,26180,SAB
2018-11-09,83.93,83.93,82.86,83.9,32970,SAB
2018-11-12,83.9,87.66,83.19,86.53,50480,SAB
2018-11-13,86.27,89.88,86.17,88.25,49110,SAB
2018-11-14,88.39,91.56,88.25,90.26,77240,SAB
2018-11-15,90.06,92.44,89.13,90.99,46990,SAB
2018-11-16,90.99,91.7,89.88,90.99,42550,SAB
2018-11-19,90.99,92.3,89.88,91.18,23290,SAB
2018-11-20,90.17,90.63,89.18,90.44,28270,SAB
2018-11-21,89.88,89.88,88.39,89.88,61600,SAB
2018-11-22,89.88,90.26,88.77,89.88,12800,SAB
2018-11-23,89.52,90.26,88.59,89.7,14130,SAB
2018-11-26,89.88,89.88,89.13,89.17,21380,SAB
2018-11-27,88.42,91.01,88.42,90.63,31970,SAB
2018-11-28,90.63,93.63,90.01,93.63,63680,SAB
2018-11-29,94.38,95.88,93.44,93.63,114710,SAB
2018-11-30,93.44,94.0,92.33,93.63,55080,SAB
2018-12-03,95.5,95.5,92.87,94.0,19310,SAB
2018-12-04,93.25,94.38,92.87,92.87,32320,SAB
2018-12-05,93.55,93.55,91.94,91.94,24420,SAB
2018-12-06,91.84,92.77,90.63,92.5,15460,SAB
2018-12-07,92.13,93.97,91.41,92.61,30960,SAB
2018-12-10,91.01,93.21,91.01,92.87,44570,SAB
2018-12-11,92.29,94.75,92.29,94.75,28960,SAB
2018-12-12,93.48,95.5,93.48,94.75,49700,SAB
2018-12-13,94.87,95.13,93.7,93.7,30870,SAB
2018-12-14,93.75,94.68,93.3,93.78,31370,SAB
2018-12-17,92.87,93.78,92.84,93.78,59460,SAB
2018-12-18,93.78,93.78,92.13,93.78,45170,SAB
2018-12-19,93.63,93.78,91.98,93.63,102270,SAB
2018-12-20,93.63,93.63,92.33,92.5,89640,SAB
2018-12-21,91.75,92.5,91.11,92.5,67740,SAB
2018-12-24,89.88,93.21,89.88,92.46,43500,SAB
2018-12-25,90.71,92.46,90.71,92.46,40810,SAB
2018-12-26,90.97,93.25,90.97,93.25,23360,SAB
2018-12-27,93.59,93.97,92.5,93.93,35850,SAB
2018-12-28,93.93,100.18,92.33,100.18,46420,SAB
2019-01-02,100.18,100.18,93.17,93.17,46990,SAB
2019-01-03,93.17,95.5,87.34,91.94,98800,SAB
2019-01-04,92.13,92.13,88.04,91.08,8540,SAB
2019-01-07,91.08,92.87,90.26,91.39,12270,SAB
2019-01-08,91.08,91.39,89.56,91.39,11600,SAB
2019-01-09,91.39,92.87,89.52,91.39,25150,SAB
2019-01-10,90.1,91.32,89.61,89.88,28560,SAB
2019-01-11,89.88,90.06,88.42,89.88,38820,SAB
2019-01-14,90.82,90.82,89.1,89.88,45290,SAB
2019-01-15,89.13,89.85,89.13,89.73,23500,SAB
2019-01-16,89.26,90.26,89.13,89.52,30300,SAB
2019-01-17,89.13,90.18,87.83,87.83,41400,SAB
2019-01-18,87.83,88.91,87.78,87.83,14340,SAB
2019-01-21,88.84,88.84,87.83,87.83,4770,SAB
2019-01-22,88.01,88.01,87.08,87.56,14570,SAB
2019-01-23,87.56,87.83,86.93,87.56,16500,SAB
2019-01-24,87.92,88.01,86.89,87.26,35920,SAB
2019-01-25,86.89,87.6,86.54,87.26,26850,SAB
2019-01-28,87.26,87.92,86.51,87.26,24370,SAB
2019-01-29,87.83,87.83,86.54,87.26,18620,SAB
2019-01-30,87.26,87.92,86.78,87.26,36010,SAB
2019-01-31,87.26,87.44,86.93,87.26,21200,SAB
2019-02-01,87.26,87.92,86.51,87.26,80480,SAB
2019-02-11,87.63,87.72,86.67,87.38,42810,SAB
2019-02-12,89.52,89.52,87.44,89.07,11200,SAB
2019-02-13,89.07,89.1,88.09,88.42,118000,SAB
2019-02-14,89.13,89.13,88.38,89.13,123270,SAB
2019-02-15,89.7,89.8,88.8,89.29,48220,SAB
2019-02-18,89.47,89.88,89.47,89.88,19000,SAB
2019-02-19,89.52,90.71,89.13,90.26,25550,SAB
2019-02-20,89.52,91.39,89.52,91.39,39420,SAB
2019-02-21,91.39,92.87,91.39,92.87,24550,SAB
2019-02-22,92.87,93.13,92.5,92.5,14040,SAB
2019-02-25,92.5,92.81,92.13,92.81,31140,SAB
2019-02-26,92.13,92.87,92.13,92.5,26360,SAB
2019-02-27,92.87,92.87,92.13,92.69,7770,SAB
2019-02-28,91.86,92.69,89.88,89.88,31930,SAB
2019-03-01,88.5,92.13,88.5,90.63,31250,SAB
2019-03-04,89.88,91.94,89.52,90.63,44090,SAB
2019-03-05,91.58,91.68,89.92,91.2,10220,SAB
2019-03-06,90.03,91.75,89.88,91.35,22910,SAB
2019-03-07,90.63,90.97,90.06,90.3,25340,SAB
2019-03-08,90.97,91.75,90.26,91.75,29050,SAB
2019-03-11,91.75,92.24,90.48,91.75,20340,SAB
2019-03-12,91.75,94.59,91.65,94.38,42620,SAB
2019-03-13,93.36,96.61,87.97,95.5,54140,SAB
2019-03-14,94.75,96.43,94.38,94.75,26120,SAB
2019-03-15,95.5,95.5,92.81,95.05,40550,SAB
2019-03-18,93.66,95.05,91.79,91.79,75530,SAB
2019-03-19,91.79,93.44,91.79,92.87,37320,SAB
2019-03-20,91.75,93.63,91.75,93.44,17820,SAB
2019-03-21,93.97,94.0,91.98,93.4,17670,SAB
2019-03-22,91.75,94.0,91.75,94.0,30810,SAB
2019-03-25,93.63,93.63,91.75,93.17,5640,SAB
2019-03-26,93.17,93.97,92.59,93.93,41590,SAB
2019-03-27,93.93,94.0,92.61,93.93,12020,SAB
2019-03-28,93.93,93.93,92.73,93.63,8320,SAB
2019-03-29,94.35,94.35,92.5,93.52,122590,SAB
2019-04-01,93.78,93.78,92.69,93.52,23050,SAB
2019-04-02,94.04,94.04,92.13,92.13,21890,SAB
2019-04-03,93.1,93.1,91.9,92.46,1200,SAB
2019-04-04,93.55,93.93,92.16,93.55,38740,SAB
2019-04-05,92.55,93.89,92.55,92.87,13040,SAB
2019-04-08,93.59,93.59,92.87,93.4,2390,SAB
2019-04-09,92.35,93.4,91.79,91.79,22770,SAB
2019-04-10,93.25,93.25,89.92,92.5,39630,SAB
2019-04-11,92.5,93.55,90.33,92.69,32940,SAB
2019-04-12,92.69,93.08,91.45,91.45,5890,SAB
2019-04-16,91.45,92.5,90.33,92.2,13250,SAB
2019-04-17,91.41,92.69,91.41,92.43,12340,SAB
2019-04-18,92.39,92.5,86.51,86.51,41150,SAB
2019-04-19,91.01,91.01,88.8,90.06,8170,SAB
2019-04-22,90.06,91.01,88.58,91.01,18000,SAB
2019-04-23,89.88,90.63,89.32,90.06,23410,SAB
2019-04-24,90.26,90.63,89.58,89.88,49760,SAB
2019-04-25,89.92,89.92,88.58,89.52,43550,SAB
2019-04-26,88.76,90.63,88.04,89.58,27270,SAB
2019-05-02,89.58,91.39,89.58,91.27,48200,SAB
2019-05-03,91.27,91.32,89.78,91.27,80940,SAB
2019-05-06,91.2,91.2,89.26,90.06,20240,SAB
2019-05-07,89.58,91.01,89.58,90.48,7320,SAB
2019-05-08,89.88,91.01,89.88,90.71,28490,SAB
2019-05-09,89.7,92.46,89.7,92.13,20630,SAB
2019-05-10,92.5,93.4,91.01,92.87,23230,SAB
2019-05-13,93.44,94.38,92.87,92.87,15300,SAB
2019-05-14,92.87,97.0,91.79,94.75,15220,SAB
2019-05-15,94.38,96.47,94.38,94.75,108360,SAB
2019-05-16,95.13,95.32,91.75,91.75,20320,SAB
2019-05-17,95.46,96.61,92.69,96.26,31530,SAB
2019-05-20,96.26,99.25,94.38,98.5,30630,SAB
2019-05-21,97.93,98.86,97.49,98.75,17760,SAB
2019-05-22,98.75,98.75,97.63,98.75,24670,SAB
2019-05-23,98.75,98.75,97.36,97.78,14780,SAB
2019-05-24,97.41,98.84,97.41,97.82,37100,SAB
2019-05-27,98.79,99.25,97.36,99.25,20920,SAB
2019-05-28,99.25,99.25,97.36,97.36,28730,SAB
2019-05-29,97.36,98.5,96.97,97.49,13900,SAB
2019-05-30,98.11,100.0,95.88,98.7,21680,SAB
2019-05-31,98.65,100.0,97.41,100.0,8830,SAB
2019-06-03,98.7,102.62,96.26,101.11,98360,SAB
2019-06-04,99.3,102.23,99.3,102.23,30160,SAB
2019-06-05,101.14,104.86,100.56,102.62,28210,SAB
2019-06-06,102.62,102.99,100.36,102.62,35900,SAB
2019-06-07,102.65,103.56,100.89,103.52,40580,SAB
2019-06-10,103.52,105.58,103.37,105.54,105770,SAB
2019-06-11,104.86,104.86,103.37,103.37,45180,SAB
2019-06-12,103.37,103.37,100.0,102.62,77400,SAB
2019-06-13,102.62,102.8,101.49,102.62,12580,SAB
2019-06-14,99.96,102.62,99.96,102.23,13550,SAB
2019-06-17,102.23,102.23,100.0,102.23,37450,SAB
2019-06-18,102.23,102.23,99.81,102.23,4510,SAB
2019-06-19,103.17,103.17,101.57,103.17,19130,SAB
2019-06-20,100.75,106.17,100.75,102.99,76630,SAB
2019-06-21,104.11,105.2,102.99,104.11,9220,SAB
2019-06-24,104.11,105.24,104.11,105.24,16480,SAB
2019-06-25,105.24,105.54,104.11,105.54,39550,SAB
2019-06-26,103.37,106.74,103.37,105.62,15730,SAB
2019-06-27,104.94,105.62,101.86,101.86,39120,SAB
2019-06-28,102.23,104.86,101.14,102.99,22590,SAB
2019-07-01,104.45,104.48,103.41,104.09,17170,SAB
2019-07-02,104.11,104.79,103.03,103.07,9480,SAB
2019-07-03,103.07,103.73,102.99,103.37,27280,SAB
2019-07-04,103.37,104.48,102.99,104.48,31530,SAB
2019-07-05,104.48,104.86,103.37,104.86,21150,SAB
2019-07-08,104.86,105.54,103.78,105.24,70050,SAB
2019-07-09,104.11,105.24,103.73,105.24,65350,SAB
2019-07-10,105.24,107.44,104.86,106.74,28070,SAB
2019-07-11,106.74,107.49,105.66,107.1,37210,SAB
2019-07-12,107.1,108.99,107.1,108.24,20990,SAB
2019-07-15,107.1,108.57,105.62,105.62,37440,SAB
2019-07-16,106.74,106.74,105.62,106.74,7260,SAB
2019-07-17,106.74,107.49,105.8,107.1,43080,SAB
2019-07-18,106.35,107.1,105.24,106.35,45670,SAB
2019-07-19,106.74,106.74,103.78,103.78,20120,SAB
2019-07-22,103.78,105.24,103.56,103.83,28670,SAB
2019-07-23,103.83,104.86,103.83,103.86,6900,SAB
2019-07-24,103.86,105.24,103.37,103.92,55700,SAB
2019-07-25,103.92,105.99,103.92,105.99,20380,SAB
2019-07-26,106.55,106.55,103.83,104.45,15060,SAB
2019-07-29,104.45,105.62,104.11,104.11,30020,SAB
2019-07-30,105.58,105.58,104.31,105.24,27200,SAB
2019-07-31,104.86,105.62,104.48,104.48,46980,SAB
2019-08-01,105.39,105.42,103.65,105.42,16600,SAB
2019-08-02,104.18,105.24,104.11,104.86,33700,SAB
2019-08-05,103.86,105.58,103.86,104.94,13480,SAB
2019-08-06,103.63,105.51,103.63,104.58,15520,SAB
2019-08-07,103.63,104.86,102.62,104.86,69110,SAB
2019-08-08,104.86,104.86,102.65,104.86,61830,SAB
2019-08-09,103.63,105.62,103.07,103.25,7790,SAB
2019-08-12,104.67,104.67,102.77,102.77,6910,SAB
2019-08-13,104.86,105.24,102.85,103.73,35660,SAB
2019-08-14,103.83,104.41,103.37,103.73,29000,SAB
2019-08-15,103.73,106.74,103.17,106.74,15480,SAB
2019-08-16,105.24,105.24,103.37,103.37,78780,SAB
2019-08-19,104.58,104.58,103.17,103.56,5550,SAB
2019-08-20,104.11,104.31,103.03,103.56,21680,SAB
2019-08-21,104.11,104.11,102.8,104.09,8310,SAB
2019-08-22,104.11,104.63,103.37,103.37,18250,SAB
2019-08-23,103.56,104.31,103.22,103.22,35980,SAB
2019-08-26,103.37,103.37,102.28,102.39,50520,SAB
2019-08-27,102.39,102.62,101.14,101.14,58130,SAB
2019-08-28,101.09,103.25,101.09,101.86,3430,SAB
2019-08-29,102.06,102.8,102.06,102.23,36440,SAB
2019-08-30,102.06,103.29,101.86,102.23,27590,SAB
2019-09-03,102.23,102.23,101.53,102.02,4730,SAB
2019-09-04,102.02,102.8,98.7,98.7,65880,SAB
2019-09-05,99.25,100.94,99.25,100.19,20760,SAB
2019-09-06,99.65,100.57,99.65,100.19,8150,SAB
2019-09-09,100.9,100.9,100.08,100.19,16570,SAB
2019-09-10,100.57,100.57,98.7,99.06,7410,SAB
2019-09-11,99.06,100.14,98.7,98.86,12590,SAB
2019-09-12,98.99,98.99,98.31,98.38,8240,SAB
2019-09-13,98.38,99.44,98.11,99.44,22160,SAB
2019-09-16,98.11,100.49,98.11,99.44,3990,SAB
2019-09-17,100.19,100.19,98.38,100.14,2620,SAB
2019-09-18,100.14,100.49,99.65,99.92,8270,SAB
2019-09-19,99.81,99.92,98.7,99.85,23710,SAB
2019-09-20,99.92,100.9,99.81,100.57,24960,SAB
2019-09-23,101.21,101.21,98.71,100.05,5610,SAB
2019-09-24,99.81,101.32,99.06,99.06,21610,SAB
2019-09-25,100.64,102.83,99.06,99.06,28430,SAB
2019-09-26,99.06,102.7,99.06,99.25,12700,SAB
2019-09-27,100.94,100.94,99.25,100.37,9830,SAB
2019-09-30,100.57,100.57,99.25,99.3,8130,SAB
2019-10-01,99.3,99.81,98.7,98.7,19770,SAB
2019-10-02,99.81,99.81,98.7,99.77,7540,SAB
2019-10-03,99.77,100.01,98.7,98.7,7300,SAB
2019-10-04,98.71,99.6,91.79,97.17,17620,SAB
2019-10-07,97.17,98.7,96.46,97.93,11360,SAB
2019-10-08,98.61,98.7,97.35,97.35,4820,SAB
2019-10-09,96.84,97.71,96.05,96.16,5760,SAB
2019-10-10,96.16,97.07,96.16,96.16,16570,SAB
2019-10-11,96.05,97.17,96.05,97.07,13760,SAB
2019-10-14,95.69,97.55,95.69,97.35,27180,SAB
2019-10-15,97.17,97.3,96.35,96.72,9930,SAB
2019-10-16,96.38,97.55,96.38,96.42,11950,SAB
2019-10-17,97.17,97.55,95.29,95.29,28490,SAB
2019-10-18,96.24,96.81,94.95,94.95,9610,SAB
2019-10-21,95.29,96.05,92.29,92.29,13700,SAB
2019-10-22,90.77,94.88,90.77,94.88,22480,SAB
2019-10-23,94.73,95.64,94.35,94.91,30060,SAB
2019-10-24,95.25,95.57,94.58,95.29,10090,SAB
2019-10-25,95.66,96.96,95.66,96.42,45010,SAB
2019-10-28,97.93,97.93,96.6,96.99,21110,SAB
2019-10-29,97.02,98.86,96.99,97.93,55090,SAB
2019-10-30,98.7,98.7,97.22,98.31,23080,SAB
2019-10-31,98.31,98.79,98.11,98.11,26250,SAB
2019-11-01,97.93,98.65,97.93,97.93,20980,SAB
2019-11-04,98.65,98.65,97.93,97.93,14250,SAB
2019-11-05,98.31,98.38,97.85,97.93,13210,SAB
2019-11-06,98.61,98.65,97.6,97.93,18750,SAB
2019-11-07,97.93,98.75,97.55,97.93,34130,SAB
2019-11-08,98.7,98.7,97.93,97.93,41090,SAB
2019-11-11,97.93,98.7,95.74,96.1,21390,SAB
2019-11-12,96.42,97.17,96.05,96.05,16160,SAB
2019-11-13,96.81,96.81,94.35,94.91,46510,SAB
2019-11-14,94.91,96.01,94.35,94.91,29190,SAB
2019-11-15,94.91,95.66,88.29,94.91,36340,SAB
2019-11-18,95.34,96.05,95.29,95.29,11910,SAB
2019-11-19,94.58,96.05,94.54,94.54,9030,SAB
2019-11-20,94.54,94.54,92.69,92.77,15580,SAB
2019-11-21,93.05,94.35,90.77,90.77,85540,SAB
2019-11-22,92.29,92.65,88.14,88.51,54770,SAB
2019-11-25,90.35,90.35,87.46,87.75,29020,SAB
2019-11-26,90.39,90.39,86.63,86.63,92480,SAB
2019-11-27,86.63,88.14,86.63,86.82,53280,SAB
2019-11-28,86.82,87.94,86.63,86.63,98060,SAB
2019-11-29,86.63,87.75,85.12,85.12,70110,SAB
2019-12-02,85.12,86.63,85.12,86.25,22650,SAB
2019-12-03,86.63,86.82,85.87,86.29,21660,SAB
2019-12-04,85.91,87.35,85.91,86.89,32870,SAB
2019-12-05,87.21,87.49,87.0,87.31,18480,SAB
2019-12-06,87.31,88.89,87.21,87.75,33170,SAB
2019-12-09,88.49,89.45,88.18,88.81,38170,SAB
2019-12-10,88.81,88.85,87.8,87.8,26330,SAB
2019-12-11,88.51,88.81,87.75,87.8,7160,SAB
2019-12-12,88.75,89.04,87.85,87.85,15830,SAB
2019-12-13,88.85,88.85,87.85,87.85,10640,SAB
2019-12-16,87.85,88.51,87.75,87.75,6630,SAB
2019-12-17,87.88,88.6,87.75,87.75,24430,SAB
2019-12-18,87.91,88.22,87.58,87.75,35670,SAB
2019-12-19,87.99,88.51,87.75,87.75,13440,SAB
2019-12-20,88.1,88.39,87.8,88.18,51830,SAB
2019-12-23,88.51,88.75,88.29,88.36,21230,SAB
2019-12-24,88.39,88.55,87.75,87.75,25400,SAB
2019-12-25,87.75,88.39,87.58,87.58,54260,SAB
2019-12-26,87.39,87.94,87.0,87.91,24610,SAB
2019-12-27,87.91,87.91,86.82,86.82,36340,SAB
2019-12-30,87.58,87.58,84.93,86.63,40760,SAB
2019-12-31,86.63,86.63,84.39,85.87,42900,SAB
2020-01-02,85.87,85.87,84.39,84.39,28600,SAB
2020-01-03,84.39,85.5,84.39,84.6,17590,SAB
2020-01-06,83.99,84.56,83.81,84.3,35850,SAB
2020-01-07,83.85,84.7,83.85,84.39,15580,SAB
2020-01-08,84.56,84.56,83.85,84.08,30610,SAB
2020-01-09,83.62,85.84,83.24,85.5,54030,SAB
2020-01-10,85.5,88.33,85.5,87.94,55770,SAB
2020-01-13,87.94,88.62,87.94,88.1,22590,SAB
2020-01-14,87.39,88.1,87.39,87.75,9340,SAB
2020-01-15,87.75,88.33,87.75,88.14,22540,SAB
2020-01-16,87.75,88.49,87.75,87.88,9270,SAB
2020-01-17,87.88,88.33,87.75,88.33,12580,SAB
2020-01-20,87.75,88.89,87.75,88.89,17170,SAB
2020-01-21,88.89,88.89,87.75,87.75,52160,SAB
2020-01-22,87.75,88.89,87.04,87.58,11510,SAB
2020-01-30,87.16,87.16,82.1,82.1,38140,SAB
2020-01-31,79.85,84.97,76.84,79.85,24730,SAB
2020-02-03,74.29,79.85,74.29,78.69,16880,SAB
2020-02-04,78.69,78.69,75.34,76.46,167140,SAB
2020-02-05,76.46,76.46,73.08,73.08,43870,SAB
2020-02-06,73.08,74.95,71.3,71.56,165080,SAB
2020-02-07,72.32,74.95,71.94,73.44,47950,SAB
2020-02-10,74.95,74.95,73.44,73.44,69570,SAB
2020-02-11,73.44,73.44,73.08,73.08,26300,SAB
2020-02-12,73.79,73.79,71.94,71.94,57410,SAB
2020-02-13,73.59,73.59,72.14,73.29,76770,SAB
2020-02-14,74.02,74.05,72.57,72.83,38650,SAB
2020-02-17,72.83,72.9,71.36,71.36,31460,SAB
2020-02-18,70.03,70.22,68.3,68.3,86320,SAB
2020-02-19,67.92,69.07,67.15,68.3,105560,SAB
2020-02-20,69.07,69.25,68.65,69.07,280190,SAB
2020-02-21,69.07,69.68,69.07,69.3,45380,SAB
2020-02-24,69.13,69.13,67.95,68.3,43780,SAB
2020-02-25,69.07,69.07,67.69,68.3,16230,SAB
2020-02-26,68.84,68.84,67.61,67.92,79880,SAB
2020-02-27,67.92,67.98,66.45,66.45,46300,SAB
2020-02-28,66.11,66.11,62.15,62.15,76910,SAB
2020-03-02,62.15,66.37,62.15,65.22,179490,SAB
2020-03-03,66.18,66.18,64.86,65.22,129270,SAB
2020-03-04,65.22,65.38,64.45,64.86,30310,SAB
2020-03-05,64.86,65.22,64.86,64.86,65380,SAB
2020-03-06,64.86,64.86,62.15,62.38,38170,SAB
2020-03-09,58.7,61.01,58.06,59.59,107570,SAB
2020-03-10,59.59,61.36,57.93,59.59,39620,SAB
2020-03-11,59.63,61.39,58.33,58.33,73120,SAB
2020-03-12,57.29,61.36,54.53,55.48,38400,SAB
2020-03-13,52.94,58.7,52.94,55.26,54560,SAB
2020-03-16,54.49,57.56,53.34,57.56,46800,SAB
2020-03-17,54.11,57.56,54.11,54.12,25320,SAB
2020-03-18,54.12,55.98,52.18,52.18,49230,SAB
2020-03-19,50.08,52.94,48.73,48.73,40740,SAB
2020-03-20,48.73,50.27,46.1,48.35,51940,SAB
2020-03-23,46.42,48.16,44.97,44.97,38230,SAB
2020-03-24,42.99,45.96,42.78,44.32,24520,SAB
2020-03-25,44.51,47.19,44.48,46.05,137910,SAB
2020-03-26,46.62,48.58,46.05,47.96,188080,SAB
2020-03-27,47.96,50.76,47.96,49.71,145570,SAB
2020-03-30,49.71,49.88,46.28,46.47,24210,SAB
2020-03-31,46.47,49.45,46.47,47.19,19220,SAB
2020-04-01,46.88,49.08,46.28,47.23,33750,SAB
2020-04-03,49.68,49.85,47.96,47.96,67800,SAB
2020-04-06,49.5,51.22,48.73,50.64,85700,SAB
2020-04-07,52.94,53.34,50.64,52.57,67530,SAB
2020-04-08,52.94,54.68,52.18,52.94,86700,SAB
2020-04-09,53.72,56.63,53.72,53.72,236310,SAB
2020-04-10,55.33,56.37,53.72,54.11,33310,SAB
2020-04-13,54.86,55.83,54.11,54.11,40030,SAB
2020-04-14,55.93,55.93,54.21,55.02,54340,SAB
2020-04-15,55.06,58.85,55.06,58.7,210030,SAB
2020-04-16,58.7,62.62,58.7,60.47,158280,SAB
2020-04-17,64.27,64.45,63.31,63.47,128300,SAB
2020-04-20,65.99,67.88,64.49,67.88,108760,SAB
2020-04-21,67.88,72.59,65.22,65.22,204650,SAB
2020-04-22,63.31,67.15,61.32,67.15,103890,SAB
2020-04-23,71.72,71.72,68.56,69.3,119240,SAB
2020-04-24,69.3,70.99,67.22,69.07,77880,SAB
2020-04-27,69.07,69.07,67.15,69.07,81050,SAB
2020-04-28,67.52,69.03,65.22,65.22,73210,SAB
2020-04-29,62.55,67.15,62.55,62.55,146240,SAB
2020-05-04,62.55,62.74,59.47,59.47,198030,SAB
2020-05-05,59.47,59.47,57.9,58.21,117620,SAB
2020-05-06,62.09,62.09,58.33,60.62,86530,SAB
2020-05-07,62.11,64.86,61.39,64.86,63680,SAB
2020-05-08,65.22,69.07,65.22,65.99,245530,SAB
2020-05-11,66.41,67.52,64.86,66.41,111670,SAB
2020-05-12,66.5,67.18,66.37,66.58,59110,SAB
2020-05-13,64.45,66.76,63.69,65.99,115740,SAB
2020-05-14,65.99,66.37,65.61,66.08,45790,SAB
2020-05-15,66.08,67.15,66.08,66.08,58620,SAB
2020-05-18,66.76,66.76,66.11,66.37,111480,SAB
2020-05-19,67.15,67.92,65.99,65.99,181100,SAB
2020-05-20,67.15,67.15,66.18,66.18,60740,SAB
2020-05-21,68.3,68.3,66.37,67.52,128710,SAB
2020-05-22,67.52,67.52,66.37,66.76,45220,SAB
2020-05-25,66.76,67.57,66.37,67.15,59220,SAB
2020-05-26,67.18,68.69,66.95,67.26,97860,SAB
2020-05-27,67.37,67.52,67.15,67.22,72140,SAB
2020-05-28,67.72,67.98,66.37,67.22,73990,SAB
2020-05-29,67.06,67.92,66.76,67.69,61380,SAB
2020-06-01,67.69,69.83,67.26,68.19,86810,SAB
2020-06-02,68.19,72.52,68.19,70.22,144460,SAB
2020-06-03,70.41,70.99,69.07,69.07,54700,SAB
2020-06-04,69.76,70.22,68.69,68.69,51660,SAB
2020-06-05,68.69,69.8,68.69,68.69,26270,SAB
2020-06-08,68.69,70.41,68.69,69.83,98910,SAB
2020-06-09,70.1,70.1,68.3,68.56,54360,SAB
2020-06-10,68.56,69.07,68.1,68.3,44990,SAB
2020-06-11,68.3,69.25,67.92,67.92,61230,SAB
2020-06-12,66.76,68.22,65.64,65.99,95400,SAB
2020-06-15,65.99,67.15,63.51,63.69,39640,SAB
2020-06-16,64.64,66.34,63.69,63.73,62570,SAB
2020-06-17,66.68,66.68,63.73,63.73,37500,SAB
2020-06-18,63.73,65.0,63.69,63.82,24530,SAB
2020-06-19,63.82,64.86,63.82,63.82,26650,SAB
2020-06-22,64.86,64.86,63.69,63.69,52660,SAB
2020-06-23,63.31,64.11,62.92,62.92,38700,SAB
2020-06-24,63.31,63.69,61.39,61.39,82380,SAB
2020-06-25,61.39,62.92,61.01,61.39,56510,SAB
2020-06-26,61.39,63.42,61.39,63.24,78810,SAB
2020-06-29,61.79,62.92,61.58,61.58,59040,SAB
2020-06-30,61.58,62.92,60.24,60.24,62530,SAB
2020-07-01,59.86,63.31,59.86,62.55,58620,SAB
2020-07-02,62.55,64.08,62.34,64.04,46960,SAB
2020-07-03,64.45,67.49,63.31,67.15,200340,SAB
2020-07-06,68.22,69.83,68.22,69.25,146350,SAB
2020-07-07,70.41,72.36,70.22,71.02,244640,SAB
2020-07-08,70.99,74.33,69.6,74.05,357430,SAB
2020-07-09,74.78,79.23,74.78,78.65,285960,SAB
2020-07-10,78.65,82.87,78.28,79.04,190990,SAB
2020-07-13,79.04,80.51,76.74,76.74,150810,SAB
2020-07-14,75.59,76.55,73.29,74.82,180690,SAB
2020-07-15,75.01,77.5,73.48,73.48,258700,SAB
2020-07-16,73.29,74.05,72.9,74.05,358550,SAB
2020-07-17,75.59,75.59,73.48,73.66,89590,SAB
2020-07-20,74.09,74.43,73.1,73.29,129850,SAB
2020-07-21,73.12,74.6,72.9,73.01,73700,SAB
2020-07-22,73.01,74.02,72.93,72.93,106850,SAB
2020-07-23,72.9,72.9,71.83,72.06,137160,SAB
2020-07-24,71.36,71.75,68.71,69.48,235580,SAB
2020-07-27,66.37,67.52,64.64,66.37,236260,SAB
2020-07-28,66.37,70.99,64.45,69.07,237000,SAB
2020-07-29,67.15,70.17,65.61,65.61,219800,SAB
2020-07-30,65.61,66.95,64.86,65.27,81480,SAB
2020-07-31,64.86,65.99,63.69,64.45,201570,SAB
2020-08-03,65.14,65.96,64.45,64.86,163920,SAB
2020-08-04,64.86,66.34,64.86,65.68,242370,SAB
2020-08-05,66.76,69.46,65.85,67.52,298550,SAB
2020-08-06,68.65,70.41,67.92,70.03,213840,SAB
2020-08-07,69.83,70.79,69.07,70.59,160550,SAB
2020-08-10,70.26,71.36,69.03,69.03,151620,SAB
2020-08-11,69.03,69.41,67.95,68.48,147070,SAB
2020-08-12,68.48,69.25,68.48,68.65,138750,SAB
2020-08-13,69.33,70.59,69.33,70.22,72580,SAB
2020-08-14,70.22,72.48,69.83,70.99,242070,SAB
2020-08-17,70.59,70.79,69.3,70.53,91080,SAB
2020-08-18,70.59,70.59,69.07,69.3,67930,SAB
2020-08-19,69.3,69.94,69.22,69.3,76720,SAB
2020-08-20,69.3,69.83,68.9,68.9,117630,SAB
2020-08-21,69.07,69.8,68.9,68.9,110610,SAB
2020-08-24,69.11,70.59,69.11,70.22,96690,SAB
2020-08-25,70.22,72.18,70.22,71.55,134910,SAB
2020-08-26,71.75,72.14,70.68,70.68,88320,SAB
2020-08-27,70.68,71.36,70.22,70.22,76590,SAB
2020-08-28,71.18,71.36,69.83,69.83,97130,SAB
2020-08-31,70.95,74.02,70.26,73.48,271460,SAB
2020-09-01,74.43,74.43,72.9,72.9,131710,SAB
2020-09-03,73.62,74.7,73.39,74.35,148770,SAB
2020-09-04,73.66,75.01,73.53,73.74,140040,SAB
2020-09-07,74.43,75.21,73.74,73.74,188280,SAB
2020-09-08,73.79,74.05,72.9,73.36,106590,SAB
2020-09-09,73.25,73.33,72.14,72.9,123070,SAB
2020-09-10,73.66,73.66,72.52,72.52,79060,SAB
2020-09-11,72.52,73.25,72.14,72.14,62980,SAB
2020-09-14,72.52,72.7,71.75,72.21,49050,SAB
2020-09-15,72.52,73.29,72.21,72.21,36360,SAB
2020-09-16,73.29,73.29,72.21,72.21,43570,SAB
2020-09-17,72.21,72.86,72.21,72.21,101220,SAB
2020-09-18,72.21,73.1,72.21,72.43,45640,SAB
2020-09-21,72.63,73.59,72.63,72.9,99530,SAB
2020-09-22,73.29,73.83,72.52,72.52,149610,SAB
2020-09-23,73.57,73.57,72.7,72.9,35640,SAB
2020-09-24,72.9,73.06,71.75,71.75,70830,SAB
2020-09-25,71.83,72.32,71.75,71.75,143900,SAB
2020-09-28,71.75,72.14,71.75,72.14,80960,SAB
2020-09-29,72.14,72.21,70.99,70.99,132450,SAB
2020-09-30,70.99,71.18,69.86,70.33,149060,SAB
2020-10-01,70.33,71.02,70.33,70.79,22330,SAB
2020-10-02,70.55,70.95,70.41,70.79,45510,SAB
2020-10-05,71.36,71.36,70.79,70.79,74270,SAB
2020-10-06,71.06,71.67,70.84,71.48,55370,SAB
2020-10-07,71.48,72.9,71.36,72.9,64920,SAB
2020-10-08,72.9,72.9,72.14,72.14,46140,SAB
2020-10-09,72.52,74.05,71.98,74.05,120760,SAB
2020-10-12,74.43,75.12,72.18,72.18,237110,SAB
2020-10-13,73.25,73.25,70.22,70.59,234100,SAB
2020-10-14,70.59,75.16,70.59,72.9,119830,SAB
2020-10-15,73.29,73.85,72.32,72.9,168860,SAB
2020-10-16,73.1,73.43,72.32,72.32,129690,SAB
2020-10-19,72.14,72.32,71.79,72.02,125140,SAB
2020-10-20,72.02,72.02,70.99,71.21,153360,SAB
2020-10-21,72.52,72.52,71.02,71.25,86940,SAB
2020-10-22,71.25,71.75,70.85,70.99,34260,SAB
2020-10-23,71.18,71.55,70.99,71.29,179100,SAB
2020-10-26,71.36,72.32,70.99,70.99,88480,SAB
2020-10-27,70.99,71.67,70.85,71.02,40620,SAB
2020-10-28,70.68,71.36,70.59,70.79,106000,SAB
2020-10-29,70.07,71.29,70.07,70.79,98050,SAB
2020-10-30,70.9,71.36,70.63,70.71,64260,SAB
2020-11-02,70.71,71.33,67.52,71.18,83850,SAB
2020-11-03,71.25,71.36,70.59,71.18,79990,SAB
2020-11-04,71.36,71.45,70.95,71.18,59300,SAB
2020-11-05,70.99,71.48,70.79,70.79,45060,SAB
2020-11-06,70.99,70.99,70.63,70.63,71100,SAB
2020-11-09,71.14,71.18,70.41,70.5,98730,SAB
2020-11-10,71.14,71.18,69.83,69.83,113900,SAB
2020-11-11,70.59,70.59,69.72,69.76,93800,SAB
2020-11-12,69.76,70.55,69.76,70.37,36230,SAB
2020-11-13,70.22,70.99,70.22,70.99,42160,SAB
2020-11-16,71.36,71.75,69.76,69.76,203680,SAB
2020-11-17,70.63,70.63,69.72,69.91,185660,SAB
2020-11-18,69.91,71.18,69.91,70.45,167810,SAB
2020-11-19,70.59,74.33,70.59,74.33,224980,SAB
2020-11-20,72.9,74.05,72.9,73.66,152640,SAB
2020-11-23,73.66,73.83,72.86,73.1,114550,SAB
2020-11-24,73.01,73.66,72.36,72.59,110210,SAB
2020-11-25,72.59,74.51,72.59,73.74,194220,SAB
2020-11-26,74.05,75.21,74.05,74.82,252940,SAB
2020-11-27,74.82,75.39,74.17,74.25,62480,SAB
2020-11-30,74.83,74.83,73.65,74.25,189880,SAB
2020-12-01,74.16,75.02,73.7,75.02,107090,SAB
2020-12-02,75.02,76.45,74.63,76.31,179880,SAB
2020-12-03,76.26,76.26,75.25,75.6,96410,SAB
2020-12-04,75.6,79.09,75.6,78.31,159810,SAB
2020-12-07,78.31,80.84,78.31,80.25,76500,SAB
2020-12-08,80.28,81.04,79.87,79.87,122260,SAB
2020-12-09,78.75,79.48,77.54,77.73,102350,SAB
2020-12-10,78.31,78.82,76.8,76.8,61250,SAB
2020-12-11,76.8,79.36,76.8,79.36,48840,SAB
2020-12-14,79.36,79.36,78.71,79.09,53970,SAB
2020-12-15,79.09,79.27,77.0,77.14,116620,SAB
2020-12-16,77.14,78.66,77.14,77.19,29800,SAB
2020-12-17,77.54,78.31,71.8,76.77,206620,SAB
2020-12-18,76.77,78.31,76.17,78.24,105530,SAB
2020-12-21,78.24,78.28,77.19,77.54,47370,SAB
2020-12-22,77.35,77.43,76.68,77.35,81000,SAB
2020-12-23,77.35,77.54,76.38,76.38,94860,SAB
2020-12-24,76.77,77.35,75.6,76.77,71760,SAB
2020-12-25,76.95,76.95,75.99,76.77,44010,SAB
2020-12-28,76.84,77.19,76.17,76.42,111170,SAB
2020-12-29,76.42,78.31,76.17,77.5,80630,SAB
2020-12-30,77.54,78.24,77.08,77.54,97540,SAB
2020-12-31,77.54,77.82,75.6,75.6,146100,SAB
2021-01-04,76.95,77.92,75.68,77.31,159700,SAB
2021-01-05,77.31,77.38,76.68,77.14,123300,SAB
2021-01-06,76.61,77.0,75.6,76.95,164600,SAB
2021-01-07,76.88,77.14,76.03,76.68,129900,SAB
2021-01-08,76.68,77.5,76.68,76.84,152900,SAB
2021-01-11,77.14,79.48,76.92,78.44,170700,SAB
2021-01-12,79.36,79.87,78.51,79.67,192900,SAB
2021-01-13,80.25,81.81,79.87,80.28,226400,SAB
2021-01-14,81.41,81.41,79.48,79.48,155100,SAB
2021-01-15,79.48,79.63,77.54,77.73,229500,SAB
2021-01-18,77.35,77.69,76.45,77.69,136900,SAB
2021-01-19,77.69,77.69,72.51,74.83,134700,SAB
2021-01-20,74.83,75.48,73.65,75.48,226800,SAB
2021-01-21,75.71,75.71,74.43,75.22,165200,SAB
2021-01-22,75.22,75.48,74.79,75.22,131000,SAB
2021-01-25,75.22,75.84,74.43,75.22,144200,SAB
2021-01-26,75.17,75.17,72.11,73.65,227400,SAB
2021-01-27,72.31,73.61,70.68,72.42,227600,SAB
2021-01-28,69.79,70.25,67.38,67.38,284400,SAB
2021-01-29,65.9,71.26,62.69,62.69,508600,SAB
2021-02-01,67.06,67.06,67.06,67.06,109000,SAB
2021-02-02,69.23,69.79,68.82,69.4,459900,SAB
2021-02-03,69.4,69.79,69.02,69.4,240500,SAB
2021-02-04,69.4,71.73,69.4,70.59,296100,SAB
2021-02-05,70.55,70.63,70.33,70.53,112500,SAB
2021-02-08,71.26,71.26,66.68,67.46,141100,SAB
2021-02-09,67.46,70.13,67.46,69.85,129900,SAB
2021-02-17,69.85,70.55,69.79,70.33,162000,SAB
2021-02-18,70.37,74.63,70.17,74.63,195500,SAB
2021-02-19,74.05,74.63,73.28,74.34,150200,SAB
2021-02-22,72.93,74.2,72.93,73.65,101100,SAB
2021-02-23,73.65,73.65,71.73,72.11,224000,SAB
2021-02-24,72.89,72.89,71.73,71.84,58100,SAB
2021-02-25,72.11,73.28,71.88,72.68,92700,SAB
2021-02-26,72.11,72.89,71.88,72.89,62100,SAB
2021-03-01,72.89,72.93,71.73,72.82,111500,SAB
2021-03-02,73.1,73.1,70.78,72.46,105500,SAB
2021-03-03,72.46,72.46,71.32,71.45,103200,SAB
2021-03-04,71.52,71.6,67.61,69.57,219900,SAB
2021-03-05,69.57,69.57,68.59,68.98,178600,SAB
2021-03-08,68.98,69.17,68.0,68.4,203100,SAB
2021-03-09,68.59,68.59,67.42,67.61,167500,SAB
2021-03-10,67.61,68.0,67.61,67.73,182100,SAB
2021-03-11,68.78,68.98,68.0,68.78,193500,SAB
2021-03-12,69.46,69.57,68.98,69.57,65900,SAB
2021-03-15,69.57,69.64,68.98,69.17,114100,SAB
2021-03-16,69.17,70.66,69.11,70.58,91200,SAB
2021-03-17,69.95,70.58,69.87,70.04,93200,SAB
2021-03-18,70.35,70.66,70.27,70.58,66800,SAB
2021-03-19,70.35,70.35,69.17,70.35,75100,SAB
2021-03-22,70.35,70.35,69.25,69.95,40700,SAB
2021-03-23,68.51,69.64,68.51,69.57,41900,SAB
2021-03-24,68.4,69.57,68.27,68.59,50400,SAB
2021-03-25,69.57,69.57,68.0,68.4,146100,SAB
2021-03-26,67.89,68.4,67.42,67.61,108500,SAB
2021-03-29,67.61,68.0,67.52,67.73,102300,SAB
2021-03-30,67.61,68.59,67.42,68.4,100000,SAB
2021-03-31,68.4,70.35,66.83,70.35,168700,SAB
2021-04-01,70.35,70.35,69.6,69.95,177600,SAB
2021-04-02,69.95,70.35,69.84,70.35,85600,SAB
2021-04-05,73.86,73.86,69.95,70.15,285000,SAB
2021-04-06,70.15,70.35,68.24,69.57,172400,SAB
2021-04-07,69.57,69.57,68.78,69.17,127000,SAB
2021-04-08,69.17,69.17,67.8,68.0,147300,SAB
2021-04-09,68.32,68.51,68.0,68.0,183000,SAB
2021-04-12,69.37,69.37,68.24,68.4,168100,SAB
2021-04-13,68.98,68.98,67.65,67.76,173200,SAB
2021-04-14,67.76,67.96,67.18,67.49,183300,SAB
2021-04-15,67.42,68.32,67.02,67.1,159000,SAB
2021-04-16,66.83,66.83,65.65,66.09,165300,SAB
2021-04-19,66.05,66.43,64.91,66.43,153600,SAB
2021-04-20,66.53,66.87,66.05,66.43,186700,SAB
2021-04-22,66.43,66.64,65.27,65.51,112600,SAB
2021-04-23,65.59,66.43,65.19,66.43,175900,SAB
2021-04-26,67.22,67.22,64.3,66.43,184400,SAB
2021-04-27,66.43,66.43,64.63,66.35,88700,SAB
2021-04-28,66.35,66.35,65.14,66.35,141900,SAB
2021-04-29,66.35,66.35,64.57,65.31,170100,SAB
2021-05-04,65.31,65.31,62.92,63.01,278200,SAB
2021-05-05,63.11,63.11,62.57,62.69,264400,SAB
2021-05-06,62.69,62.69,60.42,60.97,362700,SAB
2021-05-07,60.93,61.25,59.4,59.79,199900,SAB
2021-05-10,58.63,59.52,58.63,58.81,235200,SAB
2021-05-11,59.01,62.54,59.01,59.48,238100,SAB
2021-05-12,59.48,59.72,59.01,59.28,91400,SAB
2021-05-13,59.22,60.65,58.85,60.26,394900,SAB
2021-05-14,60.26,61.36,60.19,60.53,242500,SAB
2021-05-17,60.97,60.97,60.39,60.39,214200,SAB
2021-05-18,60.39,60.58,59.99,60.19,248100,SAB
2021-05-19,60.19,60.26,59.6,59.99,180500,SAB
2021-05-20,59.99,59.99,59.22,59.44,122100,SAB
2021-05-21,59.01,59.4,58.67,58.7,170500,SAB
2021-05-24,59.22,60.65,58.74,60.15,182600,SAB
2021-05-25,60.97,61.76,60.61,61.71,174200,SAB
2021-05-26,61.67,64.21,60.97,64.01,160900,SAB
2021-05-27,64.01,64.1,62.54,63.7,229100,SAB
2021-05-28,62.54,64.01,62.54,63.11,186100,SAB
2021-05-31,62.14,62.73,60.19,60.77,169300,SAB
2021-06-01,59.87,61.05,59.4,60.19,127300,SAB
2021-06-02,59.52,60.19,59.25,59.4,149300,SAB
2021-06-03,59.4,60.19,59.4,60.15,207600,SAB
2021-06-04,60.85,60.85,59.6,60.06,197400,SAB
2021-06-07,60.06,60.97,59.79,60.61,163500,SAB
2021-06-08,60.93,62.61,60.58,61.27,312400,SAB
2021-06-09,61.8,62.54,60.97,61.32,94900,SAB
2021-06-10,61.47,63.52,61.47,62.54,690600,SAB
2021-06-11,62.92,64.44,62.92,64.13,359400,SAB
2021-06-14,64.13,64.88,64.13,64.67,138600,SAB
2021-06-15,64.3,66.64,63.85,65.85,268600,SAB
2021-06-16,65.65,66.05,64.88,66.05,235800,SAB
2021-06-17,64.67,65.62,64.67,64.88,82700,SAB
2021-06-18,65.27,67.22,65.08,66.91,163800,SAB
2021-06-21,67.22,67.22,66.05,66.43,119200,SAB
2021-06-22,67.22,67.22,65.31,65.31,207400,SAB
2021-06-23,65.31,66.83,65.31,66.53,186000,SAB
2021-06-24,66.71,67.34,66.43,67.18,148100,SAB
2021-06-25,67.18,67.22,65.85,67.18,110700,SAB
2021-06-28,67.18,67.22,66.43,66.87,184300,SAB
2021-06-29,66.87,66.87,66.25,66.29,90800,SAB
2021-06-30,66.05,66.29,65.65,66.09,86800,SAB
2021-07-01,66.25,66.25,64.99,65.55,157000,SAB
2021-07-02,66.16,66.16,64.99,66.12,104000,SAB
2021-07-05,66.43,66.43,64.67,65.08,64900,SAB
2021-07-06,65.08,65.12,64.1,64.1,45100,SAB
2021-07-07,64.1,64.17,62.69,63.52,249800,SAB
2021-07-08,63.01,63.61,62.96,63.52,265000,SAB
2021-07-09,63.7,63.7,62.54,62.54,58300,SAB
2021-07-12,62.54,62.54,60.19,62.06,105800,SAB
2021-07-13,61.76,61.94,61.01,61.36,83700,SAB
2021-07-14,61.36,63.27,61.36,62.54,158200,SAB
2021-07-15,61.76,62.49,60.97,62.49,134400,SAB
2021-07-16,62.49,62.49,61.76,61.76,83900,SAB
2021-07-19,61.36,61.36,59.99,60.39,127000,SAB
2021-07-20,60.39,61.15,60.19,60.57,194300,SAB
2021-07-21,61.15,61.56,60.97,61.28,110500,SAB
2021-07-22,60.77,61.15,60.69,61.1,109500,SAB
2021-07-23,60.97,61.71,60.03,60.03,243800,SAB
2021-07-26,60.03,60.22,59.79,59.99,91000,SAB
2021-07-27,60.97,62.14,60.19,60.39,74000,SAB
2021-07-28,60.46,60.97,60.39,60.39,38500,SAB
2021-07-29,60.43,61.36,60.43,61.36,104800,SAB
2021-07-30,62.3,62.54,60.97,62.14,501300,SAB
2021-08-02,61.67,61.67,60.57,60.61,234200,SAB
2021-08-03,60.97,60.97,60.69,60.69,121000,SAB
2021-08-04,60.97,61.76,60.97,61.47,50200,SAB
2021-08-05,60.77,61.36,60.53,60.85,165900,SAB
2021-08-06,61.4,61.4,60.61,60.65,100900,SAB
2021-08-09,60.65,61.36,60.61,60.61,149100,SAB
2021-08-10,60.65,61.28,60.22,60.22,294100,SAB
2021-08-11,60.57,60.69,60.26,60.26,185900,SAB
2021-08-12,60.22,60.26,59.83,59.83,212000,SAB
2021-08-13,59.83,59.83,59.25,59.33,181200,SAB
2021-08-16,59.33,59.6,59.17,59.25,198600,SAB
2021-08-17,59.25,59.25,56.66,56.87,558200,SAB
2021-08-18,56.98,58.23,56.98,57.07,344800,SAB
2021-08-19,57.26,57.86,56.74,57.86,473300,SAB
2021-08-20,57.72,57.72,55.87,55.87,347100,SAB
2021-08-23,55.87,55.87,54.71,54.71,301500,SAB
2021-08-24,55.11,55.85,54.63,55.64,194300,SAB
2021-08-25,55.64,57.76,55.64,57.53,240000,SAB
2021-08-26,57.48,57.81,57.26,57.67,144900,SAB
2021-08-27,57.58,58.23,56.93,58.04,137300,SAB
2021-08-30,58.04,58.42,57.45,57.53,117800,SAB
2021-08-31,57.53,58.62,57.26,58.62,162700,SAB
2021-09-01,58.51,58.51,57.86,58.11,68500,SAB
2021-09-06,57.64,58.62,57.64,58.32,115800,SAB
2021-09-07,58.42,58.94,58.04,58.11,128900,SAB
2021-09-08,58.15,58.59,57.96,58.59,99900,SAB
2021-09-09,58.67,58.67,57.88,58.15,79700,SAB
2021-09-10,58.11,59.36,58.11,59.17,157900,SAB
2021-09-13,61.15,63.27,60.77,63.11,950000,SAB
2021-09-14,63.27,66.05,62.74,64.88,368000,SAB
2021-09-15,64.88,64.88,61.94,64.88,239700,SAB
2021-09-16,63.74,63.79,61.94,62.92,200200,SAB
2021-09-17,62.54,62.92,61.6,62.92,796700,SAB
2021-09-20,63.32,63.32,61.86,61.86,103500,SAB
2021-09-21,61.8,62.49,60.97,61.76,112100,SAB
2021-09-22,61.94,62.33,61.76,61.76,91500,SAB
2021-09-23,62.84,62.84,61.71,61.84,81000,SAB
2021-09-24,62.41,62.54,61.84,62.54,82100,SAB
2021-09-27,62.54,62.61,61.67,62.14,80500,SAB
2021-09-28,61.76,61.9,61.36,61.4,130500,SAB
2021-09-29,61.47,61.47,60.22,61.28,124500,SAB
2021-09-30,61.15,61.36,61.05,61.11,80000,SAB
2021-10-01,61.15,61.15,60.19,60.26,149400,SAB
2021-10-04,60.31,62.14,60.26,60.57,47900,SAB
2021-10-05,61.9,62.87,60.61,62.74,151600,SAB
2021-10-06,62.54,62.54,61.52,61.9,42300,SAB
2021-10-07,62.14,62.33,61.47,61.99,44000,SAB
2021-10-08,61.99,63.83,61.56,63.58,147700,SAB
2021-10-11,63.7,64.48,63.58,63.7,79200,SAB
2021-10-12,64.3,64.44,63.32,63.7,55700,SAB
2021-10-13,64.06,64.44,62.84,62.92,157900,SAB
2021-10-14,62.92,64.44,62.36,62.54,132300,SAB
2021-10-15,62.61,63.7,62.61,63.61,52900,SAB
2021-10-18,62.92,63.32,62.22,62.54,210800,SAB
2021-10-19,62.57,62.57,60.97,61.94,248200,SAB
2021-10-20,61.94,62.64,60.61,60.65,403600,SAB
2021-10-21,61.05,61.94,59.41,59.41,224700,SAB
2021-10-22,60.39,61.15,60.35,61.15,51800,SAB
2021-10-25,61.15,61.76,61.15,61.25,40000,SAB
2021-10-26,61.33,61.71,60.74,60.74,73200,SAB
2021-10-27,61.47,62.49,60.97,62.49,120600,SAB
2021-10-28,63.32,64.41,62.61,64.34,205900,SAB
2021-10-29,64.34,64.34,62.74,62.74,222200,SAB
2021-11-01,62.8,63.7,62.8,63.32,135000,SAB
2021-11-02,63.61,64.67,63.32,64.57,126300,SAB
2021-11-03,64.57,67.52,64.1,67.46,344200,SAB
2021-11-04,66.29,67.46,65.51,67.15,106400,SAB
2021-11-05,65.69,67.22,65.69,67.22,103300,SAB
2021-11-08,67.22,67.96,66.53,67.89,139900,SAB
2021-11-09,67.77,68.0,66.83,68.0,62700,SAB
2021-11-10,68.0,68.0,66.83,68.0,37600,SAB
2021-11-11,67.93,68.36,67.22,67.22,56300,SAB
2021-11-12,67.22,67.96,67.18,67.22,35800,SAB
2021-11-15,67.18,67.61,66.43,66.43,29300,SAB
2021-11-16,66.83,66.83,65.07,66.67,47000,SAB
2021-11-17,66.71,66.71,66.05,66.64,44500,SAB
2021-11-18,66.79,66.79,65.74,65.74,103400,SAB
2021-11-19,65.74,66.12,65.28,65.31,42100,SAB
2021-11-22,65.28,66.35,64.1,65.65,155100,SAB
2021-11-23,65.69,66.35,65.38,65.65,30600,SAB
2021-11-24,65.65,66.05,64.13,65.65,108200,SAB
2021-11-25,65.65,65.65,64.48,64.48,100600,SAB
2021-11-26,64.72,64.72,62.54,62.61,211800,SAB
2021-11-29,62.54,62.54,61.01,61.01,184300,SAB
2021-11-30,61.1,62.54,60.19,60.19,359300,SAB
2021-12-01,61.76,61.76,60.43,61.15,52000,SAB
2021-12-02,61.15,62.54,61.15,62.14,206600,SAB
2021-12-03,62.14,62.14,61.36,61.36,102100,SAB
2021-12-06,61.28,61.28,59.25,59.25,121600,SAB
2021-12-07,59.33,60.39,59.33,59.79,196400,SAB
2021-12-08,59.83,60.03,59.68,59.74,144500,SAB
2021-12-09,59.79,60.26,59.57,59.6,207900,SAB
2021-12-10,59.6,60.19,59.36,59.52,150200,SAB
2021-12-13,59.79,59.91,59.52,59.52,175100,SAB
2021-12-14,59.52,60.19,59.41,59.72,126400,SAB
2021-12-15,59.79,59.79,59.48,59.6,78900,SAB
2021-12-16,59.52,59.68,58.85,59.01,90400,SAB
2021-12-17,59.01,59.13,58.62,58.62,189300,SAB
2021-12-20,58.67,58.67,58.15,58.23,117100,SAB
2021-12-21,58.23,58.51,58.15,58.19,122000,SAB
2021-12-22,58.23,58.23,57.64,57.67,129400,SAB
2021-12-23,57.58,57.67,57.38,57.41,142700,SAB
2021-12-24,57.26,58.15,57.15,57.45,137800,SAB
2021-12-27,57.58,59.01,57.53,57.81,78300,SAB
2021-12-28,58.42,58.42,57.64,57.96,102000,SAB
2021-12-29,57.96,57.96,57.72,57.96,50300,SAB
2021-12-30,58.23,58.23,58.04,58.19,82100,SAB
2021-12-31,58.19,62.17,58.19,59.01,276600,SAB
2022-01-04,59.41,61.56,59.41,61.36,395300,SAB
2022-01-05,61.76,62.41,61.76,62.27,322300,SAB
2022-01-06,62.14,62.22,60.97,61.2,75300,SAB
2022-01-07,61.25,61.25,60.21,60.65,114100,SAB
2022-01-10,61.01,61.01,59.81,60.21,167200,SAB
2022-01-11,60.18,60.56,59.58,60.52,129700,SAB
2022-01-12,60.49,60.52,59.74,60.49,163300,SAB
2022-01-13,60.56,60.61,59.76,59.76,120000,SAB
2022-01-14,59.38,60.21,59.38,60.13,80400,SAB
2022-01-17,60.18,61.33,58.98,59.38,185000,SAB
2022-01-18,59.42,60.52,59.42,59.76,269400,SAB
2022-01-19,60.18,60.18,58.98,59.38,111500,SAB
2022-01-20,58.38,60.8,57.95,59.38,238100,SAB
2022-01-21,60.13,60.13,57.4,58.59,108700,SAB
2022-01-24,58.7,58.7,57.2,57.4,161600,SAB
2022-01-25,57.36,58.8,56.58,57.4,155900,SAB
2022-01-26,57.4,57.4,56.61,56.9,130100,SAB
2022-01-27,57.4,58.95,57.0,58.9,157500,SAB
2022-01-28,58.9,59.3,58.23,58.86,164800,SAB
2022-02-07,59.19,61.37,59.19,60.21,75700,SAB
2022-02-08,60.76,61.28,60.13,61.28,123100,SAB
2022-02-09,61.11,61.28,59.76,60.89,75900,SAB
2022-02-10,61.28,62.15,59.89,62.15,208500,SAB
2022-02-11,62.19,63.18,61.56,63.18,223800,SAB
2022-02-14,61.43,66.46,61.43,66.46,342500,SAB
2022-02-15,66.42,67.46,66.08,67.3,430400,SAB
2022-02-16,67.42,67.42,65.32,66.66,107500,SAB
2022-02-17,66.46,68.17,66.32,67.49,311500,SAB
2022-02-18,66.51,67.26,66.03,67.05,189100,SAB
2022-02-21,66.9,67.3,66.11,67.14,105500,SAB
2022-02-22,66.86,66.86,63.34,66.66,118400,SAB
2022-02-23,66.55,67.46,66.55,67.22,150800,SAB
2022-02-24,65.76,67.46,65.52,67.18,162700,SAB
2022-02-25,66.99,67.3,66.51,67.14,88000,SAB
2022-02-28,66.9,67.26,65.95,67.22,70600,SAB
2022-03-01,67.22,67.22,66.32,66.51,42900,SAB
2022-03-02,66.7,67.49,66.32,67.49,93200,SAB
2022-03-03,67.31,67.47,66.74,66.74,23700,SAB
2022-03-04,66.32,66.32,63.9,63.9,111700,SAB
2022-03-07,62.91,63.87,61.15,61.76,286000,SAB
2022-03-08,61.24,62.15,61.19,62.15,96800,SAB
2022-03-09,61.8,64.31,61.52,61.91,178800,SAB
2022-03-10,61.91,63.52,61.91,62.72,143000,SAB
2022-03-11,63.43,63.43,61.39,61.52,133700,SAB
2022-03-14,61.11,61.86,60.32,61.52,154500,SAB
2022-03-15,61.52,61.52,60.11,60.44,138100,SAB
2022-03-16,60.51,61.56,60.2,61.52,143000,SAB
2022-03-17,61.52,61.52,60.8,61.52,41700,SAB
2022-03-18,61.8,61.86,60.51,60.51,240200,SAB
2022-03-21,61.47,61.47,60.76,60.8,66500,SAB
2022-03-22,61.43,61.67,61.04,61.52,117300,SAB
2022-03-23,61.52,63.9,61.09,62.91,145400,SAB
2022-03-24,63.04,63.07,61.91,63.04,95200,SAB
2022-03-25,63.1,63.1,62.28,62.91,122600,SAB
2022-03-28,63.15,63.15,61.52,62.95,78100,SAB
2022-03-29,62.95,63.48,62.04,63.1,167300,SAB
2022-03-30,63.1,63.1,62.48,63.07,159900,SAB
2022-03-31,63.07,63.52,62.86,63.52,196900,SAB
2022-04-01,64.11,66.32,63.55,66.03,350200,SAB
2022-04-04,66.63,66.83,66.11,66.51,221400,SAB
2022-04-05,66.51,66.7,66.32,66.39,69400,SAB
2022-04-06,66.32,67.98,65.14,67.71,296600,SAB
2022-04-07,67.43,67.43,66.51,66.51,89600,SAB
2022-04-08,64.56,66.35,64.56,65.6,145200,SAB
2022-04-12,65.56,66.7,65.23,65.23,111700,SAB
2022-04-13,65.28,65.9,64.79,65.31,132800,SAB
2022-04-14,65.47,66.7,64.56,66.66,100300,SAB
2022-04-15,66.32,68.22,66.32,67.35,220100,SAB
2022-04-18,67.26,69.11,67.1,67.91,779800,SAB
2022-04-19,67.91,68.31,66.32,67.47,319300,SAB
2022-04-20,67.47,69.07,66.7,68.71,322500,SAB
2022-04-21,67.95,68.63,66.66,67.79,501700,SAB
2022-04-22,67.74,72.46,63.07,68.03,373000,SAB
2022-04-25,67.59,67.59,63.27,63.27,258900,SAB
2022-04-26,60.32,67.63,60.32,67.49,440300,SAB
2022-04-27,66.91,67.49,64.84,67.49,146500,SAB
2022-04-28,65.95,66.7,65.19,65.9,43700,SAB
2022-04-29,65.66,66.32,63.9,64.75,161500,SAB
2022-05-04,63.84,65.52,63.84,65.31,75900,SAB
2022-05-05,65.31,67.67,64.39,67.67,112300,SAB
2022-05-06,66.32,67.63,65.9,66.91,155000,SAB
2022-05-09,65.23,66.7,63.9,63.95,186100,SAB
2022-05-10,62.83,65.9,62.72,65.86,147000,SAB
2022-05-11,65.84,66.03,64.71,65.31,159400,SAB
2022-05-12,65.31,66.55,64.67,65.86,239400,SAB
2022-05-13,65.52,65.9,61.47,64.99,331600,SAB
2022-05-16,63.52,64.67,61.71,63.04,99700,SAB
2022-05-17,61.43,66.11,61.11,66.11,172300,SAB
2022-05-18,64.71,65.03,63.52,64.51,155400,SAB
2022-05-19,62.32,65.07,62.32,65.07,138600,SAB
2022-05-20,63.24,64.19,62.32,62.51,166700,SAB
2022-05-23,62.56,63.1,61.52,61.56,96400,SAB
2022-05-24,61.56,61.91,61.11,61.52,178100,SAB
2022-05-25,61.52,62.15,61.15,61.52,196200,SAB
2022-05-26,61.52,62.19,60.92,61.11,227400,SAB
2022-05-27,61.15,61.8,61.0,61.52,228700,SAB
2022-05-30,61.52,61.86,61.0,61.27,140900,SAB
2022-05-31,61.27,61.8,60.68,61.32,170900,SAB
2022-06-01,60.95,61.71,60.95,61.15,359100,SAB
2022-06-02,61.15,61.52,60.95,61.11,114900,SAB
2022-06-03,61.11,62.62,61.11,62.0,258700,SAB
2022-06-06,61.91,63.48,61.91,63.32,221300,SAB
2022-06-07,63.07,63.87,62.67,63.87,137700,SAB
2022-06-08,63.87,64.79,63.07,63.8,198900,SAB
2022-06-09,63.8,63.84,62.72,62.72,111000,SAB
2022-06-10,62.72,63.24,62.51,63.0,76800,SAB
2022-06-13,61.91,61.91,60.6,61.11,151500,SAB
2022-06-14,60.72,60.87,59.74,59.92,196400,SAB
2022-06-15,60.72,61.0,59.92,60.72,116800,SAB
2022-06-16,60.92,63.1,60.92,62.48,156700,SAB
2022-06-17,61.09,62.72,60.32,62.32,150800,SAB
2022-06-20,61.11,61.8,60.51,60.72,52400,SAB
2022-06-21,61.32,63.1,59.51,61.91,182900,SAB
2022-06-22,63.0,63.0,61.52,62.32,135500,SAB
2022-06-23,60.55,61.86,60.55,61.27,23500,SAB
2022-06-24,60.8,62.23,60.8,62.15,84000,SAB
2022-06-27,62.32,62.67,61.91,62.62,99100,SAB
2022-06-28,62.62,62.83,61.04,62.77,69100,SAB
2022-06-29,62.77,62.77,61.32,61.52,39300,SAB
2022-06-30,61.52,62.32,61.52,61.76,24300,SAB
2022-07-01,62.19,62.19,60.92,61.47,61500,SAB
2022-07-04,61.52,61.91,60.92,61.32,20800,SAB
2022-07-05,61.84,61.86,60.24,60.24,151300,SAB
2022-07-06,60.24,61.11,59.92,60.95,60300,SAB
2022-07-07,61.09,62.39,60.48,62.39,52100,SAB
2022-07-08,61.09,62.44,61.09,61.95,91500,SAB
2022-07-11,61.36,61.95,61.11,61.95,54500,SAB
2022-07-12,61.04,61.91,61.04,61.36,25900,SAB
2022-07-13,61.19,62.23,61.19,61.36,41700,SAB
2022-07-14,61.11,61.91,61.11,61.86,22400,SAB
2022-07-15,61.52,61.63,60.95,61.52,38500,SAB
2022-07-18,61.24,61.6,61.19,61.6,12000,SAB
2022-07-19,61.71,62.67,61.19,62.62,139000,SAB
2022-07-20,62.91,63.84,62.62,63.84,107200,SAB
2022-07-21,63.9,66.32,63.9,65.9,223300,SAB
2022-07-22,65.52,67.06,64.31,66.32,196400,SAB
2022-07-25,66.32,66.32,65.11,65.9,130900,SAB
2022-07-26,64.71,67.1,64.71,66.99,165100,SAB
2022-07-27,67.02,67.02,66.23,66.99,116700,SAB
2022-07-28,67.59,69.9,67.59,69.11,233300,SAB
2022-07-29,70.07,73.69,70.07,71.9,170300,SAB
2022-08-01,72.69,73.5,72.02,73.11,214600,SAB
2022-08-02,72.69,74.85,72.69,74.58,167300,SAB
2022-08-03,74.3,76.3,73.83,75.86,240200,SAB
2022-08-04,75.1,76.01,71.9,73.89,292700,SAB
2022-08-05,72.74,75.9,72.55,72.93,219700,SAB
2022-08-08,73.27,75.1,71.5,72.3,147600,SAB
2022-08-09,73.5,73.5,71.98,71.98,138800,SAB
2022-08-10,72.69,72.69,71.42,72.69,135400,SAB
2022-08-11,73.02,73.78,71.9,72.69,198700,SAB
2022-08-12,72.51,72.89,72.14,72.69,109400,SAB
2022-08-15,72.69,74.69,72.34,74.3,242900,SAB
2022-08-16,74.85,75.29,74.34,75.1,192800,SAB
2022-08-17,75.1,75.38,73.5,75.29,200800,SAB
2022-08-18,75.25,79.05,74.34,77.3,330000,SAB
2022-08-19,76.34,78.33,76.34,77.88,104300,SAB
2022-08-22,78.05,78.05,76.77,77.49,87800,SAB
2022-08-23,77.3,77.88,75.9,75.9,89400,SAB
2022-08-24,75.9,76.81,74.5,74.69,123100,SAB
2022-08-25,74.74,77.02,74.62,74.89,61400,SAB
2022-08-26,74.81,75.29,73.61,75.1,91500,SAB
2022-08-29,73.3,75.86,73.3,75.1,106300,SAB
2022-08-30,75.29,75.49,74.62,75.06,57400,SAB
2022-08-31,75.02,75.25,74.1,75.06,126000,SAB
2022-09-05,75.06,75.13,74.34,75.1,105900,SAB
2022-09-06,75.1,76.17,75.02,75.34,103500,SAB
2022-09-07,75.34,75.49,74.02,75.1,128400,SAB
2022-09-08,75.49,77.12,75.1,76.58,168200,SAB
2022-09-09,76.89,78.1,76.58,77.41,226800,SAB
2022-09-12,77.41,79.0,77.41,77.88,227400,SAB
2022-09-13,77.88,78.57,76.3,76.3,163100,SAB
2022-09-14,75.9,75.9,73.5,73.5,237400,SAB
2022-09-15,73.69,75.1,73.11,74.02,199800,SAB
2022-09-16,75.45,75.45,73.11,74.02,189100,SAB
2022-09-19,74.02,74.89,73.85,74.02,147300,SAB
2022-09-20,74.3,75.7,74.22,74.89,81800,SAB
2022-09-21,74.1,75.7,73.98,75.1,46700,SAB
2022-09-22,75.66,75.66,74.22,74.69,102800,SAB
2022-09-23,75.1,75.1,74.18,74.69,140200,SAB
2022-09-26,74.3,75.1,73.5,73.89,130700,SAB
2022-09-27,74.46,74.46,73.11,74.02,90500,SAB
2022-09-28,73.5,73.83,69.9,73.11,78800,SAB
2022-09-29,74.13,74.13,72.1,73.02,63300,SAB
2022-09-30,71.11,74.5,71.11,73.89,95200,SAB
2022-10-03,72.3,74.3,72.3,72.79,77400,SAB
2022-10-04,72.79,75.45,72.79,75.1,206200,SAB
2022-10-05,75.72,76.3,74.74,75.49,265100,SAB
2022-10-06,73.98,74.5,73.89,74.22,54100,SAB
2022-10-07,73.11,74.69,73.11,74.69,178100,SAB
2022-10-10,74.3,74.34,72.37,73.69,211500,SAB
2022-10-11,73.3,74.1,72.74,73.3,158300,SAB
2022-10-12,74.89,74.89,73.3,73.3,60200,SAB
2022-10-13,73.3,75.9,72.51,75.9,195600,SAB
2022-10-14,77.1,77.1,73.5,75.25,99100,SAB
2022-10-17,74.1,75.82,73.35,73.94,66700,SAB
2022-10-18,75.66,75.82,74.02,75.82,180300,SAB
2022-10-19,75.9,76.25,75.29,76.25,113900,SAB
2022-10-20,75.9,76.65,75.58,76.42,114400,SAB
2022-10-21,76.48,77.88,75.66,77.1,177500,SAB
2022-10-24,78.29,81.09,72.3,72.3,279300,SAB
2022-10-25,73.35,76.89,73.3,75.02,252100,SAB
2022-10-26,77.34,77.34,74.34,74.34,150600,SAB
2022-10-27,74.36,75.45,73.3,75.06,222000,SAB
2022-10-28,75.9,76.14,74.34,74.34,85800,SAB
2022-10-31,75.29,75.29,72.89,74.02,105700,SAB
2022-11-01,74.02,74.65,73.17,73.35,170700,SAB
2022-11-02,73.35,73.35,71.94,73.3,165000,SAB
2022-11-03,73.11,73.11,72.14,72.69,63000,SAB
2022-11-04,72.69,73.89,71.5,72.69,117500,SAB
2022-11-07,72.74,73.5,72.34,73.5,196800,SAB
2022-11-08,73.5,73.59,73.02,73.11,169200,SAB
2022-11-09,73.12,74.22,73.12,73.69,145300,SAB
2022-11-10,74.1,74.3,73.11,73.69,167600,SAB
2022-11-11,75.1,76.65,74.22,75.02,162000,SAB
2022-11-14,75.02,78.25,72.69,77.88,240000,SAB
2022-11-15,77.85,77.85,74.5,74.5,159000,SAB
2022-11-16,72.69,74.3,72.22,72.22,271400,SAB
2022-11-17,73.07,77.25,71.71,73.11,282600,SAB
2022-11-18,74.06,74.1,71.3,71.58,295400,SAB
2022-11-21,72.69,73.5,71.9,72.93,73300,SAB
2022-11-22,72.19,73.89,71.94,72.37,103100,SAB
2022-11-23,72.22,73.11,72.22,72.69,53900,SAB
2022-11-24,73.11,73.11,71.9,72.1,152600,SAB
2022-11-25,72.1,72.79,71.86,71.9,144400,SAB
2022-11-28,66.87,71.9,66.87,70.75,297700,SAB
2022-11-29,70.78,71.86,69.62,70.31,310700,SAB
2022-11-30,71.82,72.19,70.34,71.9,288300,SAB
2022-12-01,71.5,72.1,69.9,70.07,377600,SAB
2022-12-02,70.1,72.22,70.1,70.7,307500,SAB
2022-12-05,70.75,72.3,70.75,71.78,167200,SAB
2022-12-06,71.74,71.9,71.06,71.3,250500,SAB
2022-12-07,70.54,71.86,70.51,71.5,214100,SAB
2022-12-08,71.86,71.9,70.7,71.11,188000,SAB
2022-12-09,71.61,71.61,70.7,71.11,217600,SAB
2022-12-12,71.11,71.86,71.11,71.22,235700,SAB
2022-12-13,71.22,71.71,71.11,71.11,361900,SAB
2022-12-14,71.66,71.78,70.83,71.5,252200,SAB
2022-12-15,71.55,71.82,71.26,71.5,139600,SAB
2022-12-16,71.5,71.5,70.75,70.75,425900,SAB
2022-12-19,70.78,71.3,69.9,69.9,162100,SAB
2022-12-20,70.07,71.73,69.7,70.1,306400,SAB
2022-12-21,69.9,71.48,69.9,70.91,173000,SAB
2022-12-22,71.03,72.09,71.03,71.03,123200,SAB
2022-12-23,71.69,71.73,70.91,70.91,75300,SAB
2022-12-26,71.32,71.69,70.1,70.1,220800,SAB
2022-12-27,71.03,71.32,70.1,71.12,24600,SAB
2022-12-27,71.2,71.48,69.49,69.49,138400,SAB
2022-12-28,69.62,71.53,69.54,71.53,157000,SAB
2022-12-29,70.31,71.2,70.07,70.07,103400,SAB
2022-12-30,70.52,71.29,67.64,67.64,167300,SAB
2023-01-03,69.34,70.31,68.16,68.47,121700,SAB
2023-01-04,68.56,70.52,68.47,69.49,116900,SAB
2023-01-05,69.7,74.35,69.49,70.59,255300,SAB
2023-01-06,71.81,73.99,70.59,73.23,130100,SAB
2023-01-09,72.74,73.75,71.25,72.79,46900,SAB
2023-01-10,72.83,73.02,71.36,71.36,101200,SAB
2023-01-11,72.93,73.71,72.93,73.35,155000,SAB
2023-01-12,73.75,73.75,72.54,72.86,30200,SAB
2023-01-13,72.86,75.54,72.86,75.34,218100,SAB
2023-01-16,76.17,76.94,75.41,76.39,105300,SAB
2023-01-17,76.17,76.39,73.87,75.77,88600,SAB
2023-01-18,77.82,77.82,75.77,75.77,75200,SAB
2023-01-19,76.99,78.21,75.25,75.25,201700,SAB
2023-01-27,75.29,79.02,75.29,78.25,133600,SAB
2023-01-30,78.25,78.25,76.79,76.99,177800,SAB
2023-01-31,75.77,77.33,75.58,76.6,55500,SAB
2023-02-01,76.6,77.2,75.62,75.77,170700,SAB
2023-02-02,76.99,77.6,75.41,75.98,88700,SAB
2023-02-03,75.29,78.13,75.29,78.13,105300,SAB
2023-02-06,77.2,79.19,77.04,79.19,78800,SAB
2023-02-07,77.82,79.83,77.47,77.47,28900,SAB
2023-02-08,76.6,80.43,76.6,79.91,109700,SAB
2023-02-09,79.95,80.64,77.82,78.52,49900,SAB
2023-02-10,79.43,79.43,76.67,76.76,70900,SAB
2023-02-13,76.6,77.77,75.54,77.77,87900,SAB
2023-02-14,78.16,78.16,75.82,76.17,51400,SAB
2023-02-15,76.21,77.6,76.17,76.6,77000,SAB
2023-02-16,76.21,77.2,76.17,76.87,27700,SAB
2023-02-17,76.87,76.99,75.62,75.82,45300,SAB
2023-02-20,77.4,78.16,76.39,77.08,69800,SAB
2023-02-21,76.02,77.33,76.02,77.2,84500,SAB
2023-02-22,77.4,77.4,75.77,75.77,82100,SAB
2023-02-23,76.6,76.63,74.97,75.82,77700,SAB
2023-02-24,75.82,76.84,74.97,76.6,98800,SAB
2023-02-27,76.99,76.99,75.01,75.1,57600,SAB
2023-02-28,76.99,77.11,75.17,76.17,96900,SAB
2023-03-01,75.38,78.0,75.22,78.0,41400,SAB
2023-03-02,76.83,77.39,76.2,76.63,38300,SAB
2023-03-03,77.11,77.11,75.43,76.17,92400,SAB
2023-03-06,78.16,78.16,75.36,75.36,76300,SAB
2023-03-07,75.76,76.99,75.43,76.14,122700,SAB
2023-03-08,75.11,75.97,75.11,75.97,97300,SAB
2023-03-09,75.97,76.2,75.93,75.97,216700,SAB
2023-03-10,75.24,76.2,75.24,75.6,266700,SAB
2023-03-13,76.1,76.17,75.76,76.17,353500,SAB
2023-03-14,76.45,77.39,76.17,77.39,261300,SAB
2023-03-15,77.64,78.0,77.03,77.19,233800,SAB
2023-03-16,77.35,79.84,76.17,77.82,308100,SAB
2023-03-17,77.82,78.21,77.08,78.21,406900,SAB
2023-03-20,77.44,78.29,75.81,76.99,42400,SAB
2023-03-21,76.99,77.39,75.71,75.76,141600,SAB
2023-03-22,75.56,76.94,74.75,75.2,153700,SAB
2023-03-23,76.38,76.66,75.03,76.59,75700,SAB
2023-03-24,75.36,76.66,75.36,76.54,108200,SAB
2023-03-27,75.81,76.59,75.65,75.71,29400,SAB
2023-03-28,75.76,75.97,75.43,75.76,45000,SAB
2023-03-29,76.1,76.1,75.0,75.15,49000,SAB
2023-03-30,75.89,75.89,75.11,75.56,59000,SAB
2023-03-31,75.36,75.69,74.95,74.95,47800,SAB
2023-04-03,74.95,75.15,73.85,73.93,81200,SAB
2023-04-04,73.82,73.98,72.42,72.56,150400,SAB
2023-04-05,72.56,72.56,71.6,71.6,156500,SAB
2023-04-06,72.7,72.7,71.89,72.02,141300,SAB
2023-04-07,72.1,72.47,71.97,72.06,28400,SAB
2023-04-10,72.35,72.35,71.7,71.7,180500,SAB
2023-04-11,71.6,71.78,71.29,71.29,119100,SAB
2023-04-12,70.96,70.96,69.53,69.61,327400,SAB
2023-04-13,69.85,70.35,68.75,68.75,175200,SAB
2023-04-14,69.05,69.24,68.15,68.15,259900,SAB
2023-04-17,67.86,68.03,67.02,67.02,216900,SAB
2023-04-18,67.09,68.43,67.04,67.37,161000,SAB
2023-04-19,68.32,69.65,67.7,69.49,306900,SAB
2023-04-20,69.94,70.63,69.65,70.43,228100,SAB
2023-04-21,70.26,70.31,69.46,69.49,131900,SAB
2023-04-24,69.46,69.75,69.46,69.7,102500,SAB
2023-04-25,69.7,69.75,68.92,68.92,184400,SAB
2023-04-26,69.65,69.85,69.58,69.65,160700,SAB
2023-04-27,69.65,69.9,69.05,69.82,124100,SAB
2023-04-28,71.0,71.2,70.68,71.12,57400,SAB
2023-05-04,70.07,70.07,67.66,67.73,94700,SAB
2023-05-05,67.95,68.23,67.42,67.42,102200,SAB
2023-05-08,67.62,67.95,67.53,67.95,51300,SAB
2023-05-09,68.03,68.03,67.26,67.34,64500,SAB
2023-05-10,67.26,67.53,67.26,67.34,90000,SAB
2023-05-11,67.34,68.85,67.02,67.13,147900,SAB
2023-05-12,67.37,67.49,66.35,66.6,142300,SAB
2023-05-15,67.09,67.46,66.8,66.85,115000,SAB
2023-05-16,67.21,67.21,66.32,66.4,65400,SAB
2023-05-17,66.4,66.4,66.03,66.19,91900,SAB
2023-05-18,66.19,66.4,65.83,66.11,179900,SAB
2023-05-19,66.11,66.11,65.21,65.21,67500,SAB
2023-05-22,65.46,65.9,65.26,65.6,64300,SAB
2023-05-23,65.79,65.9,64.44,64.77,144600,SAB
2023-05-24,65.01,65.13,64.58,64.58,116500,SAB
2023-05-25,64.58,64.68,63.54,64.36,97500,SAB
2023-05-26,64.36,64.36,63.14,63.34,70600,SAB
2023-05-29,63.38,64.11,63.22,63.26,90900,SAB
2023-05-30,63.3,63.67,63.26,63.54,145600,SAB
2023-05-31,63.54,64.58,63.54,64.36,157900,SAB
2023-06-01,63.71,64.77,63.71,64.44,126100,SAB
2023-06-02,64.96,64.96,64.2,64.36,138700,SAB
2023-06-05,65.17,65.3,64.82,64.92,113300,SAB
2023-06-06,65.13,65.21,64.89,65.17,126800,SAB
2023-06-07,65.21,65.3,65.01,65.1,205100,SAB
2023-06-08,65.26,65.26,64.96,65.1,158200,SAB
2023-06-09,65.6,65.6,64.96,64.96,27400,SAB
2023-06-12,65.01,66.69,65.01,66.61,109100,SAB
2023-06-13,66.66,66.69,66.04,66.54,84600,SAB
2023-06-14,66.54,67.23,66.04,66.61,203200,SAB
2023-06-15,66.94,66.94,65.38,65.38,108600,SAB
2023-06-16,66.2,66.2,63.73,63.73,234900,SAB
2023-06-19,64.57,64.57,64.11,64.47,129400,SAB
2023-06-20,64.47,64.47,63.83,63.85,97800,SAB
2023-06-21,63.85,64.07,63.5,63.73,136800,SAB
2023-06-22,64.15,64.15,63.65,63.65,145800,SAB
2023-06-23,63.65,64.36,63.5,64.36,198600,SAB
2023-06-26,64.92,64.92,64.15,64.15,139900,SAB
2023-06-27,63.98,64.57,63.5,63.5,194600,SAB
2023-06-28,63.89,63.89,63.57,63.61,84800,SAB
2023-06-29,63.83,63.83,63.33,63.33,179800,SAB
2023-06-30,63.5,63.5,63.11,63.16,152700,SAB
2023-07-03,63.33,63.65,63.11,63.2,78100,SAB
2023-07-04,63.2,63.45,63.08,63.16,99000,SAB
2023-07-05,63.24,63.65,63.16,63.24,80000,SAB
2023-07-06,63.24,63.33,63.08,63.08,91400,SAB
2023-07-07,63.16,63.5,62.05,62.09,203600,SAB
2023-07-10,62.13,62.21,61.68,61.8,197800,SAB
2023-07-11,61.68,62.02,61.68,61.68,203500,SAB
2023-07-12,61.68,62.5,61.68,62.09,99000,SAB
2023-07-13,62.17,63.33,62.17,63.11,206700,SAB
2023-07-14,63.16,63.24,62.95,63.24,119200,SAB
2023-07-17,63.45,63.78,62.91,63.11,121100,SAB
2023-07-18,63.24,63.4,62.76,62.95,123200,SAB
2023-07-19,62.95,63.16,62.83,62.83,151100,SAB
2023-07-20,62.83,63.28,62.8,63.0,111000,SAB
2023-07-21,62.95,63.0,62.66,62.95,122400,SAB
2023-07-24,63.04,63.94,63.04,63.73,232100,SAB
2023-07-25,64.07,65.01,63.83,64.96,379300,SAB
2023-07-26,64.92,66.54,64.92,66.44,199200,SAB
2023-07-27,66.2,66.41,65.6,65.87,151300,SAB
2023-07-28,65.8,65.87,64.57,64.57,324400,SAB
2023-07-31,64.52,65.66,64.39,64.47,275500,SAB
2023-08-01,65.41,65.8,64.96,65.13,132400,SAB
2023-08-02,65.51,65.51,64.86,65.35,122100,SAB
2023-08-03,65.62,66.41,65.38,66.41,280200,SAB
2023-08-04,66.82,66.82,65.6,65.99,245900,SAB
2023-08-07,65.87,66.69,65.62,66.2,285100,SAB
2023-08-08,66.74,66.74,66.04,66.44,168600,SAB
2023-08-09,66.44,66.49,65.91,66.2,127500,SAB
2023-08-10,66.32,66.32,65.8,66.04,180900,SAB
2023-08-11,65.8,66.04,65.17,65.6,187300,SAB
2023-08-14,65.38,65.62,64.96,64.96,163000,SAB
2023-08-15,64.96,64.96,64.44,64.67,147600,SAB
2023-08-16,65.38,65.6,64.57,64.67,218500,SAB
2023-08-17,64.67,64.67,63.98,64.11,193600,SAB
2023-08-18,63.94,65.17,62.8,63.16,305400,SAB
2023-08-21,63.53,63.53,62.5,62.8,208300,SAB
2023-08-22,62.8,63.08,61.68,61.68,390700,SAB
2023-08-23,62.71,62.83,61.68,61.72,353200,SAB
2023-08-24,63.69,63.73,63.0,63.11,609400,SAB
2023-08-25,63.85,65.06,63.61,64.23,430600,SAB
2023-08-28,64.96,64.96,64.11,64.27,286700,SAB
2023-08-29,64.36,65.51,64.11,65.01,275400,SAB
2023-08-30,65.6,66.12,65.26,65.7,279300,SAB
2023-08-31,65.8,65.99,64.96,64.96,295100,SAB
2023-09-05,65.38,65.96,65.17,65.3,335400,SAB
2023-09-06,65.1,65.8,65.1,65.38,239300,SAB
2023-09-07,65.55,66.2,65.51,65.99,235200,SAB
2023-09-08,66.12,66.54,65.8,66.04,285700,SAB
2023-09-11,66.44,69.85,66.44,68.87,844600,SAB
2023-09-12,69.85,70.1,69.0,69.46,482800,SAB
2023-09-13,69.53,69.82,68.46,68.59,685100,SAB
2023-09-14,72.37,72.37,69.16,70.07,1162600,SAB
2023-09-15,70.73,70.73,68.35,68.35,511300,SAB
2023-09-18,68.35,68.35,66.12,66.44,483600,SAB
2023-09-19,66.36,67.27,64.57,64.96,665800,SAB
2023-09-20,65.06,66.61,64.96,66.2,523000,SAB
2023-09-21,66.29,67.27,65.8,65.8,480400,SAB
2023-09-22,64.96,65.3,63.5,64.63,463700,SAB
2023-09-25,64.72,65.3,62.5,62.5,226500,SAB
2023-09-26,62.5,63.0,61.68,61.92,414000,SAB
2023-09-27,61.92,62.17,60.77,60.94,509500,SAB
2023-09-28,61.02,61.27,59.54,59.54,452200,SAB
2023-09-29,60.03,60.28,59.54,59.62,361200,SAB
2023-10-02,60.28,60.28,59.72,60.03,218300,SAB
2023-10-03,60.2,60.2,57.82,57.82,608100,SAB
2023-10-04,57.58,57.73,56.99,57.58,335600,SAB
2023-10-05,57.73,58.38,57.16,57.16,185000,SAB
2023-10-06,57.16,57.58,56.17,57.24,320300,SAB
2023-10-09,57.32,57.4,56.58,56.58,438200,SAB
2023-10-10,56.74,57.4,55.92,56.58,596000,SAB
2023-10-11,56.58,56.66,55.76,55.92,532600,SAB
2023-10-12,56.24,56.66,56.09,56.66,526200,SAB
2023-10-13,56.5,57.9,56.09,57.64,605600,SAB
2023-10-16,57.64,59.04,57.64,58.32,664200,SAB
2023-10-17,58.8,58.88,57.48,57.48,352500,SAB
2023-10-18,57.48,57.48,55.52,56.17,511400,SAB
2023-10-19,56.17,56.58,55.76,56.17,289500,SAB
2023-10-20,56.24,57.58,55.92,57.58,209500,SAB
2023-10-23,57.58,57.58,55.76,55.76,315200,SAB
2023-10-24,55.67,57.4,55.67,56.84,175100,SAB
2023-10-25,56.74,57.32,56.34,56.91,223500,SAB
2023-10-26,55.92,56.34,54.28,54.44,389100,SAB
2023-10-27,54.19,54.19,51.06,51.89,997300,SAB
2023-10-30,51.89,51.89,49.99,49.99,379900,SAB
2023-10-31,50.09,50.16,46.62,46.62,840800,SAB
2023-11-01,46.87,47.54,45.14,47.2,735700,SAB
2023-11-02,47.61,50.49,47.61,50.49,719700,SAB
2023-11-03,50.49,53.2,50.49,52.55,745600,SAB
2023-11-06,53.05,54.44,52.55,54.44,571800,SAB
2023-11-07,54.53,54.93,53.37,53.54,441800,SAB
2023-11-08,52.47,53.7,51.49,53.54,924800,SAB
2023-11-09,53.86,54.11,52.3,52.55,1035500,SAB
2023-11-10,52.47,52.47,51.24,51.32,740700,SAB
2023-11-13,51.32,52.23,50.25,50.41,573500,SAB
2023-11-14,50.82,52.05,50.74,51.0,734800,SAB
2023-11-15,51.98,53.05,51.89,51.98,1323600,SAB
2023-11-16,52.39,53.12,51.98,52.79,740900,SAB
2023-11-17,52.88,53.8,52.13,52.39,978300,SAB
2023-11-20,51.56,52.3,51.39,51.81,659500,SAB
2023-11-21,51.98,52.47,51.73,51.89,563600,SAB
2023-11-22,51.89,52.55,51.89,52.23,474900,SAB
2023-11-23,52.3,52.55,49.67,49.67,617600,SAB
2023-11-24,49.75,51.81,49.75,51.81,764100,SAB
2023-11-27,51.39,52.96,51.32,52.88,946000,SAB
2023-11-28,53.05,53.37,52.13,53.37,497100,SAB
2023-11-29,53.37,54.93,52.79,54.44,770200,SAB
2023-11-30,54.11,54.6,53.45,53.45,549900,SAB
2023-12-01,53.45,53.62,52.72,53.45,288000,SAB
2023-12-04,53.45,54.19,52.79,53.2,552500,SAB
2023-12-05,53.86,53.86,52.63,52.63,401700,SAB
2023-12-06,52.63,53.7,52.63,53.62,288500,SAB
2023-12-07,54.19,54.19,53.45,53.95,626200,SAB
2023-12-08,54.28,54.28,53.54,53.95,555900,SAB
2023-12-11,54.04,54.36,53.54,53.86,383500,SAB
2023-12-12,53.86,54.19,53.37,53.45,360800,SAB
2023-12-13,53.62,54.11,52.63,52.63,745900,SAB
2023-12-14,52.96,53.37,51.81,51.81,427100,SAB
2023-12-15,51.89,52.3,51.65,51.65,844700,SAB
2023-12-18,51.73,51.73,50.41,50.59,591300,SAB
2023-12-19,50.9,51.39,50.59,51.15,528200,SAB
2023-12-20,51.15,51.56,50.9,51.0,565300,SAB
2023-12-21,50.59,51.15,50.59,51.0,445100,SAB
2023-12-22,51.0,51.06,50.59,50.59,639900,SAB
2023-12-25,50.49,51.89,50.49,51.0,546700,SAB
2023-12-26,51.24,51.81,51.24,51.56,357500,SAB
2023-12-27,51.73,52.05,51.06,51.06,646500,SAB
2023-12-28,51.49,51.89,51.15,51.15,868500,SAB
2023-12-29,51.81,52.23,51.56,51.81,1568600,SAB
2024-01-02,52.55,52.88,52.05,52.23,770100,SAB
2024-01-03,52.39,52.39,51.98,52.23,557100,SAB
2024-01-04,52.39,52.73,52.39,52.56,773600,SAB
2024-01-05,52.56,52.56,51.88,52.13,708500,SAB
2024-01-08,52.13,52.47,52.13,52.3,654700,SAB
2024-01-09,52.23,52.47,51.8,51.88,558500,SAB
2024-01-10,51.88,51.88,51.05,51.21,822000,SAB
2024-01-11,51.21,52.05,51.21,51.72,489400,SAB
2024-01-12,51.72,51.72,50.96,51.47,497900,SAB
2024-01-15,51.37,51.8,50.87,50.87,443100,SAB
2024-01-16,50.96,51.05,50.61,50.87,266500,SAB
2024-01-17,50.87,51.05,50.71,50.87,469900,SAB
2024-01-18,51.12,51.12,50.87,50.96,446200,SAB
2024-01-19,52.05,52.05,51.21,51.72,714800,SAB
2024-01-22,51.88,51.88,51.21,51.29,360100,SAB
2024-01-23,51.29,51.37,50.79,50.79,346300,SAB
2024-01-24,50.79,50.96,50.61,50.79,472300,SAB
2024-01-25,50.79,50.87,49.53,49.53,1393900,SAB
2024-01-26,49.69,49.78,47.92,48.26,2066000,SAB
2024-01-29,48.26,49.69,48.26,48.77,701800,SAB
2024-01-30,48.86,48.86,48.17,48.17,732100,SAB
2024-01-31,48.26,48.77,47.41,47.41,1095600,SAB
2024-02-01,47.51,48.61,47.51,48.43,592000,SAB
2024-02-02,48.51,48.77,48.01,48.01,544000,SAB
2024-02-05,48.17,48.35,47.92,48.01,882600,SAB
2024-02-06,48.01,48.35,47.85,48.26,671200,SAB
2024-02-07,48.26,48.77,48.1,48.68,568300,SAB
2024-02-15,48.77,49.53,48.77,49.19,864400,SAB
2024-02-16,49.27,49.44,48.68,48.86,1078900,SAB
2024-02-19,48.86,48.94,48.17,48.77,1268000,SAB
2024-02-20,49.11,50.2,48.86,49.37,1642700,SAB
2024-02-21,49.69,49.69,48.77,48.94,1131900,SAB
2024-02-22,48.94,49.27,48.77,48.86,788900,SAB
2024-02-23,48.86,49.02,47.92,48.01,1499400,SAB
2024-02-26,48.17,48.35,47.51,47.67,809500,SAB
2024-02-27,47.67,47.67,47.0,47.41,1759100,SAB
2024-02-28,47.59,48.61,47.59,48.61,1090300,SAB
2024-02-29,48.86,49.86,48.77,49.27,2670400,SAB
2024-03-01,49.53,49.61,48.94,49.37,847400,SAB
2024-03-04,49.44,49.69,49.02,49.11,1252100,SAB
2024-03-05,49.19,49.61,48.77,49.61,1003900,SAB
2024-03-06,49.86,52.05,49.78,51.63,4279400,SAB
2024-03-07,51.63,52.47,50.79,51.05,2509100,SAB
2024-03-08,51.29,51.47,50.12,50.54,1825500,SAB
2024-03-11,50.54,50.96,49.69,49.95,2346300,SAB
2024-03-12,49.95,50.54,49.69,49.78,1290300,SAB
2024-03-13,49.95,50.2,49.37,50.2,1485900,SAB
2024-03-14,50.45,50.54,49.44,49.44,1458700,SAB
2024-03-15,49.44,49.53,48.35,48.86,2037000,SAB
2024-03-18,48.94,49.37,47.26,47.76,1833100,SAB
2024-03-19,48.26,48.35,47.67,47.92,654600,SAB
2024-03-20,48.01,48.1,47.51,47.92,739800,SAB
2024-03-21,48.35,48.51,48.1,48.17,738100,SAB
2024-03-22,48.43,48.51,48.1,48.26,698100,SAB
2024-03-25,48.26,48.61,47.85,48.01,1086200,SAB
2024-03-26,48.01,48.17,47.67,47.92,910400,SAB
2024-03-27,48.01,48.68,47.92,48.43,598300,SAB
2024-03-28,48.43,48.43,47.92,48.17,1074300,SAB
2024-03-29,48.35,48.35,47.76,47.76,618700,SAB
2024-04-01,47.76,48.1,47.67,47.85,600200,SAB
2024-04-02,47.92,47.92,47.41,47.51,1026300,SAB
2024-04-03,47.51,47.76,47.16,47.16,1435600,SAB
2024-04-04,47.34,47.67,47.34,47.59,991100,SAB
2024-04-05,47.59,47.59,47.26,47.26,947600,SAB
2024-04-08,47.34,47.34,46.59,46.59,1057800,SAB
2024-04-09,46.65,46.75,46.24,46.34,1017800,SAB
2024-04-10,46.59,46.75,46.4,46.59,522900,SAB
2024-04-11,46.4,46.83,46.34,46.65,493900,SAB
2024-04-12,46.75,47.41,46.65,47.16,957300,SAB
2024-04-15,47.16,47.16,45.89,46.34,926600,SAB
2024-04-16,46.34,46.34,44.64,46.15,1104300,SAB
2024-04-17,46.15,46.24,45.48,45.48,364800,SAB
2024-04-19,45.23,45.4,43.8,44.22,1184600,SAB
2024-04-22,44.97,45.23,44.64,44.82,356700,SAB
2024-04-23,45.07,45.14,44.05,44.64,373300,SAB
2024-04-24,44.89,45.32,44.72,45.14,467200,SAB
2024-04-25,45.14,46.75,45.14,45.83,1107400,SAB
2024-04-26,45.83,46.59,45.58,45.83,705300,SAB
2024-05-02,45.99,47.76,45.89,47.67,1580600,SAB
2024-05-03,48.01,48.1,47.67,47.76,784800,SAB
2024-05-06,47.76,48.43,47.59,48.01,884900,SAB
2024-05-07,48.01,48.77,47.59,48.61,913700,SAB
2024-05-08,48.51,50.54,48.01,49.61,2243700,SAB
2024-05-09,49.61,49.69,48.43,48.51,1040100,SAB
2024-05-10,48.61,48.94,48.26,48.51,784000,SAB
2024-05-13,48.51,48.77,47.76,47.92,725700,SAB
2024-05-14,48.01,48.43,47.92,48.1,479300,SAB
2024-05-15,48.17,48.86,48.17,48.51,896300,SAB
2024-05-16,48.61,48.94,48.43,48.43,769400,SAB
2024-05-17,48.68,49.61,48.43,48.94,1434500,SAB
2024-05-20,48.94,49.53,48.68,48.68,669100,SAB
2024-05-21,48.68,49.53,48.43,48.86,1171200,SAB
2024-05-22,49.11,49.37,48.43,48.43,927200,SAB
2024-05-23,48.68,50.29,48.43,50.12,1912100,SAB
2024-05-24,50.12,50.12,48.68,48.86,1322500,SAB
2024-05-27,48.86,49.37,48.86,49.27,654000,SAB
2024-05-28,49.44,51.37,49.19,51.37,2525000,SAB
2024-05-29,51.37,51.63,50.79,50.96,1467500,SAB
2024-05-30,50.2,50.54,49.11,49.95,1667200,SAB
2024-05-31,49.95,49.95,49.11,49.11,1492400,SAB
2024-06-03,49.69,50.61,49.44,50.03,1128600,SAB
2024-06-04,50.29,51.97,50.12,51.72,2338200,SAB
2024-06-05,52.23,55.26,52.05,55.26,2896100,SAB
2024-06-06,56.01,57.69,54.91,55.17,2270100,SAB
2024-06-07,55.26,58.45,55.26,57.18,2577800,SAB
2024-06-10,57.78,57.78,56.36,57.02,2027900,SAB
2024-06-11,57.02,57.44,56.18,56.93,1730800,SAB
2024-06-12,56.93,56.93,55.93,56.43,1706900,SAB
2024-06-13,56.69,56.69,55.17,55.26,1816900,SAB
2024-06-14,54.58,54.84,52.73,53.4,3852700,SAB
2024-06-17,53.4,54.25,52.73,53.57,1936900,SAB
2024-06-18,53.74,53.9,53.23,53.57,739100,SAB
2024-06-19,53.57,53.82,52.05,52.23,1464400,SAB
2024-06-20,52.47,52.89,51.05,52.3,947800,SAB
2024-06-21,52.73,52.89,51.8,51.8,960200,SAB
2024-06-24,52.3,52.98,51.12,51.8,950000,SAB
2024-06-25,51.8,52.05,49.95,51.05,1150200,SAB
2024-06-26,51.05,51.21,50.36,50.54,848100,SAB
2024-06-27,50.87,51.97,50.45,51.05,1076400,SAB
2024-06-28,51.37,51.63,50.54,50.54,947400,SAB
2024-07-01,51.05,51.29,50.71,51.29,278900,SAB
2024-07-02,51.37,51.54,51.12,51.54,424800,SAB
2024-07-03,51.63,51.8,51.37,51.8,450400,SAB
2024-07-04,52.3,52.3,51.37,51.37,679800,SAB
2024-07-05,51.82,51.9,50.51,50.51,1112800,SAB
2024-07-08,50.51,50.51,48.5,49.11,1317900,SAB
2024-07-09,49.2,50.94,48.5,49.89,1503200,SAB
2024-07-10,49.99,50.15,49.11,49.11,584100,SAB
2024-07-11,49.55,49.55,48.94,49.03,561000,SAB
2024-07-12,49.2,49.2,48.5,48.77,481400,SAB
2024-07-15,49.11,49.11,48.5,48.6,402500,SAB
2024-07-16,48.6,48.86,48.42,48.6,888900,SAB
2024-07-17,48.6,48.86,46.77,47.03,1128200,SAB
2024-07-18,47.2,48.33,46.6,47.29,1203600,SAB
2024-07-19,47.29,48.16,47.29,48.07,728700,SAB
2024-07-22,48.07,49.2,47.63,48.5,990500,SAB
2024-07-23,48.5,48.5,47.63,47.63,439700,SAB
2024-07-24,47.81,47.81,46.94,47.55,383300,SAB
2024-07-25,47.81,47.81,46.77,47.03,416200,SAB
2024-07-26,47.63,48.5,47.46,47.89,1302400,SAB
2024-07-29,48.33,48.42,47.81,47.81,427300,SAB
2024-07-30,47.63,48.33,47.63,47.72,714700,SAB
2024-07-31,47.72,48.42,47.63,48.24,926300,SAB
2024-08-01,48.6,50.08,47.89,47.89,1285700,SAB
2024-08-02,47.89,48.24,47.46,47.99,597000,SAB
2024-08-05,47.63,47.81,45.28,45.28,1609500,SAB
2024-08-06,45.98,47.03,45.37,46.41,738500,SAB
2024-08-07,46.94,46.94,45.89,46.07,704300,SAB
2024-08-08,46.15,46.85,45.98,45.98,892100,SAB
2024-08-09,46.5,47.2,46.41,46.67,471000,SAB
2024-08-12,46.85,47.37,46.5,47.03,542700,SAB
2024-08-13,47.46,47.72,46.85,47.29,732900,SAB
2024-08-14,47.37,49.38,47.29,48.5,1649400,SAB
2024-08-15,48.6,49.2,48.5,48.5,899700,SAB
2024-08-16,48.42,49.2,48.33,49.03,946500,SAB
2024-08-19,49.03,50.34,48.86,50.34,1178400,SAB
2024-08-20,50.34,50.94,49.89,50.51,970200,SAB
2024-08-21,50.51,50.51,49.82,49.99,777500,SAB
2024-08-22,50.15,50.34,49.29,49.64,785800,SAB
2024-08-23,49.29,50.08,49.29,49.55,651200,SAB
2024-08-26,49.55,50.25,49.38,49.38,578500,SAB
2024-08-27,49.38,49.99,49.38,49.64,692700,SAB
2024-08-28,49.72,50.6,49.64,49.99,997600,SAB
2024-08-29,49.99,50.68,49.99,49.99,824600,SAB
2024-08-30,50.25,50.94,49.99,50.08,1404900,SAB
2024-09-04,49.82,50.25,49.64,49.82,698100,SAB
2024-09-05,49.89,50.68,49.38,49.64,824400,SAB
2024-09-06,49.64,49.89,49.38,49.38,454100,SAB
2024-09-09,49.38,49.55,48.42,48.94,1129500,SAB
2024-09-10,49.29,49.55,48.16,48.16,1289900,SAB
2024-09-11,48.5,48.5,47.89,48.24,649500,SAB
2024-09-12,49.11,49.2,48.16,48.24,625800,SAB
2024-09-13,48.33,49.03,48.33,48.86,538100,SAB
2024-09-16,48.5,49.11,48.5,48.6,567100,SAB
2024-09-17,48.5,49.2,48.5,49.2,361500,SAB
2024-09-18,49.2,49.29,48.86,48.86,466900,SAB
2024-09-19,49.03,49.38,49.03,49.2,358900,SAB
2024-09-20,49.46,49.99,49.2,49.99,946400,SAB
2024-09-23,50.08,50.34,49.72,49.99,646600,SAB
2024-09-24,50.25,50.34,49.82,50.08,598600,SAB
2024-09-25,50.08,50.25,49.89,49.99,337400,SAB
2024-09-26,50.08,50.94,50.08,50.6,1091100,SAB
2024-09-27,50.77,51.21,50.42,50.94,794200,SAB
2024-09-30,51.21,51.21,50.25,50.34,551500,SAB
2024-10-01,50.51,50.51,50.15,50.34,559300,SAB
2024-10-02,50.34,50.34,49.46,49.55,635600,SAB
2024-10-03,49.82,50.25,49.46,49.46,606400,SAB
2024-10-04,49.46,49.64,49.29,49.29,381200,SAB
2024-10-07,49.29,49.72,49.2,49.38,414800,SAB
2024-10-08,49.38,49.55,48.86,49.03,514800,SAB
2024-10-09,49.11,49.29,48.68,49.11,613900,SAB
2024-10-10,49.29,50.42,49.2,50.25,685400,SAB
2024-10-11,50.42,50.68,49.99,50.08,379300,SAB
2024-10-14,50.15,50.25,49.72,49.82,335400,SAB
2024-10-15,49.82,50.68,49.72,49.72,642600,SAB
2024-10-16,49.72,50.34,49.72,50.34,531800,SAB
2024-10-17,50.51,50.51,49.55,49.89,294700,SAB
2024-10-18,50.08,50.6,49.89,49.99,245300,SAB
2024-10-21,49.99,50.15,49.2,49.29,645600,SAB
2024-10-22,49.11,49.2,48.68,48.77,646300,SAB
2024-10-23,48.77,49.2,48.42,48.77,369000,SAB
2024-10-24,48.77,48.77,48.5,48.68,228400,SAB
2024-10-25,48.68,48.77,48.07,48.33,449500,SAB
2024-10-28,48.42,48.42,48.16,48.33,238900,SAB
2024-10-29,48.33,48.5,48.07,48.24,258400,SAB
2024-10-30,48.33,48.5,47.99,48.07,357300,SAB
2024-10-31,48.16,48.94,48.07,48.07,486300,SAB
2024-11-01,48.42,48.86,48.16,48.16,436900,SAB
2024-11-04,48.68,48.86,48.33,48.33,456700,SAB
2024-11-05,48.68,48.86,48.24,48.33,271600,SAB
2024-11-06,48.5,48.77,48.33,48.6,391500,SAB
2024-11-07,48.77,48.86,48.42,48.42,294500,SAB
2024-11-08,48.5,48.68,48.07,48.07,516500,SAB
2024-11-11,48.16,48.6,48.07,48.16,446500,SAB
2024-11-12,48.24,49.99,48.24,49.29,1042200,SAB
2024-11-13,49.38,49.64,49.03,49.46,314300,SAB
2024-11-14,49.46,49.46,48.77,48.86,298700,SAB
2024-11-15,48.77,48.86,48.33,48.33,386200,SAB
2024-11-18,49.03,49.03,48.16,48.33,471600,SAB
2024-11-19,48.77,48.77,47.89,47.89,497100,SAB
2024-11-20,47.63,48.33,47.63,48.33,414600,SAB
2024-11-21,48.42,48.42,47.99,48.16,243200,SAB
2024-11-22,48.16,48.77,48.16,48.24,382400,SAB
2024-11-25,48.68,48.77,48.33,48.33,388600,SAB
2024-11-26,48.42,49.03,48.42,48.86,718100,SAB
2024-11-27,48.86,49.29,48.86,48.86,432800,SAB
2024-11-28,49.11,49.2,48.33,48.33,342400,SAB
2024-11-29,48.33,48.86,48.07,48.86,436000,SAB
2024-12-02,48.94,49.55,48.77,48.94,355300,SAB
2024-12-03,48.94,49.03,48.6,48.94,374400,SAB
2024-12-04,48.94,50.51,48.77,49.99,1381400,SAB
2024-12-05,50.15,50.51,49.55,50.08,676400,SAB
2024-12-06,50.25,50.94,49.89,50.25,1069700,SAB
2024-12-09,50.25,50.42,49.82,50.08,462400,SAB
2024-12-10,50.08,50.77,49.99,50.6,735300,SAB
2024-12-11,50.68,50.86,50.15,50.15,817200,SAB
2024-12-12,50.15,50.6,50.08,50.08,507300,SAB
2024-12-13,50.08,50.25,49.82,49.99,461700,SAB
2024-12-16,49.99,50.15,49.82,49.89,206600,SAB
2024-12-17,50.08,50.15,49.64,49.89,339400,SAB
2024-12-18,49.89,50.15,49.89,49.99,270100,SAB
2024-12-19,49.64,49.89,49.11,49.55,769800,SAB
2024-12-20,49.55,49.72,49.11,49.2,778600,SAB
2024-12-23,49.64,50.6,49.38,49.82,588200,SAB
2024-12-24,49.89,50.08,49.64,49.82,510800,SAB
2024-12-25,50.08,50.34,49.82,49.99,845200,SAB
2024-12-26,49.81,50.53,49.81,50.26,866500,SAB
2024-12-27,50.35,50.35,49.71,50.35,632700,SAB
2024-12-30,50.26,50.61,49.81,50.61,478700,SAB
2024-12-31,50.44,50.44,50.08,50.08,366000,SAB
2025-01-02,50.35,50.35,49.71,50.16,359100,SAB
2025-01-03,50.16,50.26,49.63,49.63,367400,SAB
2025-01-06,49.54,50.26,48.36,48.36,941500,SAB
2025-01-07,48.46,48.91,48.46,48.46,403600,SAB
2025-01-08,48.46,48.63,48.36,48.46,496600,SAB
2025-01-09,48.46,48.72,48.27,48.36,411400,SAB
2025-01-10,48.36,48.72,48.36,48.36,475600,SAB
2025-01-13,48.18,49.08,48.09,48.81,462200,SAB
2025-01-14,48.72,49.18,48.72,49.18,329200,SAB
2025-01-15,49.63,49.63,49.08,49.63,331800,SAB
2025-01-16,49.44,49.99,48.54,48.72,572400,SAB
2025-01-17,48.63,49.63,48.01,48.18,637800,SAB
2025-01-20,48.36,48.91,48.36,48.81,200400,SAB
2025-01-21,49.08,49.08,48.27,48.36,257900,SAB
2025-01-22,48.63,48.81,48.36,48.46,201200,SAB
2025-01-23,48.72,48.81,48.36,48.72,235100,SAB
2025-01-24,48.46,48.81,48.46,48.54,302900,SAB
2025-02-03,48.36,48.54,47.46,47.55,598200,SAB
2025-02-04,47.64,47.82,47.28,47.55,438000,SAB
2025-02-05,47.64,47.91,47.55,47.91,269800,SAB
2025-02-06,48.01,48.01,47.55,47.55,352600,SAB
2025-02-07,47.55,47.64,47.19,47.28,768400,SAB
2025-02-10,47.1,47.28,46.92,47.1,645100,SAB
2025-02-11,47.01,47.1,46.47,46.56,747000,SAB
2025-02-12,46.64,46.92,46.64,46.83,90500,SAB
2025-02-13,46.83,46.92,46.64,46.64,274800,SAB
2025-02-14,47.28,47.28,46.47,46.56,668700,SAB
2025-02-17,46.47,46.56,46.02,46.11,1115900,SAB
2025-02-18,46.11,46.47,46.02,46.19,489700,SAB
2025-02-19,46.19,46.37,46.11,46.29,871100,SAB
2025-02-20,46.47,46.56,46.29,46.37,580300,SAB
2025-02-21,46.56,47.1,46.37,46.74,751900,SAB
2025-02-24,46.74,47.28,46.74,47.28,713800,SAB
2025-02-25,48.27,48.27,47.01,47.28,484400,SAB
2025-02-26,47.37,47.37,46.92,47.1,647800,SAB
2025-02-27,47.1,47.19,46.74,47.1,457200,SAB
2025-02-28,46.92,47.19,46.47,46.47,928900,SAB
2025-03-03,46.92,46.92,46.47,46.64,580400,SAB
2025-03-04,46.64,47.01,46.47,46.92,736100,SAB
2025-03-05,46.92,47.01,46.56,46.74,480300,SAB
2025-03-06,46.74,46.83,46.29,46.37,1209600,SAB
2025-03-07,46.83,46.92,46.11,46.19,1424200,SAB
2025-03-10,46.47,46.64,46.02,46.37,1214300,SAB
2025-03-11,46.29,46.37,45.92,46.19,1571800,SAB
2025-03-12,46.02,46.47,46.02,46.11,1576300,SAB
2025-03-13,46.11,46.47,46.02,46.11,1125100,SAB
2025-03-14,46.29,47.28,46.19,46.56,1387600,SAB
2025-03-17,46.92,47.01,46.37,46.56,738900,SAB
2025-03-18,46.56,46.83,46.11,46.11,1619800,SAB
2025-03-19,46.29,46.29,45.84,45.84,2188100,SAB
2025-03-20,45.92,46.11,45.57,45.66,1384600,SAB
2025-03-21,45.84,45.84,45.39,45.39,1204900,SAB
2025-03-24,45.39,45.47,45.02,45.02,1549500,SAB
2025-03-25,45.2,45.29,44.71,44.71,1603600,SAB
2025-03-26,44.71,45.2,44.57,44.71,1262300,SAB
2025-03-27,44.71,44.84,44.62,44.71,988300,SAB
2025-03-28,44.75,44.84,44.39,44.49,1139000,SAB
2025-03-31,44.44,44.57,44.12,44.12,1125000,SAB
2025-04-01,44.25,44.75,44.07,44.52,955800,SAB
2025-04-02,44.57,44.62,44.3,44.49,630100,SAB
2025-04-03,43.58,43.58,41.37,41.37,3156200,SAB
2025-04-04,38.48,40.47,38.48,39.11,3848700,SAB
2025-04-08,39.11,40.2,38.26,38.43,3263800,SAB
2025-04-09,37.44,40.25,37.44,39.79,3152100,SAB
2025-04-10,42.54,42.54,42.5,42.54,598500,SAB
2025-04-11,43.31,44.75,42.54,44.21,4010000,SAB
2025-04-14,44.67,44.89,43.8,44.67,2473300,SAB
2025-04-15,44.25,44.3,43.13,43.94,2331300,SAB
2025-04-16,43.49,43.76,42.72,42.95,1343400,SAB
2025-04-17,42.68,42.85,42.37,42.4,1363100,SAB
2025-04-18,42.77,43.31,42.59,42.72,845000,SAB
2025-04-21,42.68,42.95,42.5,42.5,472500,SAB
2025-04-22,42.4,42.85,40.6,42.05,1204500,SAB
2025-04-23,43.13,43.85,42.77,43.85,1164100,SAB
2025-04-24,44.21,44.52,44.03,44.39,1696900,SAB
2025-04-25,44.39,44.67,44.12,44.67,1951100,SAB
2025-04-28,44.62,46.29,44.44,46.19,1966300,SAB
2025-04-29,45.84,45.84,43.4,43.4,4405000,SAB
2025-05-05,43.04,43.22,43.04,43.22,1250000,SAB
2025-05-06,43.72,43.72,43.08,43.17,789500,SAB
2025-05-07,43.35,43.67,43.31,43.35,767300,SAB
2025-05-08,43.4,43.99,43.4,43.8,858200,SAB
2025-05-09,44.84,44.84,44.07,44.21,939400,SAB
2025-05-12,44.39,44.67,44.21,44.62,1225700,SAB
2025-05-13,44.75,44.75,44.39,44.44,1005900,SAB
2025-05-14,44.3,44.8,44.3,44.67,1128000,SAB
2025-05-15,44.67,45.66,44.67,45.39,1279400,SAB
2025-05-16,45.39,45.74,45.29,45.57,699300,SAB
2025-05-19,45.29,45.29,44.75,44.84,753400,SAB
2025-05-20,44.67,45.02,44.62,44.94,583600,SAB
2025-05-21,44.94,45.07,44.67,44.75,576400,SAB
2025-05-22,44.75,44.84,44.57,44.8,793900,SAB
2025-05-23,44.8,44.84,44.49,44.62,396500,SAB
2025-05-26,45.02,45.02,43.94,44.62,715800,SAB
2025-05-27,44.89,44.89,44.57,44.62,590800,SAB
2025-05-28,44.75,44.84,44.44,44.62,597900,SAB
2025-05-29,44.67,44.94,44.44,44.44,773000,SAB
2025-05-30,44.44,44.49,43.94,43.99,1703200,SAB
2025-06-02,43.99,44.52,43.8,44.35,569400,SAB
2025-06-03,44.39,44.71,44.39,44.67,604500,SAB
2025-06-04,44.75,45.74,44.71,45.2,1483800,SAB
2025-06-05,45.12,45.29,44.67,44.67,994000,SAB
2025-06-06,44.67,44.89,44.25,44.25,754000,SAB
2025-06-09,44.25,44.57,44.07,44.07,923500,SAB
2025-06-10,44.44,44.44,44.03,44.07,844500,SAB
2025-06-11,44.12,44.3,44.07,44.21,347400,SAB
2025-06-12,44.3,44.75,44.3,44.62,631300,SAB
2025-06-13,44.57,44.57,44.12,44.3,961900,SAB
2025-06-16,44.21,44.84,44.21,44.71,976600,SAB
2025-06-17,44.75,45.84,44.71,45.07,1505900,SAB
2025-06-18,45.07,45.2,44.67,44.67,1297100,SAB
2025-06-19,44.84,44.97,44.39,44.62,1024900,SAB
2025-06-20,44.67,44.75,44.49,44.67,716600,SAB
2025-06-23,44.39,44.62,44.3,44.44,1049600,SAB
2025-06-24,44.67,44.8,44.52,44.8,710200,SAB
2025-06-25,44.52,45.57,44.52,45.39,1762000,SAB
2025-06-26,45.74,45.84,45.39,45.57,1283600,SAB
2025-06-27,45.66,45.92,45.39,45.66,3001500,SAB
2025-06-30,45.66,45.8,44.98,45.08,1923100,SAB
2025-07-01,45.08,45.08,44.6,44.65,904400,SAB
2025-07-02,44.6,44.6,44.22,44.5,1099500,SAB
2025-07-03,44.5,44.7,44.36,44.36,1535400,SAB
2025-07-04,44.7,44.7,44.41,44.5,848400,SAB
2025-07-07,44.6,44.74,44.41,44.5,1320400,SAB
2025-07-08,44.55,44.94,44.55,44.94,1639400,SAB
2025-07-09,45.08,45.8,44.98,45.7,2602200,SAB
2025-07-10,45.75,46.37,45.75,46.13,2150900,SAB
2025-07-11,46.13,46.28,45.56,46.18,2444000,SAB
2025-07-14,46.18,46.37,45.7,46.04,1272000,SAB
2025-07-15,46.04,46.9,45.99,46.09,2151700,SAB
2025-07-16,46.09,46.18,45.7,46.04,1366400,SAB
2025-07-17,46.09,46.71,45.89,46.42,2042400,SAB
2025-07-18,46.57,46.57,46.04,46.23,1338400,SAB
2025-07-21,46.09,46.37,45.75,45.75,1645300,SAB
2025-07-22,45.8,45.94,45.56,45.85,797900,SAB
2025-07-23,45.89,46.9,45.56,46.61,2660200,SAB
2025-07-24,46.95,47.96,46.71,47.0,2245700,SAB
2025-07-25,47.0,47.09,46.85,47.09,1335000,SAB
2025-07-28,47.33,47.48,46.9,47.29,2668300,SAB
2025-07-29,47.29,47.48,45.42,45.42,2638000,SAB
2025-07-30,45.46,45.85,45.42,45.66,2020500,SAB
2025-07-31,45.75,46.42,45.56,45.7,1914100,SAB
2025-08-01,45.75,46.09,45.75,45.99,1031600,SAB
2025-08-04,46.04,46.13,45.7,46.13,804800,SAB
2025-08-05,46.13,46.23,45.46,45.56,2101200,SAB
2025-08-06,45.66,46.18,45.42,45.85,980700,SAB
2025-08-07,46.04,46.04,45.61,45.75,860100,SAB
2025-08-08,45.75,46.18,45.66,45.89,930800,SAB
2025-08-11,46.04,46.57,46.04,46.23,1467500,SAB
2025-08-12,46.42,46.57,46.23,46.33,1258100,SAB
2025-08-13,46.47,46.47,45.89,45.99,1126700,SAB
2025-08-14,46.13,46.13,45.8,45.94,1143800,SAB
2025-08-15,45.99,45.99,45.46,45.56,1553000,SAB
2025-08-18,45.61,45.8,45.22,45.22,962200,SAB
2025-08-19,45.32,45.42,45.13,45.22,1046500,SAB
2025-08-20,45.22,45.22,44.65,44.84,1212700,SAB
2025-08-21,44.65,44.98,44.41,44.7,1406200,SAB
2025-08-22,44.6,44.7,43.83,43.93,1847600,SAB
2025-08-25,43.93,44.12,43.64,43.74,990900,SAB
2025-08-26,43.74,44.02,43.59,44.02,696900,SAB
2025-08-27,44.22,44.41,43.98,44.12,1209900,SAB
2025-08-28,44.12,44.74,44.12,44.65,545500,SAB
2025-08-29,44.89,44.98,44.65,44.65,788100,SAB
2025-09-03,44.7,44.7,44.36,44.46,558900,SAB
2025-09-04,44.6,45.27,44.46,45.18,1013000,SAB
2025-09-05,45.32,45.56,45.18,45.37,1242400,SAB
2025-09-08,45.56,45.61,44.84,44.89,869100,SAB
2025-09-09,44.84,44.89,44.31,44.41,858200,SAB
2025-09-10,44.6,44.7,44.26,44.36,506700,SAB
2025-09-11,44.5,44.6,43.83,44.5,705600,SAB
2025-09-12,44.41,45.46,44.41,44.74,1050800,SAB
2025-09-15,45.03,45.08,44.74,44.79,507500,SAB
2025-09-16,45.03,46.18,44.7,45.85,2744100,SAB
2025-09-17,45.85,46.18,45.37,45.37,983000,SAB
2025-09-18,45.51,45.61,44.79,44.89,1010400,SAB
2025-09-19,45.03,45.03,44.12,44.12,1385500,SAB
2025-09-22,44.22,44.55,43.64,43.83,1354200,SAB
2025-09-23,43.93,44.22,43.78,43.93,447500,SAB
2025-09-24,44.02,44.22,43.64,44.22,503600,SAB
2025-09-25,44.26,44.36,43.88,43.98,468600,SAB
2025-09-26,44.17,44.17,43.78,43.78,480800,SAB
2025-09-29,43.83,43.83,43.5,43.64,571100,SAB
2025-09-30,43.64,43.74,43.31,43.35,553000,SAB
2025-10-01,43.45,43.69,43.35,43.45,324100,SAB
2025-10-02,43.55,43.88,43.55,43.55,696400,SAB
2025-10-03,43.59,43.93,43.55,43.69,425600,SAB
2025-10-06,44.17,44.31,43.83,44.26,894200,SAB
2025-10-07,44.55,44.55,44.02,44.12,690800,SAB
2025-10-08,44.41,44.5,44.07,44.07,517900,SAB
2025-10-09,44.12,44.17,43.69,43.74,557300,SAB
2025-10-10,43.74,44.07,43.69,43.98,481500,SAB
2025-10-13,43.64,44.07,43.5,44.07,521600,SAB
2025-10-14,43.93,44.07,43.55,43.55,579100,SAB
2025-10-15,43.59,43.83,43.4,43.4,544100,SAB
2025-10-16,43.45,43.74,43.26,43.35,467500,SAB
2025-10-17,43.35,43.64,43.07,43.4,825800,SAB
2025-10-20,43.21,43.4,42.2,42.2,961100,SAB
2025-10-21,42.35,42.68,42.2,42.63,806800,SAB
2025-10-22,42.63,42.97,42.44,42.97,390300,SAB
2025-10-23,42.97,43.78,42.73,43.59,730200,SAB
2025-10-24,43.64,43.64,43.16,43.31,354200,SAB
2025-10-27,43.64,43.88,43.35,43.59,691600,SAB
2025-10-28,43.59,43.78,43.5,43.59,405600,SAB
2025-10-29,43.93,44.12,43.59,43.88,762700,SAB
2025-10-30,44.02,44.02,43.55,43.83,623700,SAB
2025-10-31,43.98,44.02,43.74,43.98,575000,SAB
2025-11-03,43.93,44.74,43.88,44.41,858900,SAB
2025-11-04,44.55,44.55,43.64,44.36,851500,SAB
2025-11-05,44.41,44.46,44.07,44.31,566500,SAB
2025-11-06,44.12,44.41,44.02,44.26,543600,SAB
2025-11-07,44.02,44.5,44.02,44.22,560000,SAB
2025-11-10,44.31,44.46,44.12,44.12,515600,SAB
2025-11-11,44.07,45.32,44.02,44.89,1271900,SAB
2025-11-12,44.89,45.18,44.7,45.03,753600,SAB
2025-11-13,45.18,45.61,44.94,45.46,1122200,SAB
2025-11-14,45.46,45.61,45.13,45.18,842800,SAB
2025-11-17,45.18,45.66,45.18,45.32,1032700,SAB
2025-11-18,45.37,45.56,44.89,45.27,623200,SAB
2025-11-19,45.27,45.27,44.98,45.08,665000,SAB
2025-11-20,45.46,45.56,45.03,45.13,776700,SAB
2025-11-21,45.03,45.03,44.6,44.79,542300,SAB
2025-11-24,44.79,45.08,44.26,44.26,863800,SAB
2025-11-25,44.31,44.89,44.22,44.41,435300,SAB
2025-11-26,44.5,44.89,44.5,44.6,374600,SAB
2025-11-27,44.84,44.84,44.46,44.5,301100,SAB
2025-11-28,44.5,44.74,44.41,44.5,381200,SAB
2025-12-01,44.65,47.57,44.65,47.0,4104800,SAB
2025-12-02,47.0,50.26,46.85,50.26,5646800,SAB
2025-12-03,51.79,52.18,49.78,49.78,3231900,SAB
2025-12-04,49.4,50.07,48.44,48.82,2805000,SAB
2025-12-05,48.82,49.2,47.77,47.77,2542700,SAB
2025-12-08,47.77,51.03,47.67,51.03,5248000,SAB
2025-12-09,52.27,53.04,51.12,51.12,4328800,SAB
2025-12-10,51.12,51.22,49.3,49.4,2433700,SAB
2025-12-11,49.59,50.83,49.4,50.16,1643600,SAB
2025-12-12,49.88,50.45,47.91,47.96,2534500,SAB
2025-12-15,48.24,49.4,47.96,48.44,1509700,SAB
2025-12-16,48.92,49.88,46.13,49.59,2083100,SAB
2025-12-17,49.68,49.68,48.05,48.05,1555300,SAB
2025-12-18,48.53,48.63,47.77,48.15,1042600,SAB
2025-12-19,48.15,48.15,47.57,47.67,1138800,SAB
2025-12-22,47.67,48.24,47.43,47.57,995900,SAB
2025-12-23,47.67,47.86,46.9,47.48,1429100,SAB
2025-12-24,47.48,47.57,46.81,46.81,997100,SAB
2025-12-25,46.81,47.48,46.23,46.23,1145900,SAB
2025-12-26,46.13,47.19,46.13,46.76,1433800,SAB
2025-12-29,46.81,47.24,46.61,46.81,882900,SAB
2025-12-30,46.9,47.86,46.42,47.57,1279000,SAB
2025-12-31,47.57,47.57,47.0,47.0,579700,SAB
2026-01-05,47.14,47.19,46.09,46.13,1623700,SAB
2026-01-06,46.23,46.23,45.22,45.61,1942000,SAB
2026-01-07,45.66,46.85,45.66,46.52,2000300,SAB
2026-01-08,46.52,47.38,46.33,46.33,1599300,SAB
2026-01-09,46.9,47.86,46.61,46.95,2041500,SAB
2026-01-12,47.2,47.45,46.15,47.0,1678300,SAB
2026-01-13,47.05,50.2,47.05,50.2,3322400,SAB
2026-01-14,51.3,53.7,51.3,53.7,4550700,SAB
2026-01-15,55.0,57.1,52.7,52.7,6078400,SAB
2026-01-16,52.7,53.8,51.8,52.5,2852800,SAB
2026-01-19,52.5,52.7,50.2,51.1,2768200,SAB
2026-01-20,52.0,54.3,51.5,52.3,3633500,SAB
2026-01-21,52.0,52.0,50.2,50.6,2222400,SAB
2026-01-22,51.0,52.0,50.5,50.6,1396700,SAB
2026-01-23,50.7,51.3,48.9,49.3,2328200,SAB
2026-01-26,49.3,50.0,48.3,48.5,1694200,SAB
2026-01-27,48.95,49.55,48.25,49.55,1290400,SAB
2026-01-28,49.9,50.3,48.75,48.95,1151800,SAB
2026-01-29,49.1,50.6,49.0,50.3,1623900,SAB
2026-01-30,51.0,51.4,49.9,49.9,1724800,SAB
2026-02-02,49.9,50.9,49.2,49.9,1193500,SAB
2026-02-03,50.9,52.4,50.3,52.1,2564900,SAB
2026-02-04,52.4,53.3,51.6,51.7,1558600,SAB
2026-02-05,52.2,52.2,50.0,50.1,1682000,SAB
2026-02-06,49.5,49.8,48.7,48.75,1886100,SAB
2026-02-09,48.9,49.45,48.9,49.45,519800,SAB
2026-02-10,49.45,49.65,47.75,48.35,1278300,SAB
2026-02-11,48.4,48.8,48.05,48.7,675500,SAB
2026-02-12,48.7,49.2,48.5,48.8,508400,SAB
2026-02-13,49.0,49.0,48.4,48.5,758900,SAB
2026-02-23,48.6,49.15,48.6,48.85,747400,SAB
2026-02-24,48.85,49.25,48.65,48.8,812400,SAB
2026-02-25,48.8,49.9,48.8,49.2,1341700,SAB
2026-02-26,49.5,49.55,48.8,49.1,1107900,SAB
2026-02-27,49.1,49.2,48.35,48.4,1197000,SAB
2026-03-02,47.05,47.85,47.0,47.2,1618800,SAB
2026-03-03,47.0,47.45,45.3,46.0,2424900,SAB
2026-03-04,46.05,46.5,45.2,46.0,1327100,SAB
2026-03-05,46.15,46.45,45.65,45.65,768200,SAB
2026-03-06,45.65,46.2,45.55,45.6,804600,SAB
2026-03-09,43.75,44.0,42.45,42.45,3538000,SAB
2026-03-10,43.6,44.75,43.1,44.75,1473200,SAB
2026-03-11,44.6,45.0,44.05,44.8,966300,SAB
2026-03-12,44.65,44.65,43.7,43.75,824200,SAB
2026-03-13,43.75,44.65,43.65,44.4,599500,SAB
2026-03-16,44.2,44.65,44.1,44.5,465900,SAB
2026-03-17,44.5,45.2,44.35,44.35,700800,SAB
2026-03-18,44.5,44.85,43.9,44.45,577100,SAB
2026-03-19,44.35,44.45,43.6,44.35,840600,SAB
2026-03-20,44.35,44.35,42.6,42.6,1019800,SAB
2026-03-23,42.5,43.2,42.2,42.9,789200,SAB
2026-03-24,43.45,45.1,43.25,45.1,779500,SAB
2026-03-25,44.8,45.15,44.4,44.75,817400,SAB
2026-03-26,44.65,44.65,43.6,43.75,472100,SAB
2026-03-27,44.0,44.35,43.75,44.15,346700,SAB
2026-03-30,43.9,44.55,42.05,44.15,668100,SAB
2026-03-31,44.25,44.65,44.15,44.3,413500,SAB
2026-04-01,44.75,44.8,44.35,44.5,469200,SAB
2026-04-02,44.7,44.7,44.1,44.2,401600,SAB
2026-04-03,44.6,44.75,44.1,44.1,543600,SAB
2026-04-06,44.2,44.75,44.05,44.4,640800,SAB
2026-04-07,44.45,44.6,43.9,44.05,408500,SAB
2026-04-08,44.95,45.55,44.5,45.4,901300,SAB
2026-04-09,45.0,45.45,44.85,45.1,510700,SAB
2026-04-10,45.15,45.95,45.15,45.8,627600,SAB
2026-04-13,45.5,46.0,45.25,45.45,427500,SAB
2026-04-14,45.75,45.95,45.05,45.15,554900,SAB
2026-04-15,45.65,46.35,45.15,46.15,805700,SAB
2026-04-16,46.2,46.2,45.3,45.75,349400,SAB
2026-04-17,46.0,46.45,45.3,45.5,676000,SAB
2026-04-20,45.5,45.9,45.35,45.5,249100,SAB
2018-05-17,64.42,64.42,64.42,64.42,18000,VHM
2018-05-18,64.42,64.42,64.42,64.42,0,VHM
2018-05-21,64.42,64.42,64.42,64.42,0,VHM
2018-05-22,68.91,68.91,68.91,68.91,20,VHM
2018-05-23,66.75,66.75,64.13,64.3,4839580,VHM
2018-05-24,64.6,66.93,64.19,66.75,1937240,VHM
2018-05-25,66.93,69.9,66.75,68.5,1749720,VHM
2018-05-28,64.71,68.79,64.71,68.21,2944740,VHM
2018-05-29,68.21,68.33,65.94,67.63,884320,VHM
2018-05-30,67.63,68.21,65.88,68.21,2448260,VHM
2018-05-31,68.21,68.5,67.1,67.1,1178690,VHM
2018-06-01,67.1,68.5,66.75,67.92,814870,VHM
2018-06-04,67.63,68.74,67.34,68.74,1762630,VHM
2018-06-05,68.74,69.38,68.21,68.79,1229890,VHM
2018-06-06,68.5,70.48,68.21,69.96,712230,VHM
2018-06-07,71.13,71.13,65.06,69.96,1167210,VHM
2018-06-08,69.96,70.48,68.5,69.96,462940,VHM
2018-06-11,70.43,70.43,69.38,69.96,425790,VHM
2018-06-12,69.96,69.96,68.21,68.79,816310,VHM
2018-06-13,68.79,69.03,68.56,68.79,289590,VHM
2018-06-14,68.79,69.09,67.8,68.21,624230,VHM
2018-06-15,68.62,68.62,67.92,67.92,213150,VHM
2018-06-18,67.92,68.79,67.63,67.92,626280,VHM
2018-06-19,67.92,67.92,66.87,67.05,770730,VHM
2018-06-20,62.44,67.63,62.44,67.05,613980,VHM
2018-06-21,67.05,67.1,66.46,67.05,117280,VHM
2018-06-22,67.05,67.05,66.46,66.58,83230,VHM
2018-06-25,66.58,67.57,66.58,67.34,214260,VHM
2018-06-26,67.34,67.34,66.52,67.05,112440,VHM
2018-06-27,65.59,66.52,64.13,64.13,305740,VHM
2018-06-28,64.13,65.88,62.96,64.13,185920,VHM
2018-06-29,65.88,65.88,63.26,65.53,321730,VHM
2018-07-02,65.59,65.59,64.13,64.89,456190,VHM
2018-07-03,64.89,64.89,60.4,60.4,165430,VHM
2018-07-04,59.52,64.6,59.52,64.6,1358170,VHM
2018-07-05,64.6,67.05,64.6,66.46,1208630,VHM
2018-07-06,65.0,66.4,65.0,65.59,497040,VHM
2018-07-09,65.59,66.11,65.59,65.76,134390,VHM
2018-07-10,65.7,65.76,63.26,64.71,298180,VHM
2018-07-11,64.13,64.71,62.96,63.96,86370,VHM
2018-07-12,63.96,64.6,62.96,64.13,113470,VHM
2018-07-13,62.56,64.71,62.56,63.72,57420,VHM
2018-07-16,64.42,64.42,61.8,61.8,93750,VHM
2018-07-17,63.55,64.71,61.8,61.8,410540,VHM
2018-07-18,64.13,64.13,62.38,62.61,115930,VHM
2018-07-19,62.96,62.96,62.09,62.09,359780,VHM
2018-07-20,62.38,62.96,61.86,62.32,361710,VHM
2018-07-23,60.05,63.84,60.05,62.85,140470,VHM
2018-07-24,60.05,62.79,60.05,62.09,52950,VHM
2018-07-25,62.38,62.38,61.45,62.09,123900,VHM
2018-07-26,62.09,62.85,61.8,61.8,205970,VHM
2018-07-27,61.8,62.09,61.22,61.74,67370,VHM
2018-07-30,61.8,64.42,61.22,64.42,324540,VHM
2018-07-31,65.3,65.3,63.43,64.3,170450,VHM
2018-08-01,64.3,64.36,63.26,63.31,320670,VHM
2018-08-02,64.07,64.07,63.31,63.43,265210,VHM
2018-08-03,63.66,63.96,63.26,63.55,398200,VHM
2018-08-06,63.55,63.61,63.43,63.55,182880,VHM
2018-08-07,63.55,63.55,62.38,62.67,160500,VHM
2018-08-08,62.67,63.43,62.67,62.96,134310,VHM
2018-08-09,62.96,63.55,62.96,63.37,285670,VHM
2018-08-10,63.55,63.55,61.8,62.32,120470,VHM
2018-08-13,63.2,63.2,62.32,62.67,1088420,VHM
2018-08-14,62.38,62.96,62.38,62.85,406610,VHM
2018-08-15,62.85,62.91,62.44,62.85,436300,VHM
2018-08-16,62.85,62.91,62.44,62.85,726220,VHM
2018-08-17,66.46,66.46,63.43,63.43,1125570,VHM
2018-08-20,64.95,64.95,63.43,63.43,575880,VHM
2018-08-21,63.43,64.42,63.43,64.07,741280,VHM
2018-08-22,64.07,64.6,63.9,64.07,415780,VHM
2018-08-23,64.13,65.35,64.13,65.24,1371780,VHM
2018-08-24,65.41,65.82,64.77,65.0,1340480,VHM
2018-08-27,65.24,65.24,64.89,65.0,913670,VHM
2018-08-28,65.0,65.0,64.42,64.71,817180,VHM
2018-08-29,64.71,64.71,63.14,63.14,303590,VHM
2018-08-30,62.96,62.96,62.09,62.61,409540,VHM
2018-08-31,62.61,64.83,60.63,60.63,3027640,VHM
2018-09-04,62.32,62.79,60.75,61.16,225530,VHM
2018-09-05,61.68,61.8,61.27,61.8,318560,VHM
2018-09-06,61.8,61.8,60.98,61.22,287240,VHM
2018-09-07,60.63,61.22,60.63,61.1,459090,VHM
2018-09-10,61.51,61.51,60.98,60.98,532950,VHM
2018-09-11,60.63,61.22,60.46,60.46,483770,VHM
2018-09-12,61.1,61.1,60.52,60.63,605640,VHM
2018-09-13,60.63,61.56,60.63,61.27,836910,VHM
2018-09-14,61.68,61.8,61.39,61.51,591790,VHM
2018-09-17,61.51,62.21,61.45,61.51,1287240,VHM
2018-09-18,61.51,61.51,60.63,60.98,207550,VHM
2018-09-19,61.45,61.45,60.05,60.98,258160,VHM
2018-09-20,61.22,61.22,60.57,61.22,336900,VHM
2018-09-21,60.98,61.27,59.17,59.17,8102520,VHM
2018-09-24,59.17,60.05,59.17,59.99,634680,VHM
2018-09-25,60.05,60.28,59.23,59.7,472130,VHM
2018-09-26,59.47,59.76,59.41,59.41,473580,VHM
2018-09-27,60.05,60.92,60.05,60.63,525990,VHM
2018-09-28,61.51,61.8,60.98,61.8,846730,VHM
2018-10-01,62.09,62.44,60.11,60.11,523580,VHM
2018-10-02,60.81,61.22,60.52,60.63,534540,VHM
2018-10-03,61.16,61.16,59.41,59.47,467970,VHM
2018-10-04,60.63,60.63,59.82,59.82,331810,VHM
2018-10-05,60.63,60.63,59.52,59.52,304710,VHM
2018-10-08,60.11,60.47,58.29,58.29,265800,VHM
2018-10-09,59.16,59.89,58.29,58.29,267080,VHM
2018-10-10,59.38,59.38,58.29,58.36,378520,VHM
2018-10-11,56.1,58.43,54.72,55.74,736740,VHM
2018-10-12,55.74,57.56,55.37,56.1,666960,VHM
2018-10-15,56.1,56.1,53.19,53.26,505140,VHM
2018-10-16,53.26,54.72,53.26,54.35,349810,VHM
2018-10-17,55.59,56.1,54.64,55.66,300010,VHM
2018-10-18,55.66,55.95,55.01,55.08,146220,VHM
2018-10-19,54.35,55.44,53.91,54.5,282610,VHM
2018-10-22,54.5,55.01,54.42,54.42,252630,VHM
2018-10-23,53.77,54.28,53.48,53.99,136760,VHM
2018-10-24,53.55,54.06,52.82,52.82,233830,VHM
2018-10-25,49.91,51.15,49.54,49.91,479440,VHM
2018-10-26,49.91,50.27,46.48,47.36,1004220,VHM
2018-10-29,45.54,46.34,44.44,45.03,338080,VHM
2018-10-30,43.79,45.9,43.71,45.24,574230,VHM
2018-10-31,45.39,48.38,45.39,48.38,1099060,VHM
2018-11-01,47.43,51.0,47.43,50.27,871070,VHM
2018-11-02,51.0,53.77,51.0,52.46,1170010,VHM
2018-11-05,53.19,53.77,51.73,52.46,758430,VHM
2018-11-06,53.19,53.19,51.73,52.46,379000,VHM
2018-11-07,52.75,52.97,51.58,52.97,298710,VHM
2018-11-08,53.48,54.42,53.19,54.42,481780,VHM
2018-11-09,54.28,55.81,53.91,55.37,520370,VHM
2018-11-12,54.93,55.52,54.72,55.37,274460,VHM
2018-11-13,53.26,55.37,53.26,55.23,271790,VHM
2018-11-14,55.23,55.37,54.64,55.23,284050,VHM
2018-11-15,54.5,55.23,54.28,55.01,301910,VHM
2018-11-16,54.28,54.57,51.36,51.87,788790,VHM
2018-11-19,52.09,53.11,50.93,53.11,323690,VHM
2018-11-20,52.53,55.01,52.53,54.64,500750,VHM
2018-11-21,54.64,55.23,53.33,55.23,451550,VHM
2018-11-22,55.01,56.83,54.64,56.1,504210,VHM
2018-11-23,56.1,56.68,55.44,55.44,89640,VHM
2018-11-26,55.37,56.32,55.01,56.1,301550,VHM
2018-11-27,56.46,57.27,56.39,57.05,399420,VHM
2018-11-28,56.83,57.12,56.46,57.05,170200,VHM
2018-11-29,57.19,57.48,57.12,57.34,473940,VHM
2018-11-30,57.34,57.48,55.37,56.68,593960,VHM
2018-12-03,57.19,57.34,56.61,56.61,194530,VHM
2018-12-04,56.83,60.47,56.83,59.74,700280,VHM
2018-12-05,58.29,60.11,58.29,58.8,384670,VHM
2018-12-06,59.01,59.67,58.65,59.31,256140,VHM
2018-12-07,59.31,59.31,58.29,58.29,250620,VHM
2018-12-10,58.14,58.29,57.56,58.29,345240,VHM
2018-12-11,59.31,59.31,58.21,58.5,141650,VHM
2018-12-12,58.5,58.58,58.07,58.5,204900,VHM
2018-12-13,58.36,59.23,58.36,58.5,162470,VHM
2018-12-14,58.5,58.5,57.92,58.14,97030,VHM
2018-12-17,58.14,58.21,55.74,56.46,461140,VHM
2018-12-18,55.37,56.83,55.01,56.46,323660,VHM
2018-12-19,56.83,56.83,55.88,56.46,217620,VHM
2018-12-20,55.95,56.54,55.95,56.39,184090,VHM
2018-12-21,55.95,55.95,53.84,53.84,1469270,VHM
2018-12-24,54.64,55.37,54.13,54.21,172180,VHM
2018-12-25,53.19,53.91,52.68,53.55,232270,VHM
2018-12-26,53.26,53.55,52.02,52.46,547940,VHM
2018-12-27,53.84,53.84,53.11,53.4,304690,VHM
2018-12-28,53.77,54.28,53.48,53.48,399190,VHM
2019-01-02,53.7,53.7,52.97,53.55,334420,VHM
2019-01-03,52.53,53.33,52.09,53.33,475210,VHM
2019-01-04,52.46,54.28,51.66,53.91,277640,VHM
2019-01-07,54.35,54.35,53.4,54.06,186030,VHM
2019-01-08,53.91,54.06,53.26,54.06,205460,VHM
2019-01-09,54.28,54.28,53.91,54.06,92720,VHM
2019-01-10,54.28,54.35,53.55,54.35,108550,VHM
2019-01-11,54.57,55.81,54.42,55.81,241490,VHM
2019-01-14,56.83,56.83,55.81,56.32,193920,VHM
2019-01-15,56.1,58.21,56.1,58.21,297510,VHM
2019-01-16,58.21,59.74,57.63,58.5,327390,VHM
2019-01-17,58.94,59.16,58.14,58.14,214330,VHM
2019-01-18,58.58,59.09,57.56,58.65,289350,VHM
2019-01-21,59.01,59.01,58.29,58.65,411510,VHM
2019-01-22,58.72,59.01,57.99,57.99,285720,VHM
2019-01-23,58.21,58.29,57.56,57.99,214610,VHM
2019-01-24,57.99,57.99,56.83,57.41,176750,VHM
2019-01-25,57.19,57.34,56.46,56.83,226260,VHM
2019-01-28,58.29,58.72,56.68,58.72,284550,VHM
2019-01-29,59.38,59.38,58.65,59.38,334250,VHM
2019-01-30,58.58,59.74,58.58,59.74,246940,VHM
2019-01-31,59.74,59.74,57.99,58.29,773010,VHM
2019-02-01,58.29,58.29,57.99,58.29,974540,VHM
2019-02-11,59.01,59.01,57.99,58.21,353110,VHM
2019-02-12,58.58,58.58,57.92,58.29,531210,VHM
2019-02-13,58.36,58.87,57.78,58.29,506510,VHM
2019-02-14,58.58,60.18,58.36,59.67,971710,VHM
2019-02-15,59.74,59.74,59.09,59.16,422250,VHM
2019-02-18,59.38,59.74,58.87,59.74,607000,VHM
2019-02-19,60.11,63.9,60.11,63.39,1244300,VHM
2019-02-20,63.39,66.15,63.39,65.86,815580,VHM
2019-02-21,65.94,70.45,64.99,70.45,1209870,VHM
2019-02-22,69.21,70.31,67.54,67.83,950950,VHM
2019-02-25,68.85,69.29,66.52,67.03,838040,VHM
2019-02-26,67.03,67.76,65.57,67.03,1103360,VHM
2019-02-27,67.76,67.98,66.66,67.54,896260,VHM
2019-02-28,67.1,67.25,63.75,63.75,1270190,VHM
2019-03-01,64.48,66.59,63.75,66.3,806340,VHM
2019-03-04,67.03,68.12,65.28,67.9,910620,VHM
2019-03-05,67.17,67.68,65.94,66.3,1152650,VHM
2019-03-06,66.3,66.96,66.15,66.88,592410,VHM
2019-03-07,67.03,69.43,66.96,67.03,1306970,VHM
2019-03-08,67.03,67.68,66.59,66.66,699850,VHM
2019-03-11,66.3,67.25,65.57,65.57,533740,VHM
2019-03-12,66.45,67.47,66.23,67.25,864570,VHM
2019-03-13,67.39,69.94,67.39,68.49,1654850,VHM
2019-03-14,68.7,68.92,67.61,68.49,708190,VHM
2019-03-15,68.49,68.49,67.39,67.98,2496760,VHM
2019-03-18,68.49,69.14,68.49,68.7,1056390,VHM
2019-03-19,69.21,69.36,68.12,68.49,1100900,VHM
2019-03-20,68.05,68.05,66.3,67.17,1061950,VHM
2019-03-21,67.76,67.76,64.26,64.26,1009930,VHM
2019-03-22,64.92,66.45,64.11,66.37,957080,VHM
2019-03-25,65.21,65.21,63.75,64.84,793070,VHM
2019-03-26,65.57,66.08,65.21,65.5,617980,VHM
2019-03-27,66.3,66.3,65.5,65.64,389620,VHM
2019-03-28,65.79,67.98,65.57,67.83,894540,VHM
2019-03-29,68.49,68.7,66.66,66.66,1054060,VHM
2019-04-01,67.32,68.34,66.88,67.32,334480,VHM
2019-04-02,68.05,68.27,67.03,67.17,359690,VHM
2019-04-03,67.17,67.17,66.37,67.03,281350,VHM
2019-04-04,67.03,67.61,66.52,67.03,489550,VHM
2019-04-05,67.39,67.9,67.1,67.47,454260,VHM
2019-04-08,67.76,68.92,67.54,68.92,657320,VHM
2019-04-09,69.21,69.94,67.76,68.34,973210,VHM
2019-04-10,68.34,68.34,67.25,67.39,328400,VHM
2019-04-11,67.61,68.34,67.17,68.12,233360,VHM
2019-04-12,68.05,68.19,67.03,67.98,299590,VHM
2019-04-16,65.57,66.96,63.97,66.3,913790,VHM
2019-04-17,66.3,66.96,65.35,65.43,761350,VHM
2019-04-18,65.5,65.94,64.19,64.84,609680,VHM
2019-04-19,64.84,65.86,64.84,64.84,258960,VHM
2019-04-22,65.35,65.57,64.55,65.57,211620,VHM
2019-04-23,65.35,65.57,64.77,64.84,494910,VHM
2019-04-24,65.35,65.72,65.35,65.35,629420,VHM
2019-04-25,65.21,65.72,65.13,65.72,680080,VHM
2019-04-26,65.72,67.03,65.5,67.03,1070350,VHM
2019-05-02,67.03,67.25,66.23,66.59,452510,VHM
2019-05-03,66.88,66.88,65.86,65.86,621150,VHM
2019-05-06,65.57,65.57,64.55,64.84,522550,VHM
2019-05-07,65.43,65.43,63.9,64.04,576290,VHM
2019-05-08,63.39,63.6,62.22,62.37,894240,VHM
2019-05-09,61.93,62.37,60.91,61.56,983320,VHM
2019-05-10,62.37,62.66,61.05,61.2,980260,VHM
2019-05-13,61.05,62.07,61.05,61.93,691670,VHM
2019-05-14,61.2,62.66,61.2,61.93,1322520,VHM
2019-05-15,62.07,63.02,62.07,62.66,1134300,VHM
2019-05-16,62.66,63.46,62.44,63.39,953330,VHM
2019-05-17,63.39,63.39,62.88,63.17,791790,VHM
2019-05-20,63.02,63.24,62.51,63.24,638340,VHM
2019-05-21,64.04,64.19,63.17,63.17,1056700,VHM
2019-05-22,63.02,64.04,62.8,63.02,702510,VHM
2019-05-23,63.09,63.09,62.73,63.02,377180,VHM
2019-05-24,63.17,63.17,61.56,61.56,854870,VHM
2019-05-27,61.56,61.86,61.49,61.49,487560,VHM
2019-05-28,61.49,61.64,60.84,60.84,1436600,VHM
2019-05-29,61.2,61.35,60.76,60.91,921510,VHM
2019-05-30,60.91,61.05,60.11,60.18,930290,VHM
2019-05-31,60.62,60.62,59.01,59.74,720930,VHM
2019-06-03,59.74,59.74,57.99,58.72,527220,VHM
2019-06-04,58.65,59.01,57.48,58.72,557890,VHM
2019-06-05,59.16,59.38,58.5,58.72,452630,VHM
2019-06-06,58.65,58.87,57.48,58.5,582690,VHM
2019-06-07,58.65,60.47,58.21,59.89,572380,VHM
2019-06-10,60.47,60.47,59.31,59.74,596360,VHM
2019-06-11,59.74,59.74,59.23,59.67,375370,VHM
2019-06-12,59.38,59.38,57.92,58.29,893930,VHM
2019-06-13,57.92,58.29,55.81,58.29,2022580,VHM
2019-06-14,57.41,58.21,57.27,58.21,482820,VHM
2019-06-17,58.21,58.21,56.54,56.83,458320,VHM
2019-06-18,56.68,56.83,55.59,56.83,1640620,VHM
2019-06-19,56.9,57.05,56.68,56.9,729570,VHM
2019-06-20,57.12,57.48,56.83,57.12,1561250,VHM
2019-06-21,57.19,57.78,57.19,57.19,3742200,VHM
2019-06-24,57.27,58.58,57.27,57.92,1452270,VHM
2019-06-25,58.14,58.36,57.92,57.92,866490,VHM
2019-06-26,57.78,57.99,57.34,57.56,1174210,VHM
2019-06-27,57.56,57.56,56.46,56.46,815110,VHM
2019-06-28,55.81,57.92,55.74,57.78,928700,VHM
2019-07-01,57.92,59.01,57.78,59.01,1090570,VHM
2019-07-02,59.01,59.16,58.29,59.09,1087630,VHM
2019-07-03,58.72,59.74,58.36,59.74,1517660,VHM
2019-07-04,59.74,61.93,59.67,61.93,2075630,VHM
2019-07-05,61.35,62.66,60.84,62.66,1234430,VHM
2019-07-08,61.93,62.07,60.47,60.47,666020,VHM
2019-07-09,60.47,61.05,60.11,60.54,579540,VHM
2019-07-10,60.54,61.05,60.54,60.76,321230,VHM
2019-07-11,60.98,61.13,60.54,60.54,392510,VHM
2019-07-12,60.54,60.98,60.03,60.54,626820,VHM
2019-07-15,60.54,60.47,59.23,59.74,713050,VHM
2019-07-16,59.74,61.2,59.74,61.13,833350,VHM
2019-07-17,61.13,62.29,61.13,61.2,816530,VHM
2019-07-18,60.47,61.2,60.47,61.2,513470,VHM
2019-07-19,60.47,62.15,60.76,61.56,1028110,VHM
2019-07-22,61.56,61.64,61.05,61.64,471720,VHM
2019-07-23,61.64,62.66,61.42,62.51,826210,VHM
2019-07-24,62.66,63.17,62.07,62.51,542990,VHM
2019-07-25,62.51,64.77,62.29,63.75,1379690,VHM
2019-07-26,63.75,64.04,63.09,63.75,473900,VHM
2019-07-29,63.75,64.11,63.24,63.97,423030,VHM
2019-07-30,65.13,65.13,61.2,61.2,987720,VHM
2019-07-31,61.93,64.99,61.93,64.26,991720,VHM
2019-08-01,64.84,66.15,64.11,65.94,913610,VHM
2019-08-02,64.55,65.72,64.19,65.72,627380,VHM
2019-08-05,64.84,65.57,62.07,62.07,902620,VHM
2019-08-06,61.56,61.71,60.4,60.84,960830,VHM
2019-08-07,61.93,62.15,60.69,61.2,724520,VHM
2019-08-08,61.94,63.04,60.98,62.31,556040,VHM
2019-08-09,62.67,62.67,61.64,61.94,352540,VHM
2019-08-12,61.5,62.16,61.42,62.08,229140,VHM
2019-08-13,61.94,61.94,60.54,61.13,723240,VHM
2019-08-14,61.57,62.23,61.2,61.2,487320,VHM
2019-08-15,60.46,61.94,59.73,61.94,368870,VHM
2019-08-16,61.64,62.82,61.57,61.57,589570,VHM
2019-08-19,61.94,62.16,61.57,62.08,341980,VHM
2019-08-20,62.08,64.0,62.08,63.93,642320,VHM
2019-08-21,63.85,64.89,63.71,64.37,548090,VHM
2019-08-22,64.52,64.81,64.0,64.81,380330,VHM
2019-08-23,64.89,64.89,64.15,64.15,582580,VHM
2019-08-26,62.67,63.56,62.67,63.34,375290,VHM
2019-08-27,63.34,64.81,63.34,63.85,871250,VHM
2019-08-28,63.41,64.52,63.41,64.0,297410,VHM
2019-08-29,64.0,64.15,62.9,64.0,344570,VHM
2019-08-30,64.0,64.89,64.0,64.74,436220,VHM
2019-09-03,64.74,64.81,64.3,64.59,243420,VHM
2019-09-04,64.67,65.77,64.3,65.62,862730,VHM
2019-09-05,65.62,66.07,65.33,65.62,429760,VHM
2019-09-06,65.62,65.62,64.89,65.48,243750,VHM
2019-09-09,65.48,65.48,64.81,65.18,336920,VHM
2019-09-10,65.18,65.26,64.37,64.89,317650,VHM
2019-09-11,64.52,64.74,63.26,63.63,549770,VHM
2019-09-12,64.44,64.44,63.63,64.08,289830,VHM
2019-09-13,64.44,64.89,63.49,64.89,361780,VHM
2019-09-16,64.22,65.55,64.22,65.26,563460,VHM
2019-09-17,65.26,66.73,65.18,66.58,921810,VHM
2019-09-18,66.58,66.73,66.29,66.66,437190,VHM
2019-09-19,66.66,66.66,65.11,66.58,506070,VHM
2019-09-20,66.66,66.66,65.99,66.07,1032290,VHM
2019-09-23,66.07,66.29,65.48,65.99,267270,VHM
2019-09-24,65.99,66.21,65.55,65.99,286560,VHM
2019-09-25,65.7,66.29,65.4,65.99,227170,VHM
2019-09-26,65.99,66.29,64.52,65.4,533860,VHM
2019-09-27,65.4,66.21,65.11,65.85,384950,VHM
2019-09-30,66.36,66.36,65.55,65.85,491120,VHM
2019-10-01,65.99,65.99,65.4,65.77,231930,VHM
2019-10-02,65.77,65.85,65.26,65.62,462090,VHM
2019-10-03,65.26,65.85,64.89,65.85,327140,VHM
2019-10-04,65.99,65.99,65.18,65.77,428530,VHM
2019-10-07,65.62,65.62,65.03,65.62,481420,VHM
2019-10-08,65.62,65.62,64.96,65.33,315010,VHM
2019-10-09,65.33,65.48,64.96,65.26,293220,VHM
2019-10-10,65.33,65.33,64.59,65.26,359140,VHM
2019-10-11,65.33,65.33,64.89,65.18,450000,VHM
2019-10-14,65.18,65.18,64.52,64.81,285650,VHM
2019-10-15,64.52,64.74,63.26,63.71,643130,VHM
2019-10-16,63.71,63.71,62.9,63.71,630230,VHM
2019-10-17,63.63,64.89,62.9,63.78,688380,VHM
2019-10-18,63.78,64.37,63.56,64.15,327740,VHM
2019-10-21,64.15,64.15,63.12,63.78,484630,VHM
2019-10-22,63.78,64.0,63.34,63.41,350630,VHM
2019-10-23,63.41,63.41,62.67,63.34,535550,VHM
2019-10-24,63.19,63.49,62.82,63.49,543560,VHM
2019-10-25,63.41,63.56,62.97,63.41,681140,VHM
2019-10-28,63.41,63.93,63.04,63.41,728480,VHM
2019-10-29,64.15,64.89,64.08,64.59,1014970,VHM
2019-10-30,64.89,65.7,64.67,65.48,737640,VHM
2019-10-31,65.48,66.21,65.4,65.62,1008560,VHM
2019-11-01,65.92,70.2,65.77,70.2,2594030,VHM
2019-11-04,70.56,71.89,69.83,70.79,1124510,VHM
2019-11-05,70.79,72.63,70.64,72.19,1836960,VHM
2019-11-06,71.82,74.47,71.82,73.29,1675310,VHM
2019-11-07,73.07,75.43,73.07,73.37,2081650,VHM
2019-11-08,73.37,73.66,72.26,72.63,1233370,VHM
2019-11-11,72.56,73.51,72.19,72.78,765160,VHM
2019-11-12,73.0,73.29,71.89,72.11,1380830,VHM
2019-11-13,72.11,72.41,71.23,71.6,1305680,VHM
2019-11-14,72.48,73.22,70.93,71.08,1480640,VHM
2019-11-15,71.67,71.82,70.93,71.01,1018490,VHM
2019-11-18,71.15,71.38,70.56,71.01,1168830,VHM
2019-11-19,71.15,72.56,70.71,71.15,2305620,VHM
2019-11-20,71.67,71.67,70.2,70.93,2010940,VHM
2019-11-21,70.93,71.08,70.12,70.27,3202820,VHM
2019-11-22,68.94,70.71,66.58,68.94,3791930,VHM
2019-11-25,68.2,69.24,67.62,68.72,2300820,VHM
2019-11-26,69.31,69.38,68.79,68.79,3284780,VHM
2019-11-27,68.94,68.94,68.43,68.57,2135110,VHM
2019-11-28,68.57,68.57,67.47,67.54,2598710,VHM
2019-11-29,67.54,67.84,66.95,67.76,2839310,VHM
2019-12-02,68.2,68.57,67.39,67.76,4407620,VHM
2019-12-03,67.25,68.06,65.99,67.69,3357960,VHM
2019-12-04,67.62,68.06,66.8,67.69,2450900,VHM
2019-12-05,68.43,68.94,67.69,67.84,3418400,VHM
2019-12-06,67.84,67.98,67.54,67.84,2525080,VHM
2019-12-09,67.84,68.57,67.47,67.84,625460,VHM
2019-12-10,68.06,68.06,64.89,67.47,1548550,VHM
2019-12-11,67.32,67.47,65.92,67.17,645660,VHM
2019-12-12,67.17,67.25,66.36,67.25,884980,VHM
2019-12-13,67.25,67.39,65.7,65.7,419210,VHM
2019-12-16,64.59,65.26,63.12,63.49,1437780,VHM
2019-12-17,63.49,64.15,62.38,63.04,859640,VHM
2019-12-18,62.45,63.04,61.2,61.86,1339840,VHM
2019-12-19,61.79,62.67,60.83,61.86,1047500,VHM
2019-12-20,61.94,63.12,61.94,62.08,1525190,VHM
2019-12-23,62.67,62.67,61.64,61.79,568720,VHM
2019-12-24,61.42,61.79,60.32,61.72,838840,VHM
2019-12-25,61.72,62.08,61.05,61.72,361820,VHM
2019-12-26,61.72,62.6,61.35,62.08,426570,VHM
2019-12-27,62.08,62.6,61.5,62.31,519680,VHM
2019-12-30,62.23,63.85,62.23,63.04,896520,VHM
2019-12-31,63.04,63.26,62.31,62.53,430660,VHM
2020-01-02,62.31,63.04,62.31,62.6,238600,VHM
2020-01-03,62.6,62.97,62.38,62.82,394470,VHM
2020-01-06,62.38,62.67,61.05,61.5,1025270,VHM
2020-01-07,61.2,62.53,61.2,61.79,590360,VHM
2020-01-08,61.2,61.57,59.73,60.83,553690,VHM
2020-01-09,61.5,61.72,61.13,61.42,421250,VHM
2020-01-10,61.42,62.6,60.98,62.31,699780,VHM
2020-01-13,62.53,64.0,62.31,63.63,882160,VHM
2020-01-14,63.56,64.0,63.49,63.63,361600,VHM
2020-01-15,63.78,63.78,63.26,63.63,420650,VHM
2020-01-16,63.71,63.71,63.34,63.49,441860,VHM
2020-01-17,63.56,64.81,63.41,63.41,552190,VHM
2020-01-20,63.41,63.71,63.19,63.41,711830,VHM
2020-01-21,63.41,64.52,63.41,64.52,653680,VHM
2020-01-22,64.44,65.99,64.37,65.92,673070,VHM
2020-01-30,64.3,64.74,63.26,64.44,1414000,VHM
2020-01-31,64.52,65.26,64.22,64.52,1284370,VHM
2020-02-03,61.35,63.34,60.46,62.82,755310,VHM
2020-02-04,62.82,63.78,62.67,63.19,829790,VHM
2020-02-05,64.0,64.0,62.97,63.41,2410370,VHM
2020-02-06,64.0,64.15,63.41,64.0,484420,VHM
2020-02-07,64.08,64.74,64.0,64.15,587610,VHM
2020-02-10,63.49,63.93,63.26,63.56,373600,VHM
2020-02-11,63.41,63.71,63.04,63.56,602090,VHM
2020-02-12,63.93,63.93,63.56,63.78,395320,VHM
2020-02-13,63.56,63.71,63.04,63.41,421050,VHM
2020-02-14,63.04,65.33,63.04,64.59,481520,VHM
2020-02-17,64.89,64.89,63.78,63.93,164600,VHM
2020-02-18,63.85,64.15,63.12,63.41,323870,VHM
2020-02-19,63.12,63.78,62.82,63.41,514110,VHM
2020-02-20,63.78,64.37,63.34,64.08,271380,VHM
2020-02-21,63.78,64.08,63.41,63.49,184170,VHM
2020-02-24,61.42,62.75,61.42,61.94,619380,VHM
2020-02-25,60.68,61.79,59.73,61.27,410300,VHM
2020-02-26,61.2,61.2,59.21,59.65,651880,VHM
2020-02-27,58.91,59.73,58.25,59.58,1280250,VHM
2020-02-28,57.88,59.28,57.88,59.28,860760,VHM
2020-03-02,58.32,59.43,58.25,59.36,447980,VHM
2020-03-03,59.36,59.8,59.14,59.36,742520,VHM
2020-03-04,58.32,59.36,58.18,59.36,901070,VHM
2020-03-05,59.06,60.09,59.06,59.73,361110,VHM
2020-03-06,58.99,59.65,58.25,59.65,339740,VHM
2020-03-09,57.96,57.96,55.52,55.52,973190,VHM
2020-03-10,52.35,56.41,52.35,56.41,1050110,VHM
2020-03-11,56.41,56.63,52.5,56.41,932900,VHM
2020-03-12,55.67,55.67,52.5,53.09,1161120,VHM
2020-03-13,49.4,53.09,49.4,53.09,1337180,VHM
2020-03-16,52.35,52.94,49.77,52.94,968810,VHM
2020-03-17,49.77,52.65,49.77,51.54,1095460,VHM
2020-03-18,51.39,51.84,49.77,51.25,1707750,VHM
2020-03-19,49.62,51.1,47.93,50.51,1482170,VHM
2020-03-20,50.51,50.51,47.04,47.04,1351550,VHM
2020-03-23,44.24,45.72,43.8,43.8,198200,VHM
2020-03-24,40.85,43.06,40.78,40.78,2036510,VHM
2020-03-25,42.03,43.58,39.82,43.58,1832290,VHM
2020-03-26,43.58,46.45,42.18,44.98,2020820,VHM
2020-03-27,44.24,45.27,43.14,44.24,710770,VHM
2020-03-30,41.14,42.03,41.14,41.14,929820,VHM
2020-03-31,41.14,42.69,38.34,40.55,661010,VHM
2020-04-01,39.23,42.25,39.23,40.41,553900,VHM
2020-04-03,41.44,42.55,40.7,42.55,940470,VHM
2020-04-06,44.24,45.49,43.21,45.49,534020,VHM
2020-04-07,48.3,48.67,45.79,48.67,902670,VHM
2020-04-08,47.56,51.61,47.19,51.61,950920,VHM
2020-04-09,51.61,52.28,50.73,50.88,854470,VHM
2020-04-10,50.51,51.02,49.4,49.48,513310,VHM
2020-04-13,50.14,51.25,49.48,49.62,449470,VHM
2020-04-14,50.14,50.8,49.03,50.14,642490,VHM
2020-04-15,50.43,50.88,49.77,49.99,533620,VHM
2020-04-16,49.84,50.29,49.26,49.77,670940,VHM
2020-04-17,49.77,51.02,49.77,50.51,734070,VHM
2020-04-20,51.17,51.17,50.14,50.51,512370,VHM
2020-04-21,50.14,50.36,48.74,50.14,1213590,VHM
2020-04-22,48.08,50.14,48.08,48.22,1303590,VHM
2020-04-23,49.4,49.7,48.37,49.11,1093030,VHM
2020-04-24,49.11,49.26,47.41,47.93,2147870,VHM
2020-04-27,48.3,49.33,47.19,47.56,1235530,VHM
2020-04-28,49.4,50.51,47.56,47.63,3631100,VHM
2020-04-29,46.9,47.93,46.67,46.9,2701200,VHM
2020-05-04,46.9,47.85,46.9,47.85,1577040,VHM
2020-05-05,47.71,48.3,46.75,46.9,2397120,VHM
2020-05-06,46.9,49.77,46.75,49.4,4286630,VHM
2020-05-07,49.77,50.14,48.81,49.84,1474450,VHM
2020-05-08,50.14,53.31,49.99,52.28,3635800,VHM
2020-05-11,54.2,54.49,52.2,54.2,2792640,VHM
2020-05-12,54.05,54.49,53.09,54.2,1769100,VHM
2020-05-13,53.53,53.83,52.28,52.65,3373310,VHM
2020-05-14,52.28,52.65,51.91,52.06,2268270,VHM
2020-05-15,52.35,53.09,51.98,52.79,1556450,VHM
2020-05-18,52.57,53.53,52.28,53.02,1656080,VHM
2020-05-19,53.83,55.08,53.31,53.97,3688710,VHM
2020-05-20,53.75,56.85,53.68,56.85,4298310,VHM
2020-05-21,57.14,57.88,56.63,57.51,2266430,VHM
2020-05-22,56.78,57.07,55.74,56.41,2154460,VHM
2020-05-25,56.33,57.88,55.15,56.63,4664450,VHM
2020-05-26,57.14,57.44,56.33,56.33,2996560,VHM
2020-05-27,56.41,57.22,55.01,55.08,3769070,VHM
2020-05-28,55.23,56.04,54.86,55.3,4347270,VHM
2020-05-29,55.74,56.85,55.67,56.48,3942120,VHM
2020-06-01,57.07,58.62,57.0,58.32,3254070,VHM
2020-06-02,58.32,58.4,57.29,57.37,2635920,VHM
2020-06-03,57.51,57.73,57.07,57.44,2655470,VHM
2020-06-04,57.51,58.03,56.78,57.14,3127800,VHM
2020-06-05,56.85,57.44,56.48,57.0,2191420,VHM
2020-06-08,57.51,58.03,57.14,57.37,2663380,VHM
2020-06-09,57.51,58.03,57.07,57.22,2837400,VHM
2020-06-10,57.22,57.37,56.7,57.14,3218980,VHM
2020-06-11,57.14,57.96,56.41,56.41,5714800,VHM
2020-06-12,54.2,55.74,54.2,55.3,3152190,VHM
2020-06-15,55.74,55.82,51.61,51.61,3356780,VHM
2020-06-16,53.68,55.23,53.16,55.23,3077090,VHM
2020-06-17,56.26,57.22,55.3,56.04,2173040,VHM
2020-06-18,55.74,56.55,55.6,56.41,1636400,VHM
2020-06-19,56.11,56.92,56.11,56.41,1688070,VHM
2020-06-22,57.0,57.81,56.7,57.73,2797780,VHM
2020-06-23,58.03,58.03,56.11,57.29,2146280,VHM
2020-06-24,57.29,57.96,55.67,55.82,2004540,VHM
2020-06-25,55.15,55.96,54.79,55.67,1241690,VHM
2020-06-26,56.04,56.48,55.3,55.74,753970,VHM
2020-06-29,55.3,55.3,53.97,54.56,1068990,VHM
2020-06-30,55.3,56.78,54.79,55.67,2302620,VHM
2020-07-01,55.52,56.78,55.52,56.7,936450,VHM
2020-07-02,56.78,57.07,56.33,56.7,893400,VHM
2020-07-03,56.78,57.37,56.7,57.37,1382270,VHM
2020-07-06,57.73,60.09,57.07,59.58,4330280,VHM
2020-07-07,59.73,60.39,59.36,59.58,1414070,VHM
2020-07-08,59.21,59.73,58.84,59.28,800360,VHM
2020-07-09,59.58,60.24,59.21,59.58,1220730,VHM
2020-07-10,59.36,59.5,58.25,58.55,1706520,VHM
2020-07-13,59.06,59.06,58.32,58.32,988800,VHM
2020-07-14,58.1,59.73,57.88,59.36,1461550,VHM
2020-07-15,59.95,61.2,59.58,59.8,2351560,VHM
2020-07-16,59.8,60.09,59.21,60.09,922350,VHM
2020-07-17,60.09,60.09,59.28,59.36,835720,VHM
2020-07-20,59.36,59.8,58.25,58.4,1361250,VHM
2020-07-21,58.47,58.62,57.14,58.1,2108040,VHM
2020-07-22,58.1,58.62,56.78,57.14,1707150,VHM
2020-07-23,57.14,58.1,57.14,58.1,882880,VHM
2020-07-24,57.51,58.1,54.93,56.04,2649390,VHM
2020-07-27,53.09,54.93,52.28,52.28,2662390,VHM
2020-07-28,52.5,55.89,52.5,55.89,2561800,VHM
2020-07-29,55.52,55.52,53.53,54.56,1809000,VHM
2020-07-30,54.56,56.92,54.56,56.48,1637120,VHM
2020-07-31,55.01,57.44,55.01,57.29,2417730,VHM
2020-08-03,56.78,58.1,56.63,57.88,1482350,VHM
2020-08-04,58.62,58.62,57.37,58.25,1382760,VHM
2020-08-05,58.25,58.77,57.37,58.69,1303680,VHM
2020-08-06,58.25,58.91,57.96,58.69,1072220,VHM
2020-08-07,58.77,58.99,57.96,58.69,1199110,VHM
2020-08-10,58.84,58.99,58.18,58.69,1688770,VHM
2020-08-11,58.91,58.91,57.96,58.55,905140,VHM
2020-08-12,58.69,58.69,57.81,58.55,1497320,VHM
2020-08-13,58.62,58.77,58.03,58.55,2025090,VHM
2020-08-14,58.18,59.65,58.18,58.77,1189750,VHM
2020-08-17,58.25,58.91,57.81,58.77,1107050,VHM
2020-08-18,58.77,58.77,57.96,58.69,1425980,VHM
2020-08-19,58.62,59.65,58.18,58.99,1155260,VHM
2020-08-20,58.99,60.61,58.84,58.99,2428430,VHM
2020-08-21,58.99,59.06,58.62,58.62,1074330,VHM
2020-08-24,58.99,59.43,58.77,58.99,1475240,VHM
2020-08-25,58.99,59.36,58.69,58.69,1907340,VHM
2020-08-26,58.69,59.21,58.47,58.62,2249680,VHM
2020-08-27,58.55,58.62,57.66,57.88,2357000,VHM
2020-08-28,58.25,58.32,57.73,57.96,1742840,VHM
2020-08-31,57.88,58.4,57.66,57.88,1682380,VHM
2020-09-01,57.73,58.18,57.14,58.03,1565620,VHM
2020-09-03,58.32,59.43,58.03,58.69,2913590,VHM
2020-09-04,58.4,59.21,58.1,58.99,2171010,VHM
2020-09-07,59.21,59.87,58.25,58.32,2013250,VHM
2020-09-08,58.4,58.69,57.66,57.88,1816120,VHM
2020-09-09,57.51,57.96,57.14,57.96,1956880,VHM
2020-09-10,58.25,59.43,57.37,57.59,4229990,VHM
2020-09-11,57.59,57.66,57.14,57.29,2344930,VHM
2020-09-14,57.29,57.73,57.14,57.14,1824670,VHM
2020-09-15,57.44,57.44,56.41,56.63,4717630,VHM
2020-09-16,56.48,57.29,56.48,56.92,1379550,VHM
2020-09-17,56.92,57.07,56.48,56.55,1809830,VHM
2020-09-18,56.78,56.92,56.55,56.7,1791160,VHM
2020-09-21,56.85,57.22,56.85,56.85,1677550,VHM
2020-09-22,56.85,56.92,56.41,56.63,1612500,VHM
2020-09-23,56.78,57.44,56.7,57.14,1398940,VHM
2020-09-24,57.14,57.81,56.85,56.85,1704250,VHM
2020-09-25,56.85,57.44,56.78,56.85,919900,VHM
2020-09-28,57.0,57.37,56.48,56.48,2015680,VHM
2020-09-29,56.55,56.7,55.38,55.52,3772160,VHM
2020-09-30,55.52,56.33,55.38,55.67,1677150,VHM
2020-10-01,56.26,56.92,56.11,56.85,1359510,VHM
2020-10-02,56.78,57.07,55.3,55.96,1730820,VHM
2020-10-05,56.04,56.7,55.96,56.04,1080840,VHM
2020-10-06,56.04,56.63,56.04,56.11,1505510,VHM
2020-10-07,56.11,57.07,56.11,56.63,2596060,VHM
2020-10-08,56.78,56.92,56.26,56.48,1043430,VHM
2020-10-09,56.48,57.07,56.41,56.78,1456580,VHM
2020-10-12,56.92,58.4,56.78,57.14,4265300,VHM
2020-10-13,57.44,57.96,57.22,57.59,1233860,VHM
2020-10-14,57.81,58.18,57.59,57.88,2030870,VHM
2020-10-15,58.03,58.32,57.14,57.14,2689830,VHM
2020-10-16,57.44,57.44,56.7,56.78,1811510,VHM
2020-10-19,56.63,56.78,56.04,56.11,2467450,VHM
2020-10-20,56.11,56.48,55.89,56.19,2257630,VHM
2020-10-21,56.33,57.29,56.19,56.33,1862630,VHM
2020-10-22,56.41,57.14,56.19,57.14,1591870,VHM
2020-10-23,57.51,58.91,57.37,58.62,5830890,VHM
2020-10-26,59.36,59.8,57.88,57.88,3668950,VHM
2020-10-27,58.25,58.4,57.22,57.22,2422480,VHM
2020-10-28,56.92,57.29,55.74,55.74,3139990,VHM
2020-10-29,55.67,56.55,55.6,56.19,2088330,VHM
2020-10-30,56.78,56.78,55.23,56.04,3013800,VHM
2020-11-02,56.04,56.26,55.6,55.96,1162890,VHM
2020-11-03,56.19,56.19,55.67,55.89,2067320,VHM
2020-11-04,56.04,56.41,55.82,55.96,1825770,VHM
2020-11-05,56.04,56.7,55.82,55.82,1779570,VHM
2020-11-06,55.82,56.04,55.74,55.82,1695290,VHM
2020-11-09,56.04,57.51,56.04,57.51,3746870,VHM
2020-11-10,58.03,58.25,57.07,57.07,3627750,VHM
2020-11-11,57.44,57.59,56.48,56.48,2717770,VHM
2020-11-12,56.48,57.14,56.48,56.92,1464300,VHM
2020-11-13,56.92,57.88,56.92,57.73,2425260,VHM
2020-11-16,57.96,58.4,56.04,56.48,4096110,VHM
2020-11-17,56.78,57.73,56.55,57.73,2250180,VHM
2020-11-18,57.66,57.66,57.0,57.0,2008090,VHM
2020-11-19,57.14,57.66,56.92,57.14,2451380,VHM
2020-11-20,57.51,58.1,57.22,57.88,2692820,VHM
2020-11-23,58.55,59.65,58.47,59.43,5107110,VHM
2020-11-24,59.73,61.79,59.43,61.79,5458900,VHM
2020-11-25,61.94,63.19,61.5,61.57,3544000,VHM
2020-11-26,61.13,61.35,60.54,60.98,2313600,VHM
2020-11-27,60.98,61.57,60.54,61.2,2024240,VHM
2020-11-30,61.57,62.16,60.61,60.91,3533370,VHM
2020-12-01,60.09,61.42,60.09,61.42,2597660,VHM
2020-12-02,61.35,63.26,61.35,62.82,4703540,VHM
2020-12-03,63.12,63.12,62.31,62.6,1673260,VHM
2020-12-04,62.67,62.82,62.01,62.6,2190950,VHM
2020-12-07,62.31,62.75,61.79,62.45,1479390,VHM
2020-12-08,62.6,63.19,62.16,62.23,1532530,VHM
2020-12-09,62.31,62.9,62.08,62.67,2136700,VHM
2020-12-10,62.97,63.19,61.64,61.64,2406160,VHM
2020-12-11,61.64,62.67,61.5,62.67,2406180,VHM
2020-12-14,62.97,64.15,62.67,64.15,2974170,VHM
2020-12-15,63.78,64.96,62.67,63.41,4050090,VHM
2020-12-16,63.41,63.85,63.04,63.56,1812470,VHM
2020-12-17,63.41,63.41,62.31,62.45,4870320,VHM
2020-12-18,62.45,63.41,62.38,62.9,3038890,VHM
2020-12-21,63.12,64.37,63.12,64.22,3322250,VHM
2020-12-22,64.3,64.81,63.71,64.08,2163130,VHM
2020-12-23,64.44,65.62,64.0,64.44,3220800,VHM
2020-12-24,64.89,64.96,62.31,63.63,2687430,VHM
2020-12-25,63.56,64.59,63.12,64.59,1584940,VHM
2020-12-28,65.26,65.33,63.93,64.67,1905670,VHM
2020-12-29,64.67,66.73,64.22,66.58,3451160,VHM
2020-12-30,66.8,67.84,66.36,66.51,2027680,VHM
2020-12-31,67.25,67.39,65.99,65.99,1272810,VHM
2021-01-04,67.1,68.5,66.29,67.84,3077500,VHM
2021-01-05,67.69,70.79,67.47,70.49,2853200,VHM
2021-01-06,71.23,71.23,69.46,69.9,2838200,VHM
2021-01-07,69.9,70.12,68.87,69.9,2926400,VHM
2021-01-08,70.42,71.38,70.27,71.08,2187200,VHM
2021-01-11,72.26,76.02,71.97,76.02,4512700,VHM
2021-01-12,77.27,77.35,76.02,76.24,2862600,VHM
2021-01-13,76.68,76.76,73.44,74.4,2972500,VHM
2021-01-14,74.4,74.62,72.7,73.44,3274800,VHM
2021-01-15,74.25,74.91,73.29,74.91,2078100,VHM
2021-01-18,75.21,75.8,73.44,74.47,2291200,VHM
2021-01-19,73.74,74.25,69.31,71.38,3552500,VHM
2021-01-20,71.52,75.95,69.68,71.89,3457300,VHM
2021-01-21,72.26,73.29,72.11,73.0,3018300,VHM
2021-01-22,73.29,74.47,72.92,73.22,2262800,VHM
2021-01-25,73.37,73.81,72.7,73.37,2142000,VHM
2021-01-26,73.44,73.51,70.05,72.26,2105700,VHM
2021-01-27,70.79,72.41,67.47,69.24,3312000,VHM
2021-01-28,64.52,66.14,64.44,64.44,3197600,VHM
2021-01-29,61.94,68.94,61.94,68.94,5469400,VHM
2021-02-01,69.02,70.05,65.11,65.11,2634200,VHM
2021-02-02,65.62,69.61,64.89,69.61,2756900,VHM
2021-02-03,69.68,72.92,69.68,71.67,3365900,VHM
2021-02-04,71.67,72.92,70.2,72.56,2498900,VHM
2021-02-05,72.92,73.44,72.48,73.22,2245800,VHM
2021-02-08,73.22,73.29,68.2,69.83,4803100,VHM
2021-02-09,70.71,71.74,69.24,71.38,2668600,VHM
2021-02-17,72.26,74.62,71.52,74.47,3701700,VHM
2021-02-18,74.47,76.09,73.74,76.09,4499400,VHM
2021-02-19,75.21,76.24,74.69,76.02,1911800,VHM
2021-02-22,76.39,78.31,76.39,78.01,4390500,VHM
2021-02-23,78.01,78.45,76.68,77.64,2039100,VHM
2021-02-24,78.16,78.16,74.47,75.8,3720700,VHM
2021-02-25,75.95,76.39,74.84,75.8,2300900,VHM
2021-02-26,74.69,75.8,74.03,74.91,2385600,VHM
2021-03-01,75.21,76.24,75.14,75.95,2302000,VHM
2021-03-02,76.68,77.05,74.99,75.8,2460000,VHM
2021-03-03,75.58,75.58,74.69,74.84,2148400,VHM
2021-03-04,75.14,75.21,72.26,73.74,2714300,VHM
2021-03-05,72.56,73.37,72.26,72.56,2865300,VHM
2021-03-08,73.51,73.59,71.38,71.67,3046500,VHM
2021-03-09,71.52,73.22,70.2,72.41,2196300,VHM
2021-03-10,73.37,73.96,72.26,73.66,2406700,VHM
2021-03-11,74.47,74.77,72.92,73.74,1726900,VHM
2021-03-12,73.74,74.62,73.22,73.66,1733400,VHM
2021-03-15,73.66,73.74,72.63,73.59,2288400,VHM
2021-03-16,73.44,73.59,72.33,73.37,1317500,VHM
2021-03-17,72.85,73.51,72.33,73.22,2007400,VHM
2021-03-18,73.37,73.66,72.26,73.51,1374800,VHM
2021-03-19,73.0,73.22,72.11,72.11,2747200,VHM
2021-03-22,72.78,73.37,72.26,73.22,1576700,VHM
2021-03-23,72.7,73.15,72.26,72.78,1319900,VHM
2021-03-24,71.97,72.26,70.79,71.67,2103300,VHM
2021-03-25,71.67,72.04,70.05,71.3,2404000,VHM
2021-03-26,71.15,71.3,69.38,70.56,2265800,VHM
2021-03-29,70.79,71.15,70.12,70.93,1446000,VHM
2021-03-30,70.93,72.19,70.71,71.01,2901300,VHM
2021-03-31,71.15,72.56,71.15,71.74,1897500,VHM
2021-04-01,71.89,73.37,71.6,73.0,2578700,VHM
2021-04-02,73.74,75.06,73.51,74.25,2203200,VHM
2021-04-05,77.42,77.42,74.47,74.99,2653200,VHM
2021-04-06,74.99,75.95,74.69,74.99,2102600,VHM
2021-04-07,74.25,74.77,73.37,74.1,2485300,VHM
2021-04-08,74.1,74.1,73.51,73.51,1584900,VHM
2021-04-09,73.15,73.15,72.26,72.92,2111100,VHM
2021-04-12,73.37,75.21,73.22,75.06,3269900,VHM
2021-04-13,75.87,77.42,75.06,75.58,4016800,VHM
2021-04-14,72.63,74.1,72.19,74.1,8169000,VHM
2021-04-15,75.06,77.05,74.25,74.62,7972300,VHM
2021-04-16,74.62,77.05,72.26,74.47,6593100,VHM
2021-04-19,75.95,77.05,74.69,77.05,9104900,VHM
2021-04-20,79.12,82.44,78.6,80.08,15266000,VHM
2021-04-22,80.37,82.88,76.02,76.02,6647900,VHM
2021-04-23,76.39,77.42,75.21,77.42,8823200,VHM
2021-04-26,77.42,77.42,73.44,73.44,8982600,VHM
2021-04-27,73.44,74.55,72.41,73.74,3979800,VHM
2021-04-28,73.74,75.87,73.74,74.4,5756900,VHM
2021-04-29,74.77,74.84,73.0,73.22,5374300,VHM
2021-05-04,72.26,73.37,70.86,73.15,4388500,VHM
2021-05-05,73.15,74.62,73.15,73.44,2850600,VHM
2021-05-06,73.44,74.47,72.78,72.78,2793600,VHM
2021-05-07,72.63,73.37,71.52,71.6,5114200,VHM
2021-05-10,70.86,73.59,70.86,73.07,3933700,VHM
2021-05-11,73.66,73.66,72.26,72.26,3142600,VHM
2021-05-12,71.89,72.48,71.38,72.04,3510300,VHM
2021-05-13,71.67,72.48,71.45,71.52,2560600,VHM
2021-05-14,71.52,72.63,71.45,71.67,2990500,VHM
2021-05-17,73.37,76.32,73.22,74.32,5913000,VHM
2021-05-18,74.91,75.21,72.92,72.92,3455700,VHM
2021-05-19,73.0,74.25,72.63,74.03,2871000,VHM
2021-05-20,74.03,75.21,73.15,75.21,3923100,VHM
2021-05-21,74.84,76.83,74.1,76.61,6075800,VHM
2021-05-24,77.27,78.9,76.68,78.16,5182000,VHM
2021-05-25,77.57,78.09,76.83,77.13,2865100,VHM
2021-05-26,77.13,79.04,76.54,77.94,4679100,VHM
2021-05-27,78.16,79.27,72.78,76.98,4530700,VHM
2021-05-28,77.42,77.79,76.09,77.13,3237700,VHM
2021-05-31,77.05,77.05,74.55,75.65,5075900,VHM
2021-06-01,75.21,77.94,74.69,76.68,3869100,VHM
2021-06-02,76.32,77.79,75.95,76.98,2664100,VHM
2021-06-03,77.13,78.16,77.13,77.72,5044900,VHM
2021-06-04,78.9,79.12,76.54,77.05,3635200,VHM
2021-06-07,77.05,78.75,77.05,78.16,4249400,VHM
2021-06-08,78.68,80.74,77.42,77.64,7252600,VHM
2021-06-09,78.16,78.75,77.05,78.23,3322600,VHM
2021-06-10,77.79,78.9,76.68,76.76,3369400,VHM
2021-06-11,76.68,78.45,76.54,78.16,3884300,VHM
2021-06-14,78.97,81.77,78.97,81.03,7532600,VHM
2021-06-15,82.58,83.39,81.92,83.03,5394500,VHM
2021-06-16,82.58,83.32,80.44,81.11,4021200,VHM
2021-06-17,80.0,81.11,79.71,80.37,3866300,VHM
2021-06-18,81.11,85.53,80.22,82.95,4789800,VHM
2021-06-21,82.51,83.32,81.85,82.58,3350800,VHM
2021-06-22,82.51,82.8,82.21,82.21,2497800,VHM
2021-06-23,82.58,82.58,80.3,82.07,3874800,VHM
2021-06-24,81.77,84.8,81.11,82.66,3936900,VHM
2021-06-25,83.25,83.69,82.29,82.66,2846300,VHM
2021-06-28,83.32,85.16,82.88,85.16,7156600,VHM
2021-06-29,85.53,88.04,85.39,87.45,5907600,VHM
2021-06-30,87.74,88.78,86.49,87.01,5135400,VHM
2021-07-01,86.34,87.38,86.12,86.42,3700200,VHM
2021-07-02,86.42,87.89,85.9,87.01,3152400,VHM
2021-07-05,87.74,87.74,84.94,87.38,4553400,VHM
2021-07-06,87.08,87.82,81.33,81.33,2814500,VHM
2021-07-07,81.85,86.27,80.74,86.27,7071300,VHM
2021-07-08,85.16,86.05,83.91,84.8,4664700,VHM
2021-07-09,83.84,85.46,82.21,82.95,3902100,VHM
2021-07-12,82.58,82.58,77.2,79.63,8065200,VHM
2021-07-13,81.03,81.03,78.16,80.74,2562500,VHM
2021-07-14,80.84,82.69,79.44,80.69,3325300,VHM
2021-07-15,79.96,81.5,79.96,81.29,4555800,VHM
2021-07-16,81.29,81.43,80.1,80.32,2119200,VHM
2021-07-19,78.78,79.36,76.13,76.87,3189800,VHM
2021-07-20,77.82,78.56,75.9,78.56,4045600,VHM
2021-07-21,79.22,80.18,78.56,79.59,3042000,VHM
2021-07-22,79.59,81.8,78.85,81.8,3402500,VHM
2021-07-23,81.06,82.17,79.29,79.29,2592800,VHM
2021-07-26,79.22,81.5,79.0,80.77,2753500,VHM
2021-07-27,81.58,81.66,79.29,79.44,5342500,VHM
2021-07-28,78.93,79.36,77.82,78.48,4909500,VHM
2021-07-29,80.32,80.55,78.48,79.52,3954600,VHM
2021-07-30,79.59,80.18,78.85,79.81,4731600,VHM
2021-08-02,79.59,79.89,78.93,79.66,4799700,VHM
2021-08-03,79.44,82.69,79.44,81.72,9951300,VHM
2021-08-04,82.17,82.54,80.69,81.43,4121600,VHM
2021-08-05,81.35,82.32,80.99,82.32,5258200,VHM
2021-08-06,82.54,84.38,82.38,83.94,11226500,VHM
2021-08-09,83.94,86.51,83.64,86.51,6329000,VHM
2021-08-10,87.33,87.77,86.22,86.22,7700400,VHM
2021-08-11,86.22,86.74,85.04,85.48,8249500,VHM
2021-08-12,85.34,86.45,84.89,86.22,5228900,VHM
2021-08-13,86.96,88.94,86.37,88.43,10159600,VHM
2021-08-16,89.83,89.83,84.45,85.48,18686700,VHM
2021-08-17,84.75,85.11,81.43,81.8,19975200,VHM
2021-08-18,81.06,83.64,79.52,81.06,23516400,VHM
2021-08-19,81.06,82.09,80.32,81.8,18153200,VHM
2021-08-20,81.8,81.8,79.44,79.66,20500700,VHM
2021-08-23,79.22,80.32,79.0,79.0,15955500,VHM
2021-08-24,79.22,79.66,78.48,79.07,20691400,VHM
2021-08-25,79.22,79.52,78.7,78.85,16184100,VHM
2021-08-26,78.85,79.15,77.38,78.56,13182400,VHM
2021-08-27,78.12,78.78,77.38,78.78,9953900,VHM
2021-08-30,78.93,79.36,78.56,78.78,8782700,VHM
2021-08-31,78.85,78.93,78.26,78.41,10567000,VHM
2021-09-01,79.89,80.47,78.56,78.85,21977200,VHM
2021-09-06,79.52,80.25,78.7,79.89,13077500,VHM
2021-09-07,80.32,81.8,79.96,80.77,11598900,VHM
2021-09-08,80.84,81.06,79.36,79.52,9311500,VHM
2021-09-09,79.22,80.25,78.93,79.36,9925000,VHM
2021-09-10,79.59,80.25,79.22,79.22,15193100,VHM
2021-09-13,79.59,79.66,78.7,78.85,9821600,VHM
2021-09-14,78.85,79.89,78.63,78.85,10966200,VHM
2021-09-15,79.97,81.13,78.41,79.58,9287400,VHM
2021-09-16,79.67,80.16,77.73,77.83,7925100,VHM
2021-09-17,77.83,79.19,77.34,78.9,6873600,VHM
2021-09-20,78.51,78.8,77.63,77.63,5456900,VHM
2021-09-21,76.27,77.54,73.94,75.3,13434500,VHM
2021-09-22,75.79,75.98,73.84,75.79,8759600,VHM
2021-09-23,75.88,77.24,75.79,77.05,4687300,VHM
2021-09-24,77.05,78.02,76.47,77.34,4577300,VHM
2021-09-27,77.34,77.34,75.98,75.98,5151700,VHM
2021-09-28,75.3,77.15,75.2,76.27,5298500,VHM
2021-09-29,76.27,76.66,75.5,75.98,2992100,VHM
2021-09-30,76.27,77.15,75.98,76.08,3151100,VHM
2021-10-01,76.08,76.08,74.82,74.82,4115400,VHM
2021-10-04,74.82,75.98,74.04,75.79,4104600,VHM
2021-10-05,75.59,77.34,75.3,77.15,4573100,VHM
2021-10-06,77.44,78.22,77.34,78.22,4488000,VHM
2021-10-07,78.31,78.51,77.44,77.73,2556200,VHM
2021-10-08,77.54,78.51,77.44,77.63,3466200,VHM
2021-10-11,77.63,78.7,77.24,78.7,5384000,VHM
2021-10-12,78.7,79.29,78.12,78.6,8096900,VHM
2021-10-13,78.7,78.7,77.63,77.73,5259700,VHM
2021-10-14,77.73,77.73,76.56,76.66,8587800,VHM
2021-10-15,76.66,77.24,75.88,76.47,5269100,VHM
2021-10-18,76.56,77.24,76.27,76.66,4542000,VHM
2021-10-19,76.66,77.54,76.27,77.15,5568400,VHM
2021-10-20,77.34,77.34,75.98,76.56,5507700,VHM
2021-10-21,76.56,76.66,75.69,75.69,5861900,VHM
2021-10-22,75.98,76.66,75.79,75.79,4153100,VHM
2021-10-25,76.37,77.44,75.98,76.27,6781600,VHM
2021-10-26,76.66,77.05,76.27,76.47,2940100,VHM
2021-10-27,76.66,78.9,76.66,78.7,8780700,VHM
2021-10-28,78.99,79.19,78.22,78.7,5310000,VHM
2021-10-29,78.9,83.07,78.9,83.07,15578000,VHM
2021-11-01,83.56,84.43,81.62,81.91,9723600,VHM
2021-11-02,82.01,82.78,81.91,82.59,5784000,VHM
2021-11-03,82.69,83.07,80.26,80.55,11230500,VHM
2021-11-04,80.16,81.13,79.48,80.35,8241100,VHM
2021-11-05,79.87,80.45,79.29,79.67,8244100,VHM
2021-11-08,80.16,80.65,79.19,80.06,8203200,VHM
2021-11-09,80.16,82.1,79.67,80.65,8139200,VHM
2021-11-10,81.03,81.13,80.26,80.26,4154800,VHM
2021-11-11,80.35,80.45,79.09,79.19,9431300,VHM
2021-11-12,79.29,79.67,78.51,79.67,5317400,VHM
2021-11-15,80.16,82.01,79.77,81.62,9673200,VHM
2021-11-16,81.62,81.91,80.35,80.65,6114200,VHM
2021-11-17,80.65,81.62,80.45,81.13,5259600,VHM
2021-11-18,81.13,81.52,80.06,80.45,6312700,VHM
2021-11-19,80.55,80.74,77.73,78.22,7517600,VHM
2021-11-22,78.9,79.19,77.44,78.7,6326700,VHM
2021-11-23,78.7,80.16,78.41,80.16,3583700,VHM
2021-11-24,80.35,81.33,79.48,81.33,7322400,VHM
2021-11-25,81.91,82.59,81.13,81.52,8611000,VHM
2021-11-26,81.52,82.49,80.84,80.94,8576100,VHM
2021-11-29,79.29,82.39,79.29,82.39,11265700,VHM
2021-11-30,83.07,83.07,80.65,82.2,8501600,VHM
2021-12-01,81.81,82.1,80.45,80.55,6787500,VHM
2021-12-02,80.84,81.03,79.97,79.97,4813200,VHM
2021-12-03,80.26,80.74,77.92,77.92,5699400,VHM
2021-12-06,78.6,78.8,77.15,77.44,6641800,VHM
2021-12-07,78.31,79.48,77.92,79.29,4522700,VHM
2021-12-08,79.38,79.48,78.6,78.7,3810100,VHM
2021-12-09,78.8,79.48,78.31,79.29,2766400,VHM
2021-12-10,78.99,79.29,78.31,78.6,4327100,VHM
2021-12-13,78.7,81.13,78.6,79.77,6503000,VHM
2021-12-14,80.16,80.65,79.58,79.77,3082100,VHM
2021-12-15,79.87,80.55,79.29,80.26,3589800,VHM
2021-12-16,80.45,80.45,79.38,79.97,3290500,VHM
2021-12-17,80.06,83.56,80.06,82.1,25185800,VHM
2021-12-20,82.78,82.78,80.94,81.13,4652600,VHM
2021-12-21,81.13,84.34,81.13,83.56,16016300,VHM
2021-12-22,84.34,85.02,82.78,83.27,8928800,VHM
2021-12-23,83.46,83.66,80.16,80.16,8897300,VHM
2021-12-24,80.35,80.94,79.87,80.55,6813200,VHM
2021-12-27,80.74,81.13,79.19,80.45,4999700,VHM
2021-12-28,80.65,81.81,80.26,80.45,4469100,VHM
2021-12-29,80.55,81.13,79.38,79.38,5229300,VHM
2021-12-30,80.06,80.06,79.29,79.29,5845500,VHM
2021-12-31,79.67,79.97,79.29,79.67,4633900,VHM
2022-01-04,80.35,82.98,80.16,82.69,10190100,VHM
2022-01-05,82.69,83.46,81.62,81.62,7373100,VHM
2022-01-06,81.62,83.56,81.62,82.88,10551700,VHM
2022-01-07,83.07,83.95,81.91,82.98,8240800,VHM
2022-01-10,83.07,84.92,82.2,83.17,9110500,VHM
2022-01-11,83.07,83.27,80.65,81.23,6135600,VHM
2022-01-12,80.65,82.01,79.09,81.23,6533800,VHM
2022-01-13,81.62,81.91,79.67,79.87,6683500,VHM
2022-01-14,79.67,80.45,79.29,79.87,3589700,VHM
2022-01-17,79.97,80.16,76.86,76.86,8310500,VHM
2022-01-18,76.95,77.73,73.94,74.82,8073900,VHM
2022-01-19,74.82,76.08,74.82,75.4,3344400,VHM
2022-01-20,75.4,77.34,75.2,76.37,3627700,VHM
2022-01-21,77.15,77.24,75.5,77.15,5040100,VHM
2022-01-24,76.47,76.76,74.04,74.04,5605300,VHM
2022-01-25,74.33,78.7,73.55,78.7,5762000,VHM
2022-01-26,78.7,78.9,77.73,78.9,3922600,VHM
2022-01-27,78.9,79.48,77.44,78.7,4446800,VHM
2022-01-28,78.12,78.9,77.92,78.02,3900100,VHM
2022-02-07,79.29,80.65,78.9,79.87,4868100,VHM
2022-02-08,80.16,80.16,78.7,78.9,3101900,VHM
2022-02-09,78.9,81.62,78.9,79.19,4706300,VHM
2022-02-10,79.48,79.48,77.34,77.83,5872800,VHM
2022-02-11,77.73,78.22,77.24,77.44,3480800,VHM
2022-02-14,76.76,77.24,75.88,75.88,5093500,VHM
2022-02-15,75.88,78.6,75.88,77.73,3777500,VHM
2022-02-16,78.02,78.22,77.44,77.73,2334400,VHM
2022-02-17,77.73,78.51,77.44,78.51,2803200,VHM
2022-02-18,77.73,78.02,77.34,77.44,3373300,VHM
2022-02-21,77.73,78.22,77.44,77.73,3116800,VHM
2022-02-22,77.05,77.24,76.18,77.05,5146700,VHM
2022-02-23,77.54,78.02,77.05,77.15,2850000,VHM
2022-02-24,77.05,77.24,74.91,76.37,5284300,VHM
2022-02-25,76.76,77.05,76.08,76.08,2693300,VHM
2022-02-28,76.08,76.37,75.3,75.3,2837300,VHM
2022-03-01,75.3,75.98,75.3,75.79,2459200,VHM
2022-03-02,75.5,75.79,74.82,75.3,3397800,VHM
2022-03-03,75.69,76.27,75.01,75.79,3942400,VHM
2022-03-04,75.79,76.27,75.01,75.69,4102000,VHM
2022-03-07,75.01,75.01,73.65,74.04,7593900,VHM
2022-03-08,73.75,74.33,72.48,72.48,6032800,VHM
2022-03-09,72.87,72.87,71.71,71.9,7395400,VHM
2022-03-10,72.68,73.75,72.39,73.07,3775700,VHM
2022-03-11,73.07,73.07,71.9,72.87,3610200,VHM
2022-03-14,72.48,72.58,71.32,72.39,3437200,VHM
2022-03-15,72.68,72.68,71.61,72.39,4163200,VHM
2022-03-16,72.19,72.39,71.61,72.1,4047200,VHM
2022-03-17,71.9,73.65,71.8,71.9,2869600,VHM
2022-03-18,72.58,74.14,72.1,72.48,7410800,VHM
2022-03-21,73.16,75.3,73.07,75.3,4454000,VHM
2022-03-22,75.4,76.27,74.62,75.79,4130400,VHM
2022-03-23,75.79,75.88,74.91,75.01,3617700,VHM
2022-03-24,74.82,74.82,73.46,73.55,4527700,VHM
2022-03-25,73.65,74.14,73.36,73.75,2713700,VHM
2022-03-28,73.16,73.55,72.29,72.78,3712400,VHM
2022-03-29,72.78,74.43,72.68,74.33,2862600,VHM
2022-03-30,73.65,74.14,72.58,73.65,4088400,VHM
2022-03-31,73.46,73.84,72.97,73.65,3394300,VHM
2022-04-01,73.36,74.33,72.97,74.04,4095000,VHM
2022-04-04,74.82,74.82,73.94,74.14,3127700,VHM
2022-04-05,74.14,75.3,73.84,74.23,3785900,VHM
2022-04-06,73.84,74.14,72.97,74.14,3879900,VHM
2022-04-07,73.84,73.94,72.58,72.87,4601800,VHM
2022-04-08,72.97,73.84,72.39,72.97,4471900,VHM
2022-04-12,72.78,72.97,70.93,70.93,4356200,VHM
2022-04-13,71.12,71.32,70.15,71.03,3825200,VHM
2022-04-14,71.22,71.41,69.96,70.25,3679100,VHM
2022-04-15,70.25,70.35,68.69,69.08,4040800,VHM
2022-04-18,68.11,68.79,66.17,67.82,5668700,VHM
2022-04-19,67.24,68.5,66.46,66.95,2732200,VHM
2022-04-20,66.56,66.65,63.84,64.9,5981000,VHM
2022-04-21,64.61,65.1,62.18,62.18,6536700,VHM
2022-04-22,62.86,63.93,62.09,62.86,6143200,VHM
2022-04-25,63.16,63.25,58.49,61.21,6857400,VHM
2022-04-26,59.56,63.16,57.52,63.16,6323900,VHM
2022-04-27,61.41,63.16,61.12,63.16,4773300,VHM
2022-04-28,63.06,63.06,60.82,62.67,6290400,VHM
2022-04-29,61.31,63.16,61.21,63.16,6819600,VHM
2022-05-04,63.16,63.35,61.7,62.67,2511700,VHM
2022-05-05,62.77,66.85,62.57,66.85,7518400,VHM
2022-05-06,65.1,66.85,64.81,66.75,5560700,VHM
2022-05-09,65.97,66.56,64.52,66.07,5658400,VHM
2022-05-10,65.0,67.92,63.16,67.92,4352700,VHM
2022-05-11,67.04,69.18,66.65,68.5,3072800,VHM
2022-05-12,67.24,67.92,65.1,66.95,4117300,VHM
2022-05-13,66.95,66.95,62.67,66.07,6924300,VHM
2022-05-16,66.07,66.17,62.67,63.93,5296400,VHM
2022-05-17,63.35,65.0,61.5,65.0,4830700,VHM
2022-05-18,65.0,65.0,63.45,65.0,4266300,VHM
2022-05-19,63.16,65.78,63.16,65.1,3316000,VHM
2022-05-20,65.2,65.49,64.13,64.9,2305800,VHM
2022-05-23,64.81,65.49,63.45,64.81,2901300,VHM
2022-05-24,63.93,65.0,63.84,65.0,2242000,VHM
2022-05-25,64.9,65.97,64.42,65.97,3077100,VHM
2022-05-26,65.97,67.63,65.97,66.75,3048600,VHM
2022-05-27,67.04,67.72,66.56,67.72,2451900,VHM
2022-05-30,68.01,68.5,66.85,68.5,2593900,VHM
2022-05-31,68.7,69.9,68.5,69.6,3692900,VHM
2022-06-01,69.6,70.3,69.0,70.3,3704600,VHM
2022-06-02,70.1,70.1,68.6,69.5,3115700,VHM
2022-06-03,68.6,69.4,68.0,69.4,2752600,VHM
2022-06-06,69.4,69.5,68.2,69.3,3331600,VHM
2022-06-07,69.0,69.0,67.8,68.5,3568900,VHM
2022-06-08,68.5,69.2,68.0,68.5,2085300,VHM
2022-06-09,68.7,68.7,67.5,68.3,3544100,VHM
2022-06-10,67.2,68.3,67.2,68.3,2452200,VHM
2022-06-13,66.5,67.0,65.2,66.0,3373800,VHM
2022-06-14,65.6,66.0,64.7,66.0,3015300,VHM
2022-06-15,66.0,66.3,64.7,65.9,3508000,VHM
2022-06-16,65.9,66.7,65.6,66.0,2437800,VHM
2022-06-17,64.8,66.0,63.8,66.0,3106900,VHM
2022-06-20,65.9,66.0,64.7,65.0,2701700,VHM
2022-06-21,64.7,65.0,63.8,65.0,2365100,VHM
2022-06-22,64.5,65.0,63.5,64.8,3460900,VHM
2022-06-23,63.9,64.2,63.0,63.2,5534200,VHM
2022-06-24,63.3,63.8,63.1,63.2,2256500,VHM
2022-06-27,63.2,64.9,63.2,63.5,2666100,VHM
2022-06-28,63.5,64.1,63.5,63.8,1455900,VHM
2022-06-29,63.6,64.0,63.1,63.3,1571700,VHM
2022-06-30,63.3,63.8,62.1,62.1,2480200,VHM
2022-07-01,62.2,63.5,61.4,61.4,2974000,VHM
2022-07-04,62.0,62.0,61.0,61.0,2256200,VHM
2022-07-05,61.1,61.5,60.4,60.5,3133800,VHM
2022-07-06,60.2,60.5,58.4,59.1,6722800,VHM
2022-07-07,59.0,61.0,58.3,61.0,2098800,VHM
2022-07-08,61.3,61.3,59.5,61.0,1793900,VHM
2022-07-11,59.1,60.5,58.4,60.5,4883200,VHM
2022-07-12,59.5,60.5,59.1,60.2,3602700,VHM
2022-07-13,60.0,60.5,59.0,60.1,2334600,VHM
2022-07-14,60.1,60.3,59.2,60.1,1906300,VHM
2022-07-15,59.5,60.2,59.4,60.0,2301900,VHM
2022-07-18,60.0,60.0,59.0,59.0,2023400,VHM
2022-07-19,58.6,59.1,58.6,58.8,1864800,VHM
2022-07-20,59.0,59.7,58.5,59.7,1910000,VHM
2022-07-21,59.6,59.7,58.9,58.9,2070700,VHM
2022-07-22,58.9,59.0,58.5,58.7,1530500,VHM
2022-07-25,58.5,59.1,58.5,58.9,1229500,VHM
2022-07-26,59.0,59.3,58.5,58.7,737100,VHM
2022-07-27,58.5,58.8,58.5,58.6,502800,VHM
2022-07-28,59.0,59.1,58.5,58.8,1914300,VHM
2022-07-29,58.9,60.5,58.8,59.9,3235500,VHM
2022-08-01,59.8,60.0,59.0,60.0,1703800,VHM
2022-08-02,59.8,62.8,59.4,62.3,3186400,VHM
2022-08-03,62.0,62.7,61.4,61.9,2005800,VHM
2022-08-04,62.0,63.1,62.0,63.0,5218900,VHM
2022-08-05,62.7,62.7,61.6,61.8,2290400,VHM
2022-08-08,61.5,61.9,61.5,61.5,2233600,VHM
2022-08-09,61.7,61.9,60.9,60.9,2234700,VHM
2022-08-10,61.0,62.3,60.8,61.3,1594600,VHM
2022-08-11,61.9,61.9,61.0,61.4,2236700,VHM
2022-08-12,61.4,61.5,61.1,61.2,1423400,VHM
2022-08-15,61.5,62.3,61.3,61.5,2189500,VHM
2022-08-16,61.5,61.8,61.1,61.3,1107300,VHM
2022-08-17,61.5,61.8,61.3,61.3,2505800,VHM
2022-08-18,61.3,61.8,61.1,61.1,3350200,VHM
2022-08-19,61.0,61.1,59.5,60.1,2780700,VHM
2022-08-22,59.9,60.4,59.1,59.4,2116900,VHM
2022-08-23,59.2,59.7,59.1,59.5,1353300,VHM
2022-08-24,59.6,59.8,59.3,59.7,1049900,VHM
2022-08-25,59.9,61.2,59.8,61.0,2025800,VHM
2022-08-26,61.0,61.4,60.2,60.3,851200,VHM
2022-08-29,59.6,59.8,58.9,59.7,2035600,VHM
2022-08-30,59.7,60.4,59.5,59.9,1770500,VHM
2022-08-31,59.9,61.4,59.7,61.0,2837300,VHM
2022-09-05,61.2,61.8,61.0,61.0,1529500,VHM
2022-09-06,61.2,61.5,61.0,61.1,1285200,VHM
2022-09-07,61.0,61.1,59.5,59.5,1847100,VHM
2022-09-08,59.6,59.8,59.3,59.6,1642000,VHM
2022-09-09,59.8,60.2,59.5,59.9,1443100,VHM
2022-09-12,60.1,61.8,60.1,61.4,3854700,VHM
2022-09-13,61.5,61.5,60.7,60.7,2252100,VHM
2022-09-14,59.8,60.3,59.7,60.0,1784500,VHM
2022-09-15,60.0,60.5,59.8,60.5,1904900,VHM
2022-09-16,60.0,61.1,59.6,59.6,2368800,VHM
2022-09-19,59.6,59.8,58.4,58.4,1944900,VHM
2022-09-20,58.6,59.3,58.6,58.9,1539400,VHM
2022-09-21,58.9,58.9,58.0,58.3,1732700,VHM
2022-09-22,57.8,58.0,56.6,57.7,2370700,VHM
2022-09-23,57.5,57.7,57.0,57.2,630900,VHM
2022-09-26,56.5,57.0,55.2,55.9,2734600,VHM
2022-09-27,55.9,55.9,54.1,54.1,1238200,VHM
2022-09-28,53.6,54.0,51.0,51.2,2624400,VHM
2022-09-29,52.1,52.5,50.7,50.8,1967400,VHM
2022-09-30,50.0,52.0,48.0,50.7,4399000,VHM
2022-10-03,50.7,50.8,47.2,50.4,4216600,VHM
2022-10-04,50.7,50.7,48.3,50.6,2981600,VHM
2022-10-05,51.0,53.8,50.9,53.8,3926300,VHM
2022-10-06,53.6,54.1,52.7,53.6,2715500,VHM
2022-10-07,53.6,53.8,50.7,53.8,4053800,VHM
2022-10-10,53.0,53.9,51.8,53.9,2162500,VHM
2022-10-11,52.6,52.6,50.8,51.8,4080700,VHM
2022-10-12,51.8,52.9,50.5,52.5,2058600,VHM
2022-10-13,52.5,52.8,51.0,52.8,2128800,VHM
2022-10-14,53.0,53.1,51.3,51.9,1696600,VHM
2022-10-17,51.5,51.5,49.5,49.5,2933000,VHM
2022-10-18,50.0,50.5,48.35,50.5,2552900,VHM
2022-10-19,50.4,50.5,49.05,50.0,1240200,VHM
2022-10-20,49.5,50.0,48.9,50.0,2747900,VHM
2022-10-21,49.95,49.95,46.5,47.95,5383900,VHM
2022-10-24,47.95,47.95,44.6,44.6,1834000,VHM
2022-10-25,44.6,44.7,41.5,44.6,6293600,VHM
2022-10-26,44.6,44.6,41.75,43.5,3700300,VHM
2022-10-27,43.4,44.6,42.9,44.0,4869100,VHM
2022-10-28,44.5,46.3,44.1,44.9,3076200,VHM
2022-10-31,45.5,46.8,44.1,45.0,2523900,VHM
2022-11-01,45.8,46.2,45.0,45.0,2622800,VHM
2022-11-02,45.0,45.5,44.7,44.9,2263100,VHM
2022-11-03,44.55,45.35,44.35,45.0,2099800,VHM
2022-11-04,44.8,44.8,42.5,44.5,4338400,VHM
2022-11-07,44.0,44.0,42.2,43.9,3020500,VHM
2022-11-08,43.1,43.8,41.25,43.8,5521100,VHM
2022-11-09,43.8,45.0,43.8,44.55,4933400,VHM
2022-11-10,44.1,44.1,42.3,43.95,4020400,VHM
2022-11-11,43.95,44.55,43.75,44.15,4084100,VHM
2022-11-14,43.8,44.9,42.35,44.0,2665000,VHM
2022-11-15,42.55,43.85,42.45,43.4,3093200,VHM
2022-11-16,43.0,45.0,41.5,44.9,3370900,VHM
2022-11-17,45.0,47.95,44.95,47.95,4303600,VHM
2022-11-18,47.95,48.8,46.6,48.0,3641700,VHM
2022-11-21,48.0,48.0,45.75,46.95,2712700,VHM
2022-11-22,45.8,48.5,45.3,45.3,1851800,VHM
2022-11-23,45.0,46.0,44.3,44.4,1111300,VHM
2022-11-24,44.35,45.5,44.2,45.0,1182600,VHM
2022-11-25,46.0,47.05,45.8,47.0,3344500,VHM
2022-11-28,47.5,50.2,47.4,50.2,7815000,VHM
2022-11-29,51.6,53.1,50.4,53.1,7431800,VHM
2022-11-30,53.6,54.5,52.0,54.5,6191900,VHM
2022-12-01,55.1,56.2,53.5,53.5,5868300,VHM
2022-12-02,53.5,57.2,53.0,57.2,6364400,VHM
2022-12-05,57.5,58.3,56.8,58.3,4597300,VHM
2022-12-06,58.3,58.3,54.3,55.0,4261600,VHM
2022-12-07,54.2,56.7,54.2,55.5,3601000,VHM
2022-12-08,57.0,57.0,54.5,55.4,4142000,VHM
2022-12-09,55.4,55.6,53.7,54.1,3329100,VHM
2022-12-12,54.2,54.2,50.5,50.5,3867300,VHM
2022-12-13,50.5,53.0,49.95,53.0,4250600,VHM
2022-12-14,53.7,53.7,51.4,53.0,3218700,VHM
2022-12-15,53.0,53.1,50.7,50.7,2949400,VHM
2022-12-16,50.3,51.2,49.3,49.3,3490900,VHM
2022-12-19,49.4,50.2,48.2,48.2,2140200,VHM
2022-12-20,48.2,48.6,46.3,48.2,3290300,VHM
2022-12-21,48.8,48.8,46.6,48.5,1880900,VHM
2022-12-22,48.55,49.65,48.55,49.0,2170900,VHM
2022-12-23,49.4,50.0,48.2,49.8,1348100,VHM
2022-12-26,49.5,49.6,47.0,47.0,2139600,VHM
2022-12-27,46.3,46.7,45.15,45.7,565900,VHM
2022-12-27,45.7,50.2,45.2,47.5,2872500,VHM
2022-12-28,47.7,48.5,46.5,47.7,1485500,VHM
2022-12-29,47.6,48.5,47.4,47.8,1258100,VHM
2022-12-30,49.0,49.0,47.55,48.0,1197100,VHM
2023-01-03,48.0,49.4,47.0,49.4,1622300,VHM
2023-01-04,49.9,49.9,49.0,49.0,1176400,VHM
2023-01-05,49.0,50.0,49.0,49.7,1951700,VHM
2023-01-06,49.75,50.3,49.5,49.9,1171800,VHM
2023-01-09,50.2,50.5,49.7,50.2,1196400,VHM
2023-01-10,50.1,50.4,49.75,49.75,894100,VHM
2023-01-11,50.3,50.9,49.8,50.8,1186100,VHM
2023-01-12,51.1,51.7,51.0,51.5,1238700,VHM
2023-01-13,51.7,52.0,51.1,52.0,1047000,VHM
2023-01-16,52.0,52.3,51.3,51.3,1118900,VHM
2023-01-17,51.3,52.0,49.55,52.0,1453600,VHM
2023-01-18,52.0,52.9,50.9,52.5,1264300,VHM
2023-01-19,52.4,53.4,51.5,52.2,2235700,VHM
2023-01-27,52.4,53.9,51.9,53.3,1282700,VHM
2023-01-30,53.3,53.5,51.5,51.5,1349500,VHM
2023-01-31,51.5,51.8,50.4,50.9,1312000,VHM
2023-02-01,50.7,50.9,48.0,48.0,3648300,VHM
2023-02-02,48.5,49.2,47.7,47.9,2156100,VHM
2023-02-03,48.0,48.5,47.5,48.1,1246200,VHM
2023-02-06,47.9,48.0,47.1,47.95,1693000,VHM
2023-02-07,48.0,48.0,46.05,46.8,2542100,VHM
2023-02-08,46.7,46.7,44.45,46.6,4744700,VHM
2023-02-09,45.65,46.7,45.3,45.3,3121100,VHM
2023-02-10,45.0,45.75,45.0,45.4,1602200,VHM
2023-02-13,44.8,45.0,43.4,44.4,2467600,VHM
2023-02-14,44.0,44.2,42.2,42.75,3875000,VHM
2023-02-15,42.7,42.7,41.6,42.5,4288300,VHM
2023-02-16,42.75,42.75,42.0,42.5,2366000,VHM
2023-02-17,42.7,43.6,42.5,43.3,2064500,VHM
2023-02-20,43.5,46.3,43.4,45.2,4177000,VHM
2023-02-21,45.5,46.15,45.1,45.2,1571200,VHM
2023-02-22,44.6,44.8,42.6,42.6,3712300,VHM
2023-02-23,42.6,42.85,40.6,42.0,4588000,VHM
2023-02-24,41.7,42.0,40.9,41.0,3013500,VHM
2023-02-27,40.0,40.9,39.4,40.9,5325900,VHM
2023-02-28,41.0,41.95,40.4,41.5,1631900,VHM
2023-03-01,41.05,41.3,39.8,41.2,3325100,VHM
2023-03-02,41.0,41.5,40.45,41.1,1947400,VHM
2023-03-03,41.0,41.2,40.55,40.95,1387200,VHM
2023-03-06,41.75,43.2,41.5,42.1,2996100,VHM
2023-03-07,42.7,43.0,42.1,42.3,1670600,VHM
2023-03-08,41.3,42.35,41.3,42.35,1952900,VHM
2023-03-09,42.35,43.0,42.25,42.4,1780100,VHM
2023-03-10,42.4,43.0,42.0,42.85,2536600,VHM
2023-03-13,42.8,44.8,42.75,44.75,3225100,VHM
2023-03-14,44.2,45.35,44.1,44.75,2838200,VHM
2023-03-15,45.25,46.6,44.95,46.0,2069400,VHM
2023-03-16,45.8,45.8,44.25,44.5,2039000,VHM
2023-03-17,44.6,45.2,43.35,43.35,4942600,VHM
2023-03-20,44.1,44.1,42.55,42.55,2167400,VHM
2023-03-21,43.0,45.5,43.0,45.4,2538300,VHM
2023-03-22,45.6,48.0,45.6,47.65,4074500,VHM
2023-03-23,47.4,48.0,46.85,48.0,2033500,VHM
2023-03-24,48.0,49.85,48.0,49.15,2380400,VHM
2023-03-27,49.0,49.5,48.4,48.5,1622900,VHM
2023-03-28,48.45,49.5,47.0,48.0,2390800,VHM
2023-03-29,48.05,48.05,47.1,47.5,1099000,VHM
2023-03-30,48.8,49.95,48.1,49.8,1604300,VHM
2023-03-31,49.6,51.5,49.6,51.3,2352500,VHM
2023-04-03,52.2,53.7,52.0,53.0,2725900,VHM
2023-04-04,53.0,53.0,51.2,51.3,1201100,VHM
2023-04-05,51.0,52.2,50.6,52.2,2100200,VHM
2023-04-06,52.0,52.2,51.5,51.8,979500,VHM
2023-04-07,51.2,51.5,50.3,50.7,666700,VHM
2023-04-10,51.4,51.5,49.9,49.9,1272900,VHM
2023-04-11,49.3,51.6,49.3,51.6,1949500,VHM
2023-04-12,51.9,52.1,51.0,51.5,1883900,VHM
2023-04-13,51.6,51.7,50.5,50.5,1177100,VHM
2023-04-14,50.7,51.5,49.7,49.8,1011200,VHM
2023-04-17,50.1,50.9,50.0,50.5,956200,VHM
2023-04-18,50.9,51.3,50.5,50.6,1664400,VHM
2023-04-19,50.8,51.2,50.0,50.0,880200,VHM
2023-04-20,50.5,50.7,49.85,50.6,430300,VHM
2023-04-21,50.5,50.7,49.9,50.3,697500,VHM
2023-04-24,50.8,52.0,50.2,51.1,1296100,VHM
2023-04-25,51.2,51.2,49.95,49.95,889200,VHM
2023-04-26,49.9,49.9,48.1,48.3,1949600,VHM
2023-04-27,48.0,48.7,46.85,46.85,2160800,VHM
2023-04-28,47.7,49.0,47.4,48.5,756500,VHM
2023-05-04,49.5,49.5,48.2,48.6,851100,VHM
2023-05-05,49.15,49.5,48.6,48.75,437500,VHM
2023-05-08,48.85,49.5,48.6,49.5,765000,VHM
2023-05-09,49.05,49.5,48.75,49.15,976000,VHM
2023-05-10,49.3,49.4,48.9,49.35,518800,VHM
2023-05-11,49.5,49.5,48.95,49.25,369600,VHM
2023-05-12,49.1,50.5,48.9,50.5,1081200,VHM
2023-05-15,52.0,52.5,51.5,51.8,1586900,VHM
2023-05-16,51.7,52.2,51.5,52.0,773500,VHM
2023-05-17,52.2,53.9,52.2,53.3,2976300,VHM
2023-05-18,53.9,55.8,53.5,54.4,3172800,VHM
2023-05-19,55.5,55.5,53.5,54.4,1658500,VHM
2023-05-22,55.0,55.0,53.5,54.0,1507200,VHM
2023-05-23,54.5,54.5,53.0,53.6,1049300,VHM
2023-05-24,53.7,54.5,53.3,54.5,848900,VHM
2023-05-25,54.7,55.6,54.0,55.0,1607700,VHM
2023-05-26,55.0,56.4,54.6,55.0,1791400,VHM
2023-05-29,55.0,56.3,55.0,55.5,1606200,VHM
2023-05-30,56.0,56.0,54.6,54.9,1390000,VHM
2023-05-31,55.0,55.0,53.5,53.5,1538100,VHM
2023-06-01,53.5,54.0,53.0,53.0,913700,VHM
2023-06-02,53.5,53.9,53.0,53.4,1356400,VHM
2023-06-05,54.0,55.1,53.3,53.7,1430700,VHM
2023-06-06,54.4,55.0,53.9,55.0,1361500,VHM
2023-06-07,55.3,55.7,54.5,55.3,1857300,VHM
2023-06-08,55.3,56.0,55.1,55.4,2325400,VHM
2023-06-09,55.0,55.8,54.8,55.5,1051100,VHM
2023-06-12,55.5,55.5,54.4,55.4,1150600,VHM
2023-06-13,55.2,56.7,55.1,56.7,2370400,VHM
2023-06-14,56.8,58.2,56.7,57.0,2455300,VHM
2023-06-15,57.0,57.9,55.8,56.5,2453200,VHM
2023-06-16,56.4,56.9,55.0,56.0,2452000,VHM
2023-06-19,56.1,56.1,54.8,55.0,1528500,VHM
2023-06-20,55.0,55.7,54.5,55.1,984300,VHM
2023-06-21,55.0,55.3,54.3,54.6,2367700,VHM
2023-06-22,55.0,55.7,54.7,55.7,1914900,VHM
2023-06-23,55.2,56.0,55.1,56.0,2159900,VHM
2023-06-26,55.6,55.8,54.8,55.5,1422100,VHM
2023-06-27,55.5,55.9,55.4,55.9,991900,VHM
2023-06-28,56.1,56.2,55.0,55.4,1388900,VHM
2023-06-29,55.4,55.4,54.9,55.0,1247700,VHM
2023-06-30,54.8,55.5,54.3,55.0,1458000,VHM
2023-07-03,55.0,55.9,55.0,55.9,1043500,VHM
2023-07-04,55.9,56.8,55.5,56.5,1450100,VHM
2023-07-05,56.5,56.5,55.3,56.1,1622700,VHM
2023-07-06,55.3,55.9,54.5,54.5,1405400,VHM
2023-07-07,54.5,54.9,54.0,54.0,1220500,VHM
2023-07-10,54.1,54.4,53.6,53.8,2150300,VHM
2023-07-11,53.6,53.9,53.6,53.9,2615400,VHM
2023-07-12,53.9,55.3,53.9,55.1,2185400,VHM
2023-07-13,55.4,56.3,55.3,56.3,3010000,VHM
2023-07-14,56.5,56.6,55.8,56.4,2054200,VHM
2023-07-17,56.7,59.0,56.5,59.0,4267700,VHM
2023-07-18,58.5,59.4,58.0,58.8,2908900,VHM
2023-07-19,58.8,59.0,58.2,58.5,2216000,VHM
2023-07-20,58.5,58.5,57.3,57.7,3588400,VHM
2023-07-21,57.5,59.0,57.3,59.0,3603800,VHM
2023-07-24,59.5,59.5,58.1,59.1,2048800,VHM
2023-07-25,58.8,59.2,58.2,58.6,3619300,VHM
2023-07-26,58.3,59.0,58.3,59.0,3075200,VHM
2023-07-27,59.0,59.1,57.5,57.5,2724000,VHM
2023-07-28,57.7,58.9,57.4,58.9,2867200,VHM
2023-07-31,62.2,63.0,61.0,63.0,5506100,VHM
2023-08-01,63.9,66.2,62.8,62.8,6553500,VHM
2023-08-02,62.6,62.9,61.9,61.9,3438900,VHM
2023-08-03,62.0,62.2,60.1,60.1,2944400,VHM
2023-08-04,60.9,63.8,60.6,63.0,4715000,VHM
2023-08-07,63.7,63.7,61.6,62.9,3395500,VHM
2023-08-08,62.9,63.8,62.5,62.8,5300400,VHM
2023-08-09,62.3,62.7,60.6,60.6,5591000,VHM
2023-08-10,60.7,61.6,60.6,60.6,4743100,VHM
2023-08-11,62.3,62.5,59.8,60.9,4792700,VHM
2023-08-14,60.9,61.8,60.8,61.2,6216300,VHM
2023-08-15,61.2,62.5,60.9,61.7,5687200,VHM
2023-08-16,63.0,64.1,62.3,62.9,6366900,VHM
2023-08-17,62.1,62.6,61.0,61.0,5437100,VHM
2023-08-18,60.8,60.8,56.8,56.8,9562100,VHM
2023-08-21,56.8,57.2,55.7,56.0,5229200,VHM
2023-08-22,56.8,56.8,54.5,55.5,4567100,VHM
2023-08-23,56.9,56.9,54.4,54.5,6684500,VHM
2023-08-24,54.9,56.1,54.4,55.4,4647700,VHM
2023-08-25,55.5,55.5,54.0,54.1,5129100,VHM
2023-08-28,54.5,55.3,54.2,54.7,5223400,VHM
2023-08-29,55.0,55.8,54.4,54.6,5305400,VHM
2023-08-30,54.6,55.1,54.1,54.6,5033400,VHM
2023-08-31,54.8,55.9,54.7,54.7,6420400,VHM
2023-09-05,55.2,55.5,54.4,55.3,9060200,VHM
2023-09-06,55.5,57.0,55.4,55.9,9771600,VHM
2023-09-07,56.5,56.6,54.9,55.1,8725600,VHM
2023-09-08,55.0,55.5,54.0,54.0,10428600,VHM
2023-09-11,54.6,54.9,52.5,52.5,8473600,VHM
2023-09-12,52.8,53.5,52.0,53.5,7418400,VHM
2023-09-13,53.8,53.8,52.1,52.1,11950900,VHM
2023-09-14,52.1,52.3,49.0,49.0,11640900,VHM
2023-09-15,49.6,50.5,49.4,50.5,10515400,VHM
2023-09-18,50.1,50.5,48.7,48.95,5100700,VHM
2023-09-19,50.0,50.7,49.0,49.35,7523700,VHM
2023-09-20,49.7,50.9,49.5,50.7,4516100,VHM
2023-09-21,51.0,51.4,50.0,50.2,5187600,VHM
2023-09-22,49.4,49.45,47.85,48.0,7962300,VHM
2023-09-25,48.0,48.75,46.0,47.0,5318000,VHM
2023-09-26,47.0,47.8,45.0,45.0,4072300,VHM
2023-09-27,45.0,45.8,43.85,45.1,6501300,VHM
2023-09-28,45.1,45.5,44.05,44.5,3414400,VHM
2023-09-29,45.0,47.5,45.0,45.5,7289300,VHM
2023-10-02,45.6,46.2,45.2,45.75,1820000,VHM
2023-10-03,45.0,45.25,44.05,44.05,4660300,VHM
2023-10-04,43.25,45.4,43.25,44.6,3469300,VHM
2023-10-05,44.7,45.25,44.25,44.55,2701500,VHM
2023-10-06,44.85,46.15,44.55,46.05,3431800,VHM
2023-10-09,46.1,47.5,46.05,47.0,3861300,VHM
2023-10-10,47.15,48.0,46.9,48.0,4834400,VHM
2023-10-11,47.7,47.8,46.85,47.4,2919100,VHM
2023-10-12,47.6,48.0,47.35,47.55,2450500,VHM
2023-10-13,47.05,47.2,46.5,46.9,2577000,VHM
2023-10-16,46.9,47.0,45.55,45.55,3271400,VHM
2023-10-17,45.6,45.9,44.5,44.5,2398500,VHM
2023-10-18,44.6,45.8,43.0,43.3,3856200,VHM
2023-10-19,43.45,43.45,42.5,42.5,3733500,VHM
2023-10-20,42.5,44.8,41.7,44.5,3190400,VHM
2023-10-23,44.5,45.3,44.0,44.5,5685400,VHM
2023-10-24,44.9,45.0,44.0,44.6,3181700,VHM
2023-10-25,45.4,45.95,44.75,44.9,3919900,VHM
2023-10-26,41.8,41.8,41.8,41.8,6085900,VHM
2023-10-27,40.0,41.5,38.9,39.2,18173800,VHM
2023-10-30,39.0,40.0,37.75,39.2,6757600,VHM
2023-10-31,39.2,39.7,38.0,39.0,7711700,VHM
2023-11-01,38.9,39.0,36.75,38.45,9750000,VHM
2023-11-02,38.45,40.0,37.7,39.95,9139400,VHM
2023-11-03,40.45,40.55,39.95,40.5,8269500,VHM
2023-11-06,40.65,41.4,40.6,41.0,6337500,VHM
2023-11-07,40.9,40.95,40.0,40.0,4440500,VHM
2023-11-08,39.85,41.5,39.2,41.0,7703900,VHM
2023-11-09,41.6,43.05,41.45,42.9,15459800,VHM
2023-11-10,42.5,43.2,42.3,42.3,6520200,VHM
2023-11-13,42.6,42.6,41.3,41.35,7225100,VHM
2023-11-14,41.85,41.9,40.75,41.0,7497400,VHM
2023-11-15,41.8,42.6,41.35,41.45,8585400,VHM
2023-11-16,41.4,41.65,40.8,41.15,5394800,VHM
2023-11-17,41.3,41.75,38.5,38.95,16313600,VHM
2023-11-20,38.5,39.5,38.3,38.95,4897600,VHM
2023-11-21,39.75,39.75,38.9,39.1,4789100,VHM
2023-11-22,39.4,39.6,38.85,39.0,4807600,VHM
2023-11-23,39.35,39.95,39.0,39.0,7659600,VHM
2023-11-24,39.0,39.2,38.05,39.1,7382900,VHM
2023-11-27,39.1,40.0,39.1,39.8,5710600,VHM
2023-11-28,39.8,40.75,39.65,40.75,7384400,VHM
2023-11-29,41.05,41.3,40.75,41.2,4209300,VHM
2023-11-30,41.2,41.35,40.6,41.3,7741700,VHM
2023-12-01,41.3,41.4,40.4,40.9,6970800,VHM
2023-12-04,40.95,41.5,40.85,41.3,8136700,VHM
2023-12-05,41.5,41.5,40.5,40.5,8300600,VHM
2023-12-06,40.5,40.55,39.65,40.45,10848000,VHM
2023-12-07,40.45,40.55,39.4,39.7,11343000,VHM
2023-12-08,39.7,40.1,39.45,39.65,9893700,VHM
2023-12-11,40.15,41.3,40.1,41.0,8699000,VHM
2023-12-12,41.0,41.3,40.75,41.05,6169100,VHM
2023-12-13,41.2,41.65,40.65,40.75,9940000,VHM
2023-12-14,41.1,41.25,40.25,40.3,4704300,VHM
2023-12-15,40.45,40.55,39.85,39.9,6799900,VHM
2023-12-18,40.2,40.2,39.85,39.9,3563400,VHM
2023-12-19,39.9,39.95,39.3,39.5,5227500,VHM
2023-12-20,39.85,39.95,39.5,39.95,2356600,VHM
2023-12-21,39.7,40.45,39.65,40.2,3556500,VHM
2023-12-22,40.2,40.4,40.0,40.3,3289400,VHM
2023-12-25,40.3,41.25,40.3,41.2,5957700,VHM
2023-12-26,41.5,42.2,41.3,41.9,10394700,VHM
2023-12-27,42.0,42.15,41.85,41.9,6034200,VHM
2023-12-28,42.1,43.8,42.05,43.7,13129900,VHM
2023-12-29,44.05,44.1,43.2,43.2,5324500,VHM
2024-01-02,43.3,43.75,42.55,43.0,7588500,VHM
2024-01-03,42.6,43.4,42.55,43.4,6112600,VHM
2024-01-04,43.55,43.7,43.25,43.45,8778000,VHM
2024-01-05,43.45,43.55,43.05,43.1,4508700,VHM
2024-01-08,43.2,43.85,42.9,43.35,6213900,VHM
2024-01-09,43.15,43.3,42.65,43.0,6377100,VHM
2024-01-10,43.0,43.0,42.1,42.7,6789400,VHM
2024-01-11,42.5,43.05,42.0,42.0,6969000,VHM
2024-01-12,41.8,41.9,40.9,41.3,8327100,VHM
2024-01-15,41.8,41.85,41.4,41.6,3149500,VHM
2024-01-16,41.6,42.65,41.45,42.65,3774400,VHM
2024-01-17,42.65,42.85,41.9,41.9,6343500,VHM
2024-01-18,42.25,43.5,42.05,43.2,8938800,VHM
2024-01-19,43.35,43.6,43.0,43.05,5531400,VHM
2024-01-22,43.35,43.45,42.8,43.0,4709100,VHM
2024-01-23,43.05,43.2,42.3,42.35,5255800,VHM
2024-01-24,42.35,42.95,42.3,42.5,2741200,VHM
2024-01-25,42.5,42.5,42.05,42.1,2295400,VHM
2024-01-26,42.2,42.5,42.0,42.0,4351500,VHM
2024-01-29,42.3,42.3,41.8,41.8,3166200,VHM
2024-01-30,41.8,42.3,41.7,42.0,2908300,VHM
2024-01-31,42.05,42.25,41.5,41.5,6307100,VHM
2024-02-01,41.35,41.5,41.1,41.2,7107200,VHM
2024-02-02,41.5,42.1,41.15,41.2,5775300,VHM
2024-02-05,41.4,41.6,41.1,41.25,3361500,VHM
2024-02-06,41.4,41.45,41.0,41.0,5535300,VHM
2024-02-07,41.05,41.85,41.0,41.8,3768900,VHM
2024-02-15,42.15,42.2,41.8,41.95,4317100,VHM
2024-02-16,42.15,42.8,41.95,42.7,6024400,VHM
2024-02-19,43.0,45.65,42.9,45.55,20156400,VHM
2024-02-20,46.0,46.7,45.85,46.15,12925600,VHM
2024-02-21,46.1,46.1,44.8,45.0,8945700,VHM
2024-02-22,45.1,45.45,44.8,44.8,6809700,VHM
2024-02-23,45.0,45.1,43.25,43.3,11753200,VHM
2024-02-26,43.45,43.85,43.1,43.35,7000000,VHM
2024-02-27,43.75,44.2,43.3,44.2,7158700,VHM
2024-02-28,44.45,44.9,44.0,44.4,6283200,VHM
2024-02-29,44.55,44.7,43.4,43.4,11041300,VHM
2024-03-01,43.7,44.2,43.3,43.95,6873900,VHM
2024-03-04,44.05,44.6,43.8,43.95,7036300,VHM
2024-03-05,43.95,44.25,43.3,43.65,7690200,VHM
2024-03-06,43.65,44.55,43.05,43.1,11322800,VHM
2024-03-07,43.3,43.3,42.85,43.2,7314700,VHM
2024-03-08,43.5,43.6,42.55,42.55,9526300,VHM
2024-03-11,42.6,43.0,42.5,42.55,6056200,VHM
2024-03-12,42.55,42.9,42.35,42.7,4756200,VHM
2024-03-13,42.8,43.0,42.5,42.95,7332900,VHM
2024-03-14,43.4,43.8,42.8,42.9,12606200,VHM
2024-03-15,42.9,43.15,42.4,42.4,9885200,VHM
2024-03-18,42.65,43.15,41.3,42.1,14785500,VHM
2024-03-19,42.35,43.05,41.85,42.9,9464300,VHM
2024-03-20,43.0,43.0,42.2,42.5,5436900,VHM
2024-03-21,42.85,43.05,42.55,42.9,10978300,VHM
2024-03-22,43.2,43.5,42.6,42.8,9996800,VHM
2024-03-25,43.0,43.35,42.4,42.55,10309500,VHM
2024-03-26,42.7,42.9,42.45,42.75,4263700,VHM
2024-03-27,42.9,42.9,42.5,42.5,7551900,VHM
2024-03-28,42.8,44.05,42.6,43.3,18563500,VHM
2024-03-29,43.4,43.7,42.85,42.85,7686900,VHM
2024-04-01,42.9,43.15,42.65,42.9,7517900,VHM
2024-04-02,42.7,43.15,42.2,43.15,13758100,VHM
2024-04-03,43.15,43.75,42.9,43.1,11837400,VHM
2024-04-04,42.8,43.2,42.75,43.0,9666700,VHM
2024-04-05,42.7,43.1,42.4,42.95,13464400,VHM
2024-04-08,43.05,43.1,42.4,43.0,16737700,VHM
2024-04-09,43.1,43.2,42.9,43.2,10943800,VHM
2024-04-10,43.55,44.65,43.45,44.2,24322200,VHM
2024-04-11,44.25,44.25,43.75,44.15,14565300,VHM
2024-04-12,44.5,44.8,44.3,44.5,16822800,VHM
2024-04-15,44.5,44.5,42.2,42.4,20416500,VHM
2024-04-16,42.4,42.8,40.75,42.7,16847800,VHM
2024-04-17,43.0,43.05,41.55,41.8,10862100,VHM
2024-04-19,40.95,41.5,40.3,41.5,12526800,VHM
2024-04-22,41.5,41.8,40.65,41.45,9173300,VHM
2024-04-23,41.0,41.4,40.2,40.2,8623200,VHM
2024-04-24,40.35,40.9,40.25,40.6,5041500,VHM
2024-04-25,40.85,40.85,40.4,40.7,2989100,VHM
2024-04-26,40.4,41.05,40.3,40.8,4704400,VHM
2024-05-02,40.8,41.25,40.35,41.15,4570000,VHM
2024-05-03,41.3,41.4,40.85,41.1,4391600,VHM
2024-05-06,41.15,41.2,40.85,41.15,4944600,VHM
2024-05-07,41.25,41.25,40.9,41.05,4276900,VHM
2024-05-08,41.0,41.0,40.5,40.9,6625700,VHM
2024-05-09,41.0,41.75,40.85,40.95,7299700,VHM
2024-05-10,41.0,41.1,40.35,40.35,7276500,VHM
2024-05-13,40.45,40.55,39.7,40.1,9093900,VHM
2024-05-14,41.1,41.25,40.15,40.15,6866000,VHM
2024-05-15,40.2,40.4,40.05,40.25,6594800,VHM
2024-05-16,40.3,40.4,40.15,40.25,8259700,VHM
2024-05-17,40.35,41.2,40.2,40.85,13307900,VHM
2024-05-20,41.05,41.25,40.45,40.45,9537100,VHM
2024-05-21,40.5,40.75,40.05,40.2,9640200,VHM
2024-05-22,40.2,41.65,40.2,40.35,11927800,VHM
2024-05-23,40.45,40.55,40.1,40.55,6387700,VHM
2024-05-24,40.4,40.55,39.75,39.8,12912200,VHM
2024-05-27,39.85,40.05,39.75,39.8,4620900,VHM
2024-05-28,39.85,40.05,39.75,39.95,5555700,VHM
2024-05-29,40.0,40.1,39.45,39.45,8030400,VHM
2024-05-30,39.45,39.5,39.0,39.0,6423700,VHM
2024-05-31,39.2,39.65,38.85,38.85,5851700,VHM
2024-06-03,39.2,39.4,39.1,39.3,5242000,VHM
2024-06-04,39.4,40.2,39.4,39.4,7955300,VHM
2024-06-05,39.55,39.9,39.3,39.3,6216300,VHM
2024-06-06,39.4,39.6,39.0,39.05,5109000,VHM
2024-06-07,39.3,39.3,39.0,39.0,4519500,VHM
2024-06-10,39.15,39.2,38.85,38.9,6320000,VHM
2024-06-11,38.9,38.95,38.15,38.15,14398100,VHM
2024-06-12,38.15,38.85,37.7,38.5,12376600,VHM
2024-06-13,38.55,38.7,38.1,38.25,5989600,VHM
2024-06-14,38.4,38.85,38.05,38.2,8589700,VHM
2024-06-17,38.25,38.5,37.9,38.3,8594600,VHM
2024-06-18,38.5,38.5,38.2,38.3,6588500,VHM
2024-06-19,38.3,38.35,37.75,38.0,7996800,VHM
2024-06-20,37.9,38.0,37.55,38.0,7587500,VHM
2024-06-21,37.75,37.8,37.45,37.75,13031100,VHM
2024-06-24,37.75,38.2,37.1,37.45,7671000,VHM
2024-06-25,37.3,38.05,37.2,37.8,6350100,VHM
2024-06-26,37.8,38.15,37.5,37.5,4536500,VHM
2024-06-27,37.5,37.85,37.35,37.6,3454200,VHM
2024-06-28,37.6,37.75,37.3,37.65,5965200,VHM
2024-07-01,37.65,37.7,37.1,37.7,4515600,VHM
2024-07-02,37.75,38.35,37.55,38.15,5422700,VHM
2024-07-03,38.05,38.2,37.7,38.1,5232800,VHM
2024-07-04,38.1,38.5,37.8,38.45,7464400,VHM
2024-07-05,38.3,38.5,37.95,38.45,6571700,VHM
2024-07-08,38.15,38.4,37.8,38.0,7921400,VHM
2024-07-09,38.0,38.3,37.8,38.3,8194900,VHM
2024-07-10,38.35,38.4,37.95,38.25,5450000,VHM
2024-07-11,38.25,38.7,38.1,38.45,8802600,VHM
2024-07-12,38.5,38.85,38.3,38.5,5136100,VHM
2024-07-15,38.5,38.5,37.8,38.0,4886700,VHM
2024-07-16,37.8,38.05,37.65,37.9,4765700,VHM
2024-07-17,37.9,37.9,36.8,37.3,7031600,VHM
2024-07-18,37.25,37.45,36.7,37.45,6284400,VHM
2024-07-19,37.7,38.2,37.55,37.85,6180800,VHM
2024-07-22,38.0,38.0,37.3,37.9,5135700,VHM
2024-07-23,37.65,37.95,37.35,37.85,4859200,VHM
2024-07-24,37.6,37.85,37.4,37.85,4430000,VHM
2024-07-25,37.6,38.3,37.55,37.8,6224500,VHM
2024-07-26,37.8,37.9,37.5,37.75,3908300,VHM
2024-07-29,37.75,37.9,37.1,37.1,4356000,VHM
2024-07-30,37.1,37.2,36.7,36.7,4684400,VHM
2024-07-31,36.85,37.05,36.65,36.7,3718200,VHM
2024-08-01,36.75,37.0,36.0,36.45,6190900,VHM
2024-08-02,36.05,36.3,34.6,36.0,8614000,VHM
2024-08-05,35.2,35.7,34.0,34.5,9956500,VHM
2024-08-06,34.8,34.8,34.0,34.8,5853400,VHM
2024-08-07,36.95,37.2,36.6,37.2,36732700,VHM
2024-08-08,37.5,38.1,36.95,37.6,8833300,VHM
2024-08-09,37.8,37.8,36.8,37.2,8691600,VHM
2024-08-12,37.15,37.15,36.35,36.5,8353000,VHM
2024-08-13,36.35,36.65,35.85,36.35,7145900,VHM
2024-08-14,36.35,37.4,36.0,37.2,10119200,VHM
2024-08-15,37.5,38.3,37.15,37.85,17778700,VHM
2024-08-16,38.2,38.7,38.0,38.4,14796100,VHM
2024-08-19,38.6,38.8,38.2,38.6,10779700,VHM
2024-08-20,38.6,39.8,38.5,39.4,17552300,VHM
2024-08-21,39.25,39.75,38.9,39.75,13661500,VHM
2024-08-22,39.75,40.15,39.5,39.8,9224500,VHM
2024-08-23,39.6,40.0,39.35,39.75,9340600,VHM
2024-08-26,39.85,40.75,39.85,40.5,15625100,VHM
2024-08-27,40.5,42.3,40.35,41.4,18219300,VHM
2024-08-28,41.7,41.8,40.6,40.9,11199200,VHM
2024-08-29,40.85,41.5,40.7,41.5,9304200,VHM
2024-08-30,41.5,41.65,41.1,41.5,11320600,VHM
2024-09-04,41.0,42.5,41.0,42.5,13810200,VHM
2024-09-05,42.7,44.45,42.7,43.75,22146100,VHM
2024-09-06,44.0,44.0,43.25,43.9,10230400,VHM
2024-09-09,43.65,43.65,43.0,43.0,10300900,VHM
2024-09-10,43.15,43.55,42.15,42.8,12930600,VHM
2024-09-11,42.55,43.15,41.75,43.0,13399000,VHM
2024-09-12,43.4,43.5,43.1,43.1,5663400,VHM
2024-09-13,43.05,43.4,42.7,43.0,5405000,VHM
2024-09-16,42.85,42.9,41.75,41.75,8361100,VHM
2024-09-17,41.75,44.0,41.7,44.0,15786300,VHM
2024-09-18,44.1,45.15,43.9,43.9,12485300,VHM
2024-09-19,43.95,44.4,43.85,44.15,9903100,VHM
2024-09-20,44.2,44.9,43.7,43.75,25318400,VHM
2024-09-23,43.8,44.1,43.15,43.65,7376000,VHM
2024-09-24,43.65,44.25,43.45,44.25,6958300,VHM
2024-09-25,44.4,44.4,43.8,44.15,10672900,VHM
2024-09-26,44.2,44.6,44.1,44.4,12259400,VHM
2024-09-27,44.5,44.6,43.0,43.4,16363400,VHM
2024-09-30,43.5,43.5,42.55,42.8,9129100,VHM
2024-10-01,42.9,44.1,42.9,43.45,11220500,VHM
2024-10-02,43.05,43.45,42.85,43.4,7970100,VHM
2024-10-03,43.0,43.25,41.6,41.6,26887200,VHM
2024-10-04,41.55,41.95,41.15,41.5,6764300,VHM
2024-10-07,41.65,41.8,40.9,41.2,7224100,VHM
2024-10-08,41.45,41.6,40.7,41.6,8581400,VHM
2024-10-09,41.65,42.55,41.6,42.5,6742900,VHM
2024-10-10,42.7,42.9,42.15,42.15,5446300,VHM
2024-10-11,42.45,43.8,42.3,43.6,15621000,VHM
2024-10-14,45.5,46.4,45.1,45.35,20737100,VHM
2024-10-15,45.5,45.5,44.6,44.65,9219500,VHM
2024-10-16,44.5,45.2,44.45,45.0,6821300,VHM
2024-10-17,45.1,45.5,44.8,45.1,6677100,VHM
2024-10-18,45.7,46.0,45.15,45.25,8960800,VHM
2024-10-21,45.5,47.8,45.5,47.8,21161800,VHM
2024-10-22,48.15,48.55,47.4,48.25,12670800,VHM
2024-10-23,48.25,48.35,46.5,47.0,33349400,VHM
2024-10-24,46.6,46.75,43.85,43.85,33609200,VHM
2024-10-25,44.55,44.65,43.5,43.85,24552700,VHM
2024-10-28,43.7,44.25,42.5,42.7,19543500,VHM
2024-10-29,42.95,43.05,42.55,42.75,17360800,VHM
2024-10-30,43.0,43.0,40.85,41.15,31820300,VHM
2024-10-31,41.15,41.55,40.45,41.5,23737900,VHM
2024-11-01,41.5,42.2,41.3,41.5,16952200,VHM
2024-11-04,41.5,41.5,40.55,41.5,19838000,VHM
2024-11-05,41.5,41.8,41.25,41.5,14140300,VHM
2024-11-06,41.5,41.7,41.3,41.55,15064600,VHM
2024-11-07,41.7,41.7,41.3,41.4,15995700,VHM
2024-11-08,41.3,41.35,40.0,40.0,22517000,VHM
2024-11-11,40.0,40.85,39.25,40.6,15312100,VHM
2024-11-12,40.6,41.35,40.3,40.3,16217500,VHM
2024-11-13,40.3,40.7,40.15,40.3,14066600,VHM
2024-11-14,40.35,41.1,40.3,40.35,16947200,VHM
2024-11-15,40.35,40.6,40.0,40.25,17024300,VHM
2024-11-18,40.3,40.8,39.6,40.8,23032900,VHM
2024-11-19,40.9,42.25,40.9,42.2,26469700,VHM
2024-11-20,42.2,43.4,41.75,43.3,28417400,VHM
2024-11-21,43.25,43.7,42.85,43.3,34404900,VHM
2024-11-22,42.65,42.75,41.6,41.6,9091600,VHM
2024-11-25,41.5,42.95,41.45,42.7,4401200,VHM
2024-11-26,42.7,43.3,42.4,42.4,4289500,VHM
2024-11-27,42.2,42.85,41.9,41.9,3650400,VHM
2024-11-28,42.25,42.35,41.1,41.1,6514200,VHM
2024-11-29,41.3,41.3,40.75,40.8,5524400,VHM
2024-12-02,41.1,41.15,40.75,40.75,3781200,VHM
2024-12-03,40.8,41.3,40.5,40.9,5187200,VHM
2024-12-04,40.7,40.85,40.1,40.1,5167400,VHM
2024-12-05,40.5,41.8,40.2,41.4,4852800,VHM
2024-12-06,41.6,42.0,41.2,41.5,4870000,VHM
2024-12-09,41.5,41.9,41.4,41.6,1300800,VHM
2024-12-10,41.45,41.65,40.95,40.95,4579300,VHM
2024-12-11,40.95,41.35,40.8,40.85,4020600,VHM
2024-12-12,40.9,41.15,40.75,40.75,2984800,VHM
2024-12-13,40.7,40.8,40.5,40.65,3126900,VHM
2024-12-16,40.65,41.15,40.55,40.95,2668000,VHM
2024-12-17,41.0,41.4,40.8,41.3,3708600,VHM
2024-12-18,41.3,41.6,40.9,40.9,2431900,VHM
2024-12-19,40.6,40.75,40.2,40.2,5724800,VHM
2024-12-20,40.4,40.45,40.2,40.35,3475300,VHM
2024-12-23,40.8,40.85,40.4,40.6,1992400,VHM
2024-12-24,40.5,40.6,40.1,40.35,3214900,VHM
2024-12-25,40.5,40.75,40.35,40.6,3559700,VHM
2024-12-26,40.75,41.3,40.65,40.65,3690900,VHM
2024-12-27,40.8,41.05,40.35,40.35,2847200,VHM
2024-12-30,40.45,40.6,40.3,40.3,2516300,VHM
2024-12-31,40.5,40.5,40.0,40.0,4191900,VHM
2025-01-02,40.1,40.2,39.95,40.0,3009900,VHM
2025-01-03,40.05,40.05,39.75,40.0,4269100,VHM
2025-01-06,40.0,40.0,39.75,40.0,3321300,VHM
2025-01-07,39.85,40.05,39.85,40.0,2849700,VHM
2025-01-08,40.0,40.05,39.7,40.0,2438700,VHM
2025-01-09,40.0,41.05,40.0,40.4,4211400,VHM
2025-01-10,40.4,40.7,39.9,40.0,2320000,VHM
2025-01-13,39.8,40.0,38.7,40.0,3978900,VHM
2025-01-14,39.7,40.0,39.4,40.0,5407600,VHM
2025-01-15,40.0,40.1,39.8,40.0,2707200,VHM
2025-01-16,40.2,40.65,40.0,40.0,5138800,VHM
2025-01-17,40.1,40.1,39.85,40.1,4153100,VHM
2025-01-20,40.0,40.2,39.9,40.0,2996900,VHM
2025-01-21,40.0,40.15,39.8,40.0,4494600,VHM
2025-01-22,40.0,40.0,39.5,39.5,3640500,VHM
2025-01-23,39.55,39.95,39.25,39.5,4632800,VHM
2025-01-24,39.5,39.8,39.4,39.5,4838500,VHM
2025-02-03,39.55,39.55,38.85,39.0,4738800,VHM
2025-02-04,38.95,39.15,38.55,38.75,6222400,VHM
2025-02-05,39.0,39.45,38.85,38.85,2719200,VHM
2025-02-06,39.0,39.2,38.8,38.8,2817600,VHM
2025-02-07,38.85,39.05,38.75,38.75,3013800,VHM
2025-02-10,38.7,38.75,37.8,37.8,5850900,VHM
2025-02-11,37.85,37.9,37.6,37.75,5898800,VHM
2025-02-12,37.8,38.3,37.8,38.0,3808700,VHM
2025-02-13,37.9,38.9,37.9,38.75,4922700,VHM
2025-02-14,38.95,39.05,38.75,38.8,4245600,VHM
2025-02-17,38.8,39.15,38.7,38.8,4038700,VHM
2025-02-18,38.9,39.2,38.85,38.9,3087100,VHM
2025-02-19,39.15,39.15,38.8,39.1,2932700,VHM
2025-02-20,39.2,40.8,39.15,40.55,11106700,VHM
2025-02-21,40.7,40.7,40.25,40.3,3893300,VHM
2025-02-24,40.1,40.3,39.95,40.25,4771900,VHM
2025-02-25,40.3,41.25,40.3,40.75,5566600,VHM
2025-02-26,40.8,40.9,40.5,40.7,4187200,VHM
2025-02-27,40.75,41.15,40.6,41.05,6360000,VHM
2025-02-28,41.05,41.6,40.85,41.2,8394500,VHM
2025-03-03,41.3,42.55,41.2,42.55,9467900,VHM
2025-03-04,42.55,43.15,42.05,42.05,11264800,VHM
2025-03-05,42.05,43.0,42.05,42.7,10682200,VHM
2025-03-06,42.85,43.6,42.85,43.6,11952800,VHM
2025-03-07,43.6,45.75,43.3,44.95,17823300,VHM
2025-03-10,45.0,45.8,44.7,45.3,12066400,VHM
2025-03-11,44.6,45.55,44.2,45.5,12103400,VHM
2025-03-12,45.4,47.3,45.4,46.95,15641200,VHM
2025-03-13,47.0,49.55,46.55,47.8,22269900,VHM
2025-03-14,47.7,48.9,47.7,47.9,16861700,VHM
2025-03-17,47.95,48.0,46.8,47.8,11017800,VHM
2025-03-18,47.6,48.75,46.8,47.3,12239500,VHM
2025-03-19,46.8,47.9,46.25,47.35,13442500,VHM
2025-03-20,47.35,48.2,46.95,47.35,13458400,VHM
2025-03-21,47.1,48.4,47.1,48.25,13695700,VHM
2025-03-24,48.45,51.4,48.35,51.3,15552100,VHM
2025-03-25,51.9,52.5,51.1,51.5,12918800,VHM
2025-03-26,51.8,52.2,50.2,51.5,9611000,VHM
2025-03-27,51.5,51.7,50.5,51.2,7904300,VHM
2025-03-28,51.1,51.9,50.7,51.2,8166000,VHM
2025-03-31,51.2,51.6,51.0,51.3,9374200,VHM
2025-04-01,51.8,53.5,51.5,53.0,11851000,VHM
2025-04-02,53.2,53.6,52.6,53.0,10657600,VHM
2025-04-03,50.3,51.6,49.3,49.3,23521900,VHM
2025-04-04,46.1,50.6,46.1,50.3,21595400,VHM
2025-04-08,48.7,49.5,46.8,47.0,21438100,VHM
2025-04-09,45.6,48.8,45.6,48.5,15153600,VHM
2025-04-10,51.8,51.8,51.8,51.8,752100,VHM
2025-04-11,51.8,53.7,51.0,53.5,14557800,VHM
2025-04-14,54.0,57.2,53.7,57.2,16827300,VHM
2025-04-15,57.9,60.5,57.2,57.5,15962600,VHM
2025-04-16,57.0,57.9,55.0,56.5,10845000,VHM
2025-04-17,56.0,56.8,54.8,56.8,6338100,VHM
2025-04-18,56.8,57.0,53.3,55.0,13530600,VHM
2025-04-21,54.1,55.4,53.4,55.0,7721400,VHM
2025-04-22,55.0,58.0,52.4,57.5,10732600,VHM
2025-04-23,58.2,58.5,57.0,58.5,10647900,VHM
2025-04-24,58.5,61.8,57.6,61.2,12662600,VHM
2025-04-25,61.0,62.5,60.1,62.3,11381200,VHM
2025-04-28,62.1,62.1,58.5,58.5,7393800,VHM
2025-04-29,58.5,58.8,57.0,58.4,4737800,VHM
2025-05-05,60.7,60.9,59.9,60.9,6070700,VHM
2025-05-06,61.0,61.7,60.5,60.9,4955900,VHM
2025-05-07,60.1,62.4,60.1,62.0,5073600,VHM
2025-05-08,62.0,63.4,61.5,62.2,8829200,VHM
2025-05-09,62.0,62.8,61.6,62.2,6170600,VHM
2025-05-12,62.2,62.8,61.8,62.3,5743300,VHM
2025-05-13,61.8,62.5,60.9,62.0,6806700,VHM
2025-05-14,61.7,62.0,60.4,60.4,6555600,VHM
2025-05-15,60.2,60.3,57.1,58.0,17963700,VHM
2025-05-16,57.6,59.0,57.4,58.0,7352000,VHM
2025-05-19,58.1,60.6,58.1,58.8,5269600,VHM
2025-05-20,59.6,62.9,59.6,62.9,21911900,VHM
2025-05-21,67.3,67.3,65.3,67.3,14973300,VHM
2025-05-22,66.9,71.0,66.8,68.1,10234400,VHM
2025-05-23,68.6,69.8,67.3,68.8,7306800,VHM
2025-05-26,69.0,73.5,65.7,73.5,11890300,VHM
2025-05-27,74.6,74.7,71.2,74.3,7721600,VHM
2025-05-28,74.0,76.1,72.8,75.7,8900600,VHM
2025-05-29,75.7,76.9,74.1,76.9,7947900,VHM
2025-05-30,76.5,78.3,76.1,77.6,5891000,VHM
2025-06-02,77.6,77.9,74.5,77.0,4823400,VHM
2025-06-03,76.5,77.6,76.1,77.6,4772300,VHM
2025-06-04,77.6,77.6,76.1,77.1,6531300,VHM
2025-06-05,76.1,77.0,75.6,76.8,5299500,VHM
2025-06-06,75.7,76.5,75.0,76.0,6491000,VHM
2025-06-09,75.4,75.9,70.7,70.7,5889800,VHM
2025-06-10,68.5,72.9,68.5,72.6,9459500,VHM
2025-06-11,72.0,72.6,70.9,72.1,2691600,VHM
2025-06-12,72.1,72.4,68.6,70.0,4967500,VHM
2025-06-13,68.1,68.9,66.3,68.4,5516900,VHM
2025-06-16,66.5,68.2,66.4,67.4,4873300,VHM
2025-06-17,67.9,71.1,67.0,69.6,4053500,VHM
2025-06-18,70.0,71.4,69.2,71.4,3857400,VHM
2025-06-19,72.0,73.5,71.0,71.7,5384700,VHM
2025-06-20,71.5,71.5,70.2,70.2,8925000,VHM
2025-06-23,70.1,74.5,69.1,74.0,5368900,VHM
2025-06-24,75.5,77.3,74.1,77.3,7834300,VHM
2025-06-25,76.9,78.9,76.3,77.9,4824700,VHM
2025-06-26,77.3,77.8,75.7,76.0,4678200,VHM
2025-06-27,76.5,77.4,74.0,77.0,4778100,VHM
2025-06-30,77.0,77.0,76.0,76.7,3763700,VHM
2025-07-01,76.4,76.7,74.8,76.3,3857900,VHM
2025-07-02,75.3,76.1,74.7,76.0,4378300,VHM
2025-07-03,75.2,76.8,75.2,76.3,3218300,VHM
2025-07-04,76.3,76.4,75.2,76.0,3225500,VHM
2025-07-07,75.7,76.9,75.3,76.9,3506300,VHM
2025-07-08,76.9,79.5,76.8,79.2,4291400,VHM
2025-07-09,79.3,82.0,79.3,81.8,4103300,VHM
2025-07-10,82.0,86.5,81.7,86.0,7101900,VHM
2025-07-11,86.7,89.6,86.7,87.9,5177500,VHM
2025-07-14,89.8,91.0,86.1,88.8,5761800,VHM
2025-07-15,88.8,88.8,87.0,87.4,4157200,VHM
2025-07-16,87.3,89.5,86.7,88.0,4188500,VHM
2025-07-17,88.3,94.1,88.3,94.1,8831400,VHM
2025-07-18,95.2,98.0,94.1,96.0,5216100,VHM
2025-07-21,96.1,96.4,91.1,92.0,5658700,VHM
2025-07-22,91.2,95.6,90.0,95.5,4103700,VHM
2025-07-23,95.7,95.7,92.2,92.2,4318500,VHM
2025-07-24,92.3,92.5,87.9,92.0,8027000,VHM
2025-07-25,90.3,93.7,90.2,93.7,2777400,VHM
2025-07-28,93.7,96.0,92.0,95.6,7219800,VHM
2025-07-29,94.5,94.7,92.1,92.1,3992500,VHM
2025-07-30,92.1,92.5,89.0,91.5,5198000,VHM
2025-07-31,89.7,91.5,88.2,90.0,7811500,VHM
2025-08-01,90.0,90.6,87.8,89.9,8402600,VHM
2025-08-04,89.8,93.8,88.5,92.2,4704900,VHM
2025-08-05,93.0,98.5,92.0,96.0,10115900,VHM
2025-08-06,96.0,97.6,93.2,97.5,5504600,VHM
2025-08-07,97.6,97.7,94.4,95.0,5036500,VHM
2025-08-08,93.5,95.5,93.0,94.8,3496000,VHM
2025-08-11,94.8,95.0,93.1,93.5,4480200,VHM
2025-08-12,93.1,93.4,91.9,93.0,5154100,VHM
2025-08-13,93.0,93.1,91.0,93.0,5374600,VHM
2025-08-14,93.1,95.5,92.3,93.9,5541700,VHM
2025-08-15,95.0,98.5,92.2,94.0,7256100,VHM
2025-08-18,94.1,94.1,92.0,93.9,4501300,VHM
2025-08-19,93.6,94.5,92.2,93.9,4158500,VHM
2025-08-20,94.0,99.0,92.7,99.0,9090600,VHM
2025-08-21,97.0,99.9,97.0,99.8,4878600,VHM
2025-08-22,97.5,99.0,95.3,98.1,6239700,VHM
2025-08-25,98.0,101.9,96.5,98.4,5063900,VHM
2025-08-26,98.4,105.2,97.0,105.2,6413000,VHM
2025-08-27,105.3,106.9,102.1,104.6,3023700,VHM
2025-08-28,104.6,106.0,101.8,104.6,3292800,VHM
2025-08-29,104.6,104.8,102.5,104.5,4250800,VHM
2025-09-03,103.1,103.7,101.0,102.7,3215200,VHM
2025-09-04,102.0,102.5,99.2,102.3,5504100,VHM
2025-09-05,100.5,103.5,100.0,100.0,4185500,VHM
2025-09-08,99.0,101.0,98.8,100.0,3227000,VHM
2025-09-09,100.0,101.4,98.8,101.4,2851500,VHM
2025-09-10,101.5,102.4,99.7,101.8,3897900,VHM
2025-09-11,100.9,106.0,100.1,105.9,4046000,VHM
2025-09-12,104.1,106.0,103.0,105.5,2393700,VHM
2025-09-15,104.0,104.7,102.5,104.5,2942600,VHM
2025-09-16,104.7,104.7,102.7,102.7,2008200,VHM
2025-09-17,102.0,104.4,101.2,102.9,3422000,VHM
2025-09-18,104.1,108.2,102.5,103.5,5719900,VHM
2025-09-19,104.0,104.2,99.8,101.7,7550700,VHM
2025-09-22,101.8,103.2,94.6,99.5,10796100,VHM
2025-09-23,98.2,99.1,96.5,98.7,3232500,VHM
2025-09-24,97.8,98.4,95.3,98.0,4722500,VHM
2025-09-25,97.0,99.9,96.1,99.5,4715400,VHM
2025-09-26,99.8,101.5,98.5,99.0,3791000,VHM
2025-09-29,98.9,105.3,97.6,101.9,6464700,VHM
2025-09-30,102.5,105.8,102.1,103.0,4878500,VHM
2025-10-01,103.0,104.5,100.8,101.2,3503500,VHM
2025-10-02,101.2,102.0,98.6,98.6,5821100,VHM
2025-10-03,98.6,100.0,96.0,100.0,4683200,VHM
2025-10-06,103.9,103.9,100.5,102.7,5972800,VHM
2025-10-07,103.0,104.6,102.2,103.1,6428600,VHM
2025-10-08,103.5,107.5,101.2,107.5,8989300,VHM
2025-10-09,108.3,115.0,108.1,115.0,12892200,VHM
2025-10-10,118.0,123.0,116.0,123.0,9026200,VHM
2025-10-13,123.0,126.0,122.1,124.2,12312200,VHM
2025-10-14,124.5,131.5,124.5,127.0,13660200,VHM
2025-10-15,127.5,127.6,122.6,124.0,7059300,VHM
2025-10-16,123.8,123.8,120.4,122.0,9475900,VHM
2025-10-17,122.0,122.0,114.6,116.0,12213500,VHM
2025-10-20,114.0,115.0,108.0,108.0,11634800,VHM
2025-10-21,109.0,115.0,106.9,110.9,8238300,VHM
2025-10-22,112.0,113.0,104.0,113.0,7701600,VHM
2025-10-23,113.0,117.1,111.2,115.0,6383900,VHM
2025-10-24,114.6,116.8,112.5,114.5,5136500,VHM
2025-10-27,115.0,116.0,106.5,106.5,7164300,VHM
2025-10-28,104.2,107.0,99.1,107.0,13561200,VHM
2025-10-29,107.1,107.1,102.7,103.8,3681700,VHM
2025-10-30,103.8,105.0,100.8,104.0,3691300,VHM
2025-10-31,103.8,103.8,99.2,99.2,6461300,VHM
2025-11-03,99.6,101.4,97.8,98.5,5083100,VHM
2025-11-04,98.4,102.0,98.4,100.2,4564100,VHM
2025-11-05,101.2,101.7,99.5,99.6,3054600,VHM
2025-11-06,99.6,101.5,97.6,98.9,4590300,VHM
2025-11-07,97.5,98.0,92.0,92.0,9791200,VHM
2025-11-10,90.2,92.0,86.9,86.9,6349200,VHM
2025-11-11,86.9,91.4,86.9,90.0,8465600,VHM
2025-11-12,90.1,95.0,90.1,94.0,4720500,VHM
2025-11-13,94.5,94.9,91.6,93.3,4292000,VHM
2025-11-14,93.0,93.9,90.5,93.9,3280400,VHM
2025-11-17,94.0,96.3,94.0,95.0,4096000,VHM
2025-11-18,95.7,97.0,94.0,97.0,3666000,VHM
2025-11-19,96.9,96.9,95.3,96.9,3741200,VHM
2025-11-20,96.7,98.4,96.0,97.8,3350300,VHM
2025-11-21,96.1,99.3,96.1,99.3,3947400,VHM
2025-11-24,99.3,104.0,98.7,102.7,6062300,VHM
2025-11-25,103.4,104.0,101.2,102.6,4457800,VHM
2025-11-26,102.8,102.9,100.1,102.1,4375200,VHM
2025-11-27,102.5,103.6,101.3,102.5,3140200,VHM
2025-11-28,102.0,103.3,101.3,102.9,3434700,VHM
2025-12-01,104.0,107.3,103.0,105.7,5879600,VHM
2025-12-02,105.9,106.8,103.6,106.8,4533700,VHM
2025-12-03,106.9,107.0,104.8,106.8,4477200,VHM
2025-12-04,106.2,106.2,104.2,105.2,4584800,VHM
2025-12-05,105.0,108.5,104.8,107.0,5143500,VHM
2025-12-08,107.0,110.0,106.0,110.0,4603000,VHM
2025-12-09,110.8,111.4,104.7,107.5,7599600,VHM
2025-12-10,107.0,107.0,100.2,103.5,7908400,VHM
2025-12-11,101.8,103.3,101.1,101.1,3117200,VHM
2025-12-12,101.0,101.0,94.1,94.1,6638700,VHM
2025-12-15,94.8,96.0,91.1,92.5,5413200,VHM
2025-12-16,91.3,95.7,90.5,95.0,5672700,VHM
2025-12-17,94.9,95.3,92.7,94.9,3306500,VHM
2025-12-18,94.9,95.0,93.5,94.9,3362700,VHM
2025-12-19,95.3,101.5,95.1,101.5,5348700,VHM
2025-12-22,104.0,107.4,102.2,107.4,4779100,VHM
2025-12-23,108.5,114.9,107.6,114.9,7781700,VHM
2025-12-24,117.3,122.9,114.5,122.8,9949600,VHM
2025-12-25,124.0,131.3,114.3,114.3,10699900,VHM
2025-12-26,106.3,111.0,106.3,110.0,16551200,VHM
2025-12-29,111.9,117.7,111.0,117.7,7324300,VHM
2025-12-30,120.0,120.6,113.0,117.5,6669000,VHM
2025-12-31,117.5,125.7,115.8,124.0,6830500,VHM
2026-01-05,126.8,132.6,125.2,132.6,10136200,VHM
2026-01-06,138.5,141.8,136.5,141.8,8459900,VHM
2026-01-07,150.0,150.9,141.0,149.5,9511500,VHM
2026-01-08,150.3,150.9,139.1,139.1,15234400,VHM
2026-01-09,138.6,142.8,132.6,140.0,9789300,VHM
2026-01-12,139.0,139.0,130.2,130.2,9143600,VHM
2026-01-13,125.7,134.9,125.7,134.0,9148500,VHM
2026-01-14,134.9,134.9,124.7,126.3,11385300,VHM
2026-01-15,124.0,124.0,117.5,120.0,19255700,VHM
2026-01-16,121.1,126.8,121.1,124.1,5774400,VHM
2026-01-19,126.9,126.9,120.5,125.0,5284700,VHM
2026-01-20,124.1,124.5,119.7,123.0,7006400,VHM
2026-01-21,121.0,126.0,120.3,122.9,9321600,VHM
2026-01-22,120.1,122.9,118.5,120.5,7971100,VHM
2026-01-23,122.1,127.5,121.1,122.5,7272600,VHM
2026-01-26,124.0,124.1,116.1,118.9,4159000,VHM
2026-01-27,117.5,118.0,110.6,110.6,10162000,VHM
2026-01-28,108.1,109.0,102.9,104.3,15508700,VHM
2026-01-29,104.5,107.4,104.1,107.0,6368800,VHM
2026-01-30,107.0,107.4,104.0,106.0,4714200,VHM
2026-02-02,107.1,107.3,98.6,98.6,9144500,VHM
2026-02-03,96.1,102.0,95.5,97.3,9348800,VHM
2026-02-04,97.5,98.0,90.8,91.3,13582800,VHM
2026-02-05,91.2,97.6,91.2,97.6,9429200,VHM
2026-02-06,97.6,101.8,95.1,97.5,8492200,VHM
2026-02-09,97.9,97.9,93.1,95.0,4463200,VHM
2026-02-10,94.6,101.6,94.0,101.3,8656800,VHM
2026-02-11,102.5,104.5,102.4,103.0,6203200,VHM
2026-02-12,103.6,109.3,102.1,109.0,6584900,VHM
2026-02-13,109.7,109.8,105.3,109.0,6244700,VHM
2026-02-23,109.1,111.4,108.0,110.7,3679400,VHM
2026-02-24,110.5,111.0,107.1,111.0,4723800,VHM
2026-02-25,110.6,110.6,106.4,107.0,5547800,VHM
2026-02-26,106.0,112.9,105.6,107.6,6157600,VHM
2026-02-27,108.0,109.5,104.6,108.0,4915000,VHM
2026-03-02,102.5,105.1,100.5,100.5,6578000,VHM
2026-03-03,97.1,99.8,93.5,93.5,11710100,VHM
2026-03-04,91.4,94.9,87.0,93.5,12722700,VHM
2026-03-05,95.4,99.0,93.3,95.0,8978700,VHM
2026-03-06,95.0,96.5,93.0,95.0,6979200,VHM
2026-03-09,88.5,91.1,88.4,88.4,17232900,VHM
2026-03-10,90.3,92.9,88.3,89.8,5665600,VHM
2026-03-11,89.2,95.9,89.2,95.9,6734300,VHM
2026-03-12,93.7,95.9,93.5,95.9,4137400,VHM
2026-03-13,94.5,98.0,93.9,98.0,3989100,VHM
2026-03-16,98.0,102.4,96.9,100.0,4947300,VHM
2026-03-17,101.9,104.4,100.8,102.0,4359000,VHM
2026-03-18,102.2,105.5,101.5,102.0,4511300,VHM
2026-03-19,101.9,103.5,100.5,102.3,4596600,VHM
2026-03-20,102.0,102.0,97.0,100.0,6142200,VHM
2026-03-23,99.0,99.0,93.0,98.0,6595700,VHM
2026-03-24,99.4,99.6,96.5,99.0,2699500,VHM
2026-03-25,100.9,104.2,99.2,104.2,4327400,VHM
2026-03-26,104.3,104.3,101.1,101.1,2742600,VHM
2026-03-27,102.0,103.5,100.2,103.0,2547500,VHM
2026-03-30,100.8,103.6,100.2,103.0,2582200,VHM
2026-03-31,102.4,103.8,102.0,103.0,1487400,VHM
2026-04-01,110.2,110.2,110.2,110.2,2031500,VHM
2026-04-02,117.9,117.9,116.1,117.9,16320300,VHM
2026-04-03,120.8,125.0,117.8,119.2,6023000,VHM
2026-04-06,118.0,120.7,116.0,117.0,3208900,VHM
2026-04-07,117.0,118.0,113.5,115.0,3160700,VHM
2026-04-08,117.9,123.0,117.6,123.0,5534000,VHM
2026-04-09,123.5,127.5,121.9,122.0,5205200,VHM
2026-04-10,124.0,124.0,120.6,121.1,2500900,VHM
2026-04-13,119.1,124.2,118.2,122.9,3679400,VHM
2026-04-14,125.1,128.9,122.9,128.9,5575500,VHM
2026-04-15,130.3,137.9,129.3,137.0,6586300,VHM
2026-04-16,137.0,146.0,137.0,143.1,8240500,VHM
2026-04-17,144.6,146.5,135.5,135.7,9354800,VHM
2026-04-20,136.6,145.1,131.5,145.1,6841800,VHM
2018-01-02,27.777974699999998,28.0339929,27.777974699999998,27.9486535,355760,NVL
2018-01-03,27.9486535,28.588699000000002,27.9486535,28.546029299999997,883360,NVL
2018-01-04,28.546029299999997,28.887386900000003,28.162002,28.844717199999998,1130450,NVL
2018-01-05,28.7593778,29.1860748,28.588699000000002,29.1007354,1082960,NVL
2018-01-08,29.015396,29.783450600000002,29.015396,29.6981112,1153370,NVL
2018-01-09,29.5701021,31.0635416,29.5701021,30.722184000000002,1585810,NVL
2018-01-10,30.594174900000002,31.575578,30.5515052,31.148881000000003,1788010,NVL
2018-01-11,31.3622295,32.3009629,31.148881000000003,32.002275000000004,1407430,NVL
2018-01-12,32.3009629,32.4716417,32.0449447,32.3009629,1531690,NVL
2018-01-15,32.428972,33.282366,32.2156235,33.282366,1626690,NVL
2018-01-16,33.239696300000006,33.9650812,32.428972,33.239696300000006,1643790,NVL
2018-01-17,33.239696300000006,33.6663933,32.4716417,33.239696300000006,1993570,NVL
2018-01-18,33.5383842,33.5810539,32.2156235,33.495714500000005,2119180,NVL
2018-01-19,33.6663933,34.3917782,33.4530448,34.3917782,2105670,NVL
2018-01-22,34.519787300000004,35.6718692,34.3917782,35.6718692,2169410,NVL
2018-01-25,35.9278874,36.5252632,35.8852177,36.0985662,2357070,NVL
2018-01-26,36.0132268,36.269245000000005,35.842548,36.0558965,2454710,NVL
2018-01-29,35.8852177,36.22657529999999,34.4771176,34.562457,2508670,NVL
2018-01-30,34.3064388,34.562457,33.239696300000006,34.135760000000005,2230100,NVL
2018-01-31,33.9224115,34.4344479,33.709063,34.2637691,2390060,NVL
2018-02-01,34.0930903,34.3917782,34.0930903,34.3064388,2385420,NVL
2018-02-02,34.135760000000005,34.9038146,34.0930903,34.775805500000004,2765420,NVL
2018-02-05,34.562457,34.946484299999995,34.562457,34.8184752,2744630,NVL
2018-02-06,34.519787300000004,35.2025025,34.4344479,34.9038146,1754640,NVL
2018-02-07,34.9038146,35.1171631,34.3064388,34.4344479,2918700,NVL
2018-02-08,34.2210994,34.4344479,34.0930903,34.135760000000005,2412560,NVL
2018-02-09,33.9224115,34.135760000000005,33.709063,34.135760000000005,2385810,NVL
2018-02-12,34.0077509,34.135760000000005,33.495714500000005,33.709063,2377370,NVL
2018-02-13,33.495714500000005,34.135760000000005,33.495714500000005,34.135760000000005,2508250,NVL
2018-02-21,34.1784297,34.3917782,34.135760000000005,34.3064388,2775250,NVL
2018-02-22,34.135760000000005,34.6051267,34.135760000000005,34.4344479,3014800,NVL
2018-02-23,34.2637691,34.989154,34.2637691,34.989154,3187060,NVL
2018-02-26,34.946484299999995,35.4585207,34.946484299999995,35.2878419,2982420,NVL
2018-02-27,35.2025025,36.0132268,35.2025025,35.9278874,3314300,NVL
2018-02-28,35.842548,37.0372996,35.842548,36.6106026,3627460,NVL
2018-03-01,36.3545844,37.6773451,36.3545844,37.6773451,3563930,NVL
2018-03-02,37.6773451,37.6773451,36.6106026,36.6106026,2626210,NVL
2018-03-05,36.4825935,36.6106026,34.562457,34.562457,2689470,NVL
2018-03-06,33.9224115,34.562457,33.7517327,33.7517327,2703170,NVL
2018-03-07,33.5810539,33.9224115,33.4530448,33.794402399999996,1541650,NVL
2018-03-08,33.6663933,34.8184752,33.6663933,34.3064388,2776620,NVL
2018-03-09,34.0930903,34.6477964,34.0930903,34.3917782,3044370,NVL
2018-03-12,34.135760000000005,34.4771176,34.0077509,34.0077509,3683290,NVL
2018-03-13,33.709063,34.0077509,33.6237236,33.6237236,2841080,NVL
2018-03-14,33.5383842,33.709063,33.5383842,33.6663933,3343830,NVL
2018-03-15,33.5383842,33.7517327,33.5383842,33.6663933,3469970,NVL
2018-03-16,33.5810539,33.794402399999996,33.5810539,33.6663933,3747450,NVL
2018-03-19,33.709063,35.9705571,33.6663933,35.9705571,2632680,NVL
2018-03-20,35.9278874,37.976033,35.415851,35.415851,2647170,NVL
2018-03-21,34.989154,35.629199500000006,34.775805500000004,34.775805500000004,2824040,NVL
2018-03-22,34.775805500000004,35.4585207,34.7331358,35.2451722,3358080,NVL
2018-03-23,34.989154,34.989154,33.8370721,33.9224115,2581420,NVL
2018-03-26,33.9224115,34.562457,33.8370721,33.9650812,3170310,NVL
2018-03-27,34.521848,36.192260000000005,34.0207244,36.192260000000005,1437130,NVL
2018-03-28,36.749064,38.697877999999996,36.637703200000004,36.804744400000004,2897690,NVL
2018-03-29,36.693383600000004,37.1945072,36.693383600000004,36.9161052,506440,NVL
2018-03-30,37.1945072,38.530836799999996,37.1945072,38.530836799999996,2490280,NVL
2018-04-02,39.0319604,40.2569292,38.530836799999996,40.089888,2994130,NVL
2018-04-03,39.9228468,42.8182276,39.811485999999995,42.7625472,3367830,NVL
2018-04-04,42.7625472,43.430712,41.8159804,42.873908,3466310,NVL
2018-04-05,42.4284648,43.8761552,41.8159804,43.430712,2895280,NVL
2018-04-06,42.873908,43.430712,41.9830216,42.595506,3208090,NVL
2018-04-09,42.2057432,42.595506,40.7023724,40.7023724,1902330,NVL
2018-04-10,40.089888,40.758052799999994,38.9205996,40.36829,2597550,NVL
2018-04-11,40.2569292,40.36829,39.7001252,40.36829,2911320,NVL
2018-04-12,39.978527199999995,41.3148568,39.9228468,41.092135199999994,2815970,NVL
2018-04-13,40.8137332,41.7046196,40.8137332,41.481898,2322130,NVL
2018-04-16,40.646692,41.481898,40.4239704,40.591011599999995,3014920,NVL
2018-04-17,39.254682,40.646692,38.9205996,39.477403599999995,2099160,NVL
2018-04-18,39.477403599999995,39.477403599999995,38.864919199999996,38.864919199999996,1498980,NVL
2018-04-19,38.864919199999996,39.0319604,37.751311199999996,38.864919199999996,1812380,NVL
2018-04-20,38.5865172,40.0342076,38.5865172,38.864919199999996,3715560,NVL
2018-04-23,38.864919199999996,39.254682,38.697877999999996,38.864919199999996,2311150,NVL
2018-04-24,38.7535584,39.533084,38.6421976,39.533084,2562540,NVL
2018-04-26,39.533084,39.5887644,36.804744400000004,36.804744400000004,2052810,NVL
2018-04-27,34.521848,36.025218800000005,34.243446000000006,34.243446000000006,889660,NVL
2018-05-02,32.0719104,34.243446000000006,32.0719104,32.4059928,2458280,NVL
2018-05-03,32.1832712,32.4059928,30.1787768,30.1787768,1609640,NVL
2018-05-04,29.23221,30.62422,28.118602,28.953808000000002,2354810,NVL
2018-05-07,28.953808000000002,30.123096399999998,28.8424472,30.0117356,1762590,NVL
2018-05-08,29.789013999999998,31.6264672,29.789013999999998,31.5707868,2048150,NVL
2018-05-09,31.2923848,31.7935084,30.067416,31.5151064,1909470,NVL
2018-05-10,31.3480652,31.5707868,30.4571788,31.181024,2502410,NVL
2018-05-11,30.9583024,31.181024,29.789013999999998,30.902622,1983740,NVL
2018-05-14,30.902622,31.1253436,29.6776532,30.067416,2893140,NVL
2018-05-15,30.0117356,30.1787768,29.3992512,29.789013999999998,2576800,NVL
2018-05-16,29.789013999999998,29.789013999999998,28.118602,29.287890400000002,2890630,NVL
2018-05-17,29.343570800000002,29.510612000000002,28.1742824,29.287890400000002,2921520,NVL
2018-05-18,29.287890400000002,29.510612000000002,28.8424472,29.510612000000002,3291710,NVL
2018-05-21,29.510612000000002,29.5662924,28.397004000000003,28.953808000000002,2744660,NVL
2018-05-22,28.8981276,28.8981276,27.6731588,28.062921600000003,3019740,NVL
2018-05-23,28.062921600000003,28.062921600000003,27.4504372,27.9515608,3276010,NVL
2018-05-24,27.9515608,28.953808000000002,27.7288392,28.1742824,3519930,NVL
2018-05-25,28.1742824,29.23221,27.7288392,28.953808000000002,3353080,NVL
2018-05-28,28.8424472,29.3992512,28.397004000000003,28.397004000000003,3303830,NVL
2018-05-29,28.118602,30.345817999999998,28.118602,29.5662924,4737660,NVL
2018-05-30,29.5662924,29.5662924,28.2856432,28.2856432,3471030,NVL
2018-05-31,28.2856432,29.6776532,28.229962800000003,28.397004000000003,4428440,NVL
2018-06-01,28.4526844,29.510612000000002,28.4526844,28.7310864,4024180,NVL
2018-06-04,28.7310864,29.176529600000002,28.7310864,29.0094884,3477780,NVL
2018-06-05,29.0094884,29.510612000000002,28.786766800000002,29.0094884,3305270,NVL
2018-06-06,29.0094884,29.23221,28.8424472,29.0651688,3225830,NVL
2018-06-07,29.0651688,30.62422,29.0651688,30.345817999999998,3267720,NVL
2018-06-08,30.345817999999998,30.4014984,29.6776532,30.067416,3451260,NVL
2018-06-11,30.067416,30.2344572,29.343570800000002,29.789013999999998,3608160,NVL
2018-06-12,29.4549316,29.8446944,28.675406,29.8446944,4317610,NVL
2018-06-13,29.8446944,29.8446944,28.953808000000002,29.6776532,2353360,NVL
2018-06-14,29.5662924,29.621972799999998,28.397004000000003,29.287890400000002,2401870,NVL
2018-06-15,29.23221,29.510612000000002,28.8981276,29.510612000000002,4741370,NVL
2018-06-18,29.510612000000002,29.510612000000002,28.5083648,28.786766800000002,2749410,NVL
2018-06-19,28.675406,28.786766800000002,27.7845196,28.0072412,2971030,NVL
2018-06-20,28.0072412,28.3413236,27.6174784,28.062921600000003,2565780,NVL
2018-06-21,27.8402,28.062921600000003,27.6731588,27.9515608,1932810,NVL
2018-06-22,27.8402,28.118602,27.7288392,28.118602,1817010,NVL
2018-06-25,28.118602,28.397004000000003,27.8402,28.229962800000003,1946880,NVL
2018-06-26,28.1742824,28.229962800000003,27.8958804,28.118602,1890220,NVL
2018-06-27,28.118602,28.1742824,28.0072412,28.1742824,1468270,NVL
2018-06-28,28.118602,28.4526844,28.0072412,28.229962800000003,1620920,NVL
2018-06-29,28.229962800000003,28.397004000000003,28.118602,28.397004000000003,1835890,NVL
2018-07-02,28.397004000000003,28.953808000000002,27.8402,28.4526844,1288050,NVL
2018-07-03,28.3413236,28.4526844,27.8402,27.8402,1380590,NVL
2018-07-04,27.8402,28.0072412,27.7566794,27.8958804,966360,NVL
2018-07-05,27.8958804,27.9515608,27.6731588,27.8402,982520,NVL
2018-07-06,27.7566794,28.953808000000002,27.700999,28.953808000000002,1490510,NVL
2018-07-09,28.786766800000002,28.953808000000002,27.8958804,28.4526844,1226910,NVL
2018-07-10,28.4526844,28.4526844,27.9515608,28.118602,1027380,NVL
2018-07-11,27.8958804,28.953808000000002,27.700999,28.1742824,1295810,NVL
2018-07-12,28.1742824,28.953808000000002,27.9515608,28.2856432,920440,NVL
2018-07-13,28.2856432,28.7310864,28.062921600000003,28.619725600000002,645840,NVL
2018-07-16,28.5640452,28.953808000000002,28.5083648,28.8424472,832810,NVL
2018-07-17,29.23221,29.3992512,28.675406,29.0094884,995730,NVL
2018-07-18,29.0094884,30.62422,29.0094884,30.512859199999998,1794360,NVL
2018-07-19,30.679900399999998,31.1253436,29.789013999999998,31.0696632,482990,NVL
2018-07-20,31.0696632,31.181024,30.846941599999997,30.846941599999997,561090,NVL
2018-07-23,30.7355808,32.01623,30.512859199999998,32.01623,645460,NVL
2018-07-24,31.8491888,32.0719104,30.62422,31.737828,486600,NVL
2018-07-25,31.737828,32.2389516,31.6264672,32.1275908,470880,NVL
2018-07-26,32.0719104,33.4639204,31.7935084,33.4639204,590450,NVL
2018-07-27,33.4639204,33.965044,33.0741576,33.965044,576480,NVL
2018-07-30,34.0764048,34.0764048,33.12983800000001,33.7423224,360170,NVL
2018-07-31,33.6309616,35.357054,33.2411988,34.521848,932330,NVL
2018-08-01,34.521848,34.521848,33.40824,34.521848,957020,NVL
2018-08-02,35.078652000000005,35.357054,33.9093636,34.243446000000006,701730,NVL
2018-08-03,34.1877656,34.521848,34.0207244,34.521848,564420,NVL
2018-08-06,34.243446000000006,34.6888892,33.965044,34.410487200000006,532410,NVL
2018-08-07,34.410487200000006,34.911610800000005,34.0207244,34.6888892,602710,NVL
2018-08-08,34.6888892,35.2456932,34.6888892,35.0229716,599650,NVL
2018-08-09,35.0229716,35.2456932,33.965044,35.078652000000005,655490,NVL
2018-08-10,35.078652000000005,36.192260000000005,35.078652000000005,36.192260000000005,833000,NVL
2018-08-13,36.359301200000004,36.359301200000004,34.80025,35.913858,704350,NVL
2018-08-14,35.913858,36.4149816,35.8024972,36.4149816,525870,NVL
2018-08-15,36.526342400000004,36.526342400000004,35.357054,36.3036208,703640,NVL
2018-08-16,36.2479404,36.3036208,35.913858,36.3036208,807290,NVL
2018-08-17,36.3036208,36.470662,36.1365796,36.470662,420270,NVL
2018-08-20,36.470662,36.470662,35.635456,36.359301200000004,668430,NVL
2018-08-21,36.470662,36.470662,36.2479404,36.359301200000004,266610,NVL
2018-08-22,36.359301200000004,36.470662,34.521848,36.1365796,395040,NVL
2018-08-23,36.025218800000005,36.1365796,35.078652000000005,35.635456,687130,NVL
2018-08-24,35.5797756,36.192260000000005,35.524095200000005,36.192260000000005,296650,NVL
2018-08-27,36.192260000000005,36.2479404,35.691136400000005,36.2479404,235500,NVL
2018-08-28,36.2479404,36.470662,35.1343324,36.192260000000005,386220,NVL
2018-08-29,36.1365796,36.192260000000005,35.357054,36.1365796,235120,NVL
2018-08-30,36.025218800000005,36.192260000000005,35.691136400000005,36.192260000000005,346410,NVL
2018-08-31,36.192260000000005,36.2479404,35.913858,36.192260000000005,332000,NVL
2018-09-04,36.025218800000005,36.192260000000005,35.4684148,36.0808992,427640,NVL
2018-09-05,35.9695384,36.0808992,35.2456932,35.4127344,705390,NVL
2018-09-06,35.4127344,36.192260000000005,35.357054,36.192260000000005,391310,NVL
2018-09-07,36.025218800000005,36.2479404,35.1900128,36.2479404,453810,NVL
2018-09-10,36.025218800000005,36.749064,35.4127344,36.749064,462290,NVL
2018-09-11,36.749064,37.027466,35.691136400000005,37.027466,441850,NVL
2018-09-12,37.027466,37.862671999999996,37.027466,37.695630799999996,251290,NVL
2018-09-13,37.695630799999996,38.419476,37.58427,37.8069916,274550,NVL
2018-09-14,38.141074,38.5865172,37.305868000000004,37.751311199999996,246590,NVL
2018-09-17,37.862671999999996,37.862671999999996,37.027466,37.4172288,409970,NVL
2018-09-18,37.138826800000004,37.472909200000004,36.971785600000004,37.472909200000004,308790,NVL
2018-09-19,37.472909200000004,37.5285896,36.749064,36.749064,154640,NVL
2018-09-20,36.749064,36.804744400000004,35.635456,35.913858,248400,NVL
2018-09-21,36.025218800000005,36.192260000000005,33.40824,33.40824,5031320,NVL
2018-09-24,35.357054,35.691136400000005,35.078652000000005,35.691136400000005,403450,NVL
2018-09-25,35.691136400000005,37.305868000000004,35.691136400000005,36.2479404,377310,NVL
2018-09-26,35.635456,36.3036208,35.078652000000005,36.0808992,698710,NVL
2018-09-27,36.192260000000005,37.305868000000004,35.913858,37.027466,670940,NVL
2018-09-28,37.027466,37.1945072,36.470662,37.027466,924590,NVL
2018-10-01,37.027466,37.0831464,35.913858,36.0808992,541970,NVL
2018-10-02,35.635456,36.0808992,35.5797756,35.8024972,228580,NVL
2018-10-03,35.635456,35.858177600000005,35.1900128,35.635456,247900,NVL
2018-10-04,35.524095200000005,35.635456,35.1900128,35.635456,187640,NVL
2018-10-05,35.635456,35.635456,35.1343324,35.524095200000005,220250,NVL
2018-10-08,35.524095200000005,35.635456,35.078652000000005,35.357054,1031380,NVL
2018-10-09,35.2456932,36.192260000000005,35.2456932,36.1365796,414530,NVL
2018-10-10,36.2479404,36.2479404,35.3013736,35.635456,1124690,NVL
2018-10-11,35.635456,36.749064,34.9672912,35.524095200000005,467850,NVL
2018-10-12,35.524095200000005,37.9740328,35.357054,37.862671999999996,847500,NVL
2018-10-15,37.862671999999996,39.533084,37.0831464,38.864919199999996,645190,NVL
2018-10-16,38.864919199999996,40.646692,38.697877999999996,40.5353312,1088120,NVL
2018-10-17,40.5353312,40.925093999999994,39.533084,40.8694136,877860,NVL
2018-10-18,40.8137332,40.8137332,39.811485999999995,40.145568399999995,179250,NVL
2018-10-19,40.36829,40.36829,38.4751564,38.976279999999996,935230,NVL
2018-10-22,38.976279999999996,39.5887644,38.976279999999996,39.533084,304330,NVL
2018-10-23,39.533084,39.533084,38.6421976,39.477403599999995,454190,NVL
2018-10-24,39.477403599999995,40.925093999999994,39.0319604,40.591011599999995,987660,NVL
2018-10-25,40.5353312,41.481898,39.533084,41.481898,936470,NVL
2018-10-26,41.203496,41.5932588,40.089888,40.7023724,997510,NVL
2018-10-29,40.7023724,40.7023724,39.0319604,39.644444799999995,185440,NVL
2018-10-30,39.477403599999995,39.477403599999995,38.2524348,39.0876408,278100,NVL
2018-10-31,39.0319604,39.5887644,38.9205996,39.5887644,420240,NVL
2018-11-01,39.5887644,40.0342076,39.0319604,39.533084,162470,NVL
2018-11-02,39.533084,39.644444799999995,39.254682,39.5887644,483030,NVL
2018-11-05,39.5887644,39.5887644,38.697877999999996,38.9205996,127620,NVL
2018-11-06,38.9205996,39.143321199999995,38.697877999999996,38.864919199999996,142280,NVL
2018-11-07,38.809238799999996,38.864919199999996,38.3081152,38.530836799999996,177680,NVL
2018-11-08,38.5865172,38.9205996,37.9740328,38.419476,543910,NVL
2018-11-09,38.419476,39.1990016,38.141074,39.0319604,154360,NVL
2018-11-12,38.976279999999996,39.4217232,38.196754399999996,39.3660428,195640,NVL
2018-11-13,39.1990016,39.644444799999995,38.697877999999996,39.477403599999995,164260,NVL
2018-11-14,39.477403599999995,40.2012488,39.254682,39.477403599999995,412410,NVL
2018-11-15,39.477403599999995,40.646692,39.4217232,40.089888,444090,NVL
2018-11-16,40.145568399999995,40.2012488,38.419476,38.809238799999996,178570,NVL
2018-11-19,38.809238799999996,38.9205996,38.419476,38.6421976,122050,NVL
2018-11-20,38.4751564,38.6421976,37.305868000000004,38.530836799999996,145050,NVL
2018-11-21,38.196754399999996,38.4751564,37.639950400000004,37.639950400000004,153580,NVL
2018-11-22,37.639950400000004,38.419476,37.639950400000004,37.695630799999996,137410,NVL
2018-11-23,37.695630799999996,38.141074,37.4172288,37.9183524,112880,NVL
2018-11-26,37.9183524,38.419476,37.4172288,38.363795599999996,145300,NVL
2018-11-27,38.363795599999996,38.864919199999996,37.751311199999996,37.862671999999996,459790,NVL
2018-11-28,38.2524348,38.697877999999996,37.862671999999996,38.4751564,207450,NVL
2018-11-29,38.530836799999996,38.697877999999996,38.2524348,38.530836799999996,222580,NVL
2018-11-30,38.530836799999996,38.6421976,37.4172288,37.9183524,368790,NVL
2018-12-03,37.9183524,38.4751564,37.9183524,38.029713199999996,264730,NVL
2018-12-04,38.0853936,38.141074,37.58427,37.8069916,257820,NVL
2018-12-05,37.8069916,37.8069916,37.305868000000004,37.472909200000004,323630,NVL
2018-12-06,37.305868000000004,38.6421976,37.305868000000004,37.862671999999996,275540,NVL
2018-12-07,37.9740328,38.419476,37.9740328,38.141074,294760,NVL
2018-12-10,37.862671999999996,38.141074,37.8069916,38.029713199999996,250580,NVL
2018-12-11,37.862671999999996,38.029713199999996,37.305868000000004,37.9183524,230450,NVL
2018-12-12,37.862671999999996,38.4751564,37.695630799999996,37.862671999999996,247380,NVL
2018-12-13,37.862671999999996,38.4751564,37.5285896,37.5285896,263460,NVL
2018-12-14,37.58427,37.695630799999996,37.138826800000004,37.305868000000004,214040,NVL
2018-12-17,37.305868000000004,37.305868000000004,36.526342400000004,36.9161052,266420,NVL
2018-12-18,36.749064,36.9161052,35.635456,36.0808992,445920,NVL
2018-12-19,35.913858,35.913858,35.357054,35.357054,290690,NVL
2018-12-20,35.357054,36.470662,35.078652000000005,36.192260000000005,301590,NVL
2018-12-21,35.635456,36.3036208,35.357054,35.357054,704870,NVL
2018-12-24,35.635456,36.025218800000005,35.2456932,35.691136400000005,622530,NVL
2018-12-25,35.913858,36.470662,35.4127344,36.3036208,438170,NVL
2018-12-26,35.635456,36.3036208,35.1900128,35.7468168,367820,NVL
2018-12-27,35.635456,35.9695384,35.5797756,35.7468168,320700,NVL
2018-12-28,35.635456,35.913858,35.5797756,35.7468168,320230,NVL
2019-01-02,35.913858,35.913858,34.9672912,35.913858,478860,NVL
2019-01-03,35.5797756,35.5797756,34.911610800000005,35.078652000000005,629490,NVL
2019-01-04,34.80025,35.357054,33.965044,35.1900128,626290,NVL
2019-01-07,34.80025,35.078652000000005,34.0207244,34.521848,721650,NVL
2019-01-08,34.521848,34.521848,32.1275908,32.1275908,621630,NVL
2019-01-09,32.1832712,33.40824,29.9003748,32.7400752,1165350,NVL
2019-01-10,32.294632,33.29687920000001,32.294632,32.9627968,470210,NVL
2019-01-11,32.573034,33.29687920000001,32.573034,33.0184772,627520,NVL
2019-01-14,32.573034,32.6843948,31.6821476,32.3503124,717640,NVL
2019-01-15,32.01623,32.5173536,31.6821476,32.3503124,573010,NVL
2019-01-16,32.1275908,32.3503124,31.6264672,32.01623,475490,NVL
2019-01-17,31.7935084,32.01623,31.6264672,31.6264672,396210,NVL
2019-01-18,31.6264672,32.01623,31.6264672,31.737828,324670,NVL
2019-01-21,31.737828,31.9605496,31.6821476,31.7935084,354580,NVL
2019-01-22,31.8491888,31.9048692,31.2923848,31.6821476,535670,NVL
2019-01-23,31.6821476,31.8491888,31.459426,31.8491888,453150,NVL
2019-01-24,31.7935084,31.9048692,31.5707868,31.7935084,412780,NVL
2019-01-25,31.7935084,31.9605496,31.181024,31.737828,352410,NVL
2019-01-28,31.737828,31.8491888,31.6264672,31.7935084,421070,NVL
2019-01-29,31.7935084,31.9605496,31.5707868,31.9605496,508370,NVL
2019-01-30,31.737828,31.9048692,31.6821476,31.7935084,394750,NVL
2019-01-31,31.737828,31.8491888,31.3480652,31.5151064,554770,NVL
2019-02-01,31.5151064,31.6821476,31.0696632,31.5707868,571270,NVL
2019-02-11,31.6264672,32.2389516,31.5707868,32.01623,440830,NVL
2019-02-12,32.01623,32.1832712,31.9048692,32.01623,426710,NVL
2019-02-13,32.01623,32.1832712,31.7935084,32.01623,456420,NVL
2019-02-14,32.0719104,32.9627968,32.01623,32.2389516,656330,NVL
2019-02-15,32.2389516,32.4616732,32.01623,32.01623,511960,NVL
2019-02-18,32.01623,32.4059928,32.01623,32.2389516,583930,NVL
2019-02-19,32.2389516,32.4059928,32.1832712,32.294632,634820,NVL
2019-02-20,32.1832712,32.4059928,32.1832712,32.3503124,424150,NVL
2019-02-21,32.3503124,32.4616732,32.1832712,32.4616732,720560,NVL
2019-02-22,32.5173536,32.9071164,32.294632,32.5173536,592190,NVL
2019-02-25,32.573034,34.1320852,32.573034,33.29687920000001,735710,NVL
2019-02-26,33.686642,34.0764048,33.0741576,33.0741576,443700,NVL
2019-02-27,33.0741576,33.686642,33.0741576,33.1855184,652490,NVL
2019-02-28,33.40824,33.7980028,32.01623,32.01623,1361480,NVL
2019-03-01,31.7935084,32.9627968,31.7935084,32.9627968,495790,NVL
2019-03-04,32.9627968,33.40824,32.6287144,33.12983800000001,500190,NVL
2019-03-05,33.0184772,33.2411988,32.573034,32.7400752,536160,NVL
2019-03-06,32.7400752,32.7400752,31.5151064,31.737828,880920,NVL
2019-03-07,31.737828,32.2389516,31.737828,31.9605496,472630,NVL
2019-03-08,31.737828,32.6843948,31.737828,32.01623,445530,NVL
2019-03-11,32.294632,33.7423224,32.294632,33.4639204,662430,NVL
2019-03-12,33.5196008,34.80025,33.5196008,34.80025,1139030,NVL
2019-03-13,34.80025,34.9672912,33.965044,34.0764048,359170,NVL
2019-03-14,33.965044,34.577528400000006,33.686642,34.4661676,394680,NVL
2019-03-15,34.521848,34.8559304,33.3525596,33.3525596,2531220,NVL
2019-03-18,33.5196008,33.965044,32.851436,32.9627968,428600,NVL
2019-03-19,33.0184772,33.12983800000001,32.4059928,32.5173536,413930,NVL
2019-03-20,32.573034,32.9627968,32.4616732,32.4616732,434440,NVL
2019-03-21,32.294632,32.7400752,31.737828,31.737828,493820,NVL
2019-03-22,31.8491888,32.2389516,31.6821476,31.9605496,409030,NVL
2019-03-25,31.181024,31.737828,31.181024,31.403745599999997,522710,NVL
2019-03-26,31.403745599999997,31.7935084,31.403745599999997,31.5151064,530190,NVL
2019-03-27,31.737828,31.9605496,31.5151064,31.6264672,417910,NVL
2019-03-28,31.6821476,32.0719104,31.2923848,31.2923848,534170,NVL
2019-03-29,31.3480652,31.737828,30.9583024,31.0696632,972430,NVL
2019-04-01,31.181024,31.5151064,30.7355808,30.902622,752930,NVL
2019-04-02,31.0139828,31.181024,30.7912612,31.0696632,465220,NVL
2019-04-03,30.846941599999997,31.6264672,30.846941599999997,31.2923848,420450,NVL
2019-04-04,31.459426,31.6821476,31.3480652,31.3480652,430400,NVL
2019-04-05,31.459426,31.8491888,31.459426,31.6821476,303290,NVL
2019-04-08,31.8491888,32.01623,31.737828,31.7935084,421280,NVL
2019-04-09,31.8491888,31.9605496,31.459426,31.5151064,339610,NVL
2019-04-10,31.459426,31.7935084,31.2923848,31.5151064,375930,NVL
2019-04-11,31.5707868,31.737828,31.5151064,31.5707868,351620,NVL
2019-04-12,31.5707868,31.737828,31.181024,31.181024,457630,NVL
2019-04-16,30.902622,31.236704399999997,30.62422,31.1253436,393490,NVL
2019-04-17,31.1253436,31.5707868,31.0139828,31.2923848,405960,NVL
2019-04-18,31.181024,31.6821476,30.902622,31.403745599999997,438370,NVL
2019-04-19,31.459426,31.8491888,31.459426,31.8491888,327400,NVL
2019-04-22,32.01623,32.1275908,31.737828,31.9048692,401150,NVL
2019-04-23,31.9605496,32.573034,31.8491888,32.3503124,441410,NVL
2019-04-24,32.573034,32.851436,32.3503124,32.5173536,373240,NVL
2019-04-25,32.5173536,32.573034,32.01623,32.4059928,310850,NVL
2019-04-26,32.294632,33.0184772,32.294632,32.9071164,616910,NVL
2019-05-02,32.9627968,32.9627968,32.2389516,32.573034,369380,NVL
2019-05-03,32.573034,33.12983800000001,32.3503124,33.12983800000001,542070,NVL
2019-05-06,33.0741576,33.0741576,32.2389516,32.3503124,423290,NVL
2019-05-07,32.294632,32.573034,31.6264672,31.737828,489700,NVL
2019-05-08,31.6264672,32.01623,31.459426,31.9605496,381130,NVL
2019-05-09,31.9048692,32.294632,31.8491888,32.1275908,303290,NVL
2019-05-10,32.1275908,32.6287144,32.1275908,32.5173536,424240,NVL
2019-05-13,32.5173536,32.5173536,32.1832712,32.4059928,422530,NVL
2019-05-14,32.294632,32.5173536,32.1832712,32.4616732,394650,NVL
2019-05-15,32.5173536,32.6287144,32.3503124,32.573034,426210,NVL
2019-05-16,32.573034,32.7957556,32.573034,32.573034,554790,NVL
2019-05-17,32.573034,32.7400752,32.573034,32.573034,432960,NVL
2019-05-20,32.6287144,33.2411988,32.6287144,33.0741576,531930,NVL
2019-05-21,33.2411988,33.2411988,32.851436,32.851436,403610,NVL
2019-05-22,32.1275908,32.9627968,32.1275908,32.1275908,390180,NVL
2019-05-23,32.1275908,32.4616732,31.9605496,32.4059928,359960,NVL
2019-05-24,32.4059928,33.0184772,32.1832712,32.4059928,420410,NVL
2019-05-27,32.4059928,32.6287144,32.4059928,32.4616732,436640,NVL
2019-05-28,32.4616732,32.6843948,32.2389516,32.573034,462070,NVL
2019-05-29,32.573034,32.9071164,32.4059928,32.9071164,504600,NVL
2019-05-30,32.851436,33.6309616,32.7957556,33.4639204,709510,NVL
2019-05-31,33.686642,33.8536832,33.4639204,33.5196008,854450,NVL
2019-06-03,33.40824,33.8536832,33.2411988,33.40824,695210,NVL
2019-06-04,33.29687920000001,33.6309616,32.851436,33.5196008,601300,NVL
2019-06-05,33.6309616,33.9093636,33.4639204,33.686642,465920,NVL
2019-06-06,33.40824,33.7980028,32.9071164,33.5752812,561760,NVL
2019-06-07,33.6309616,34.0764048,33.5752812,33.7980028,579760,NVL
2019-06-10,33.9093636,34.243446000000006,33.1855184,33.7980028,642850,NVL
2019-06-11,33.7980028,33.965044,33.6309616,33.686642,621730,NVL
2019-06-12,33.686642,33.8536832,33.3525596,33.3525596,466730,NVL
2019-06-13,33.12983800000001,33.4639204,32.7400752,32.851436,546740,NVL
2019-06-14,32.851436,33.12983800000001,32.851436,33.0741576,553300,NVL
2019-06-17,32.9627968,33.12983800000001,32.01623,32.1832712,596190,NVL
2019-06-18,32.1832712,32.294632,31.5707868,31.6264672,514910,NVL
2019-06-19,31.9605496,32.0719104,31.6821476,31.9605496,374040,NVL
2019-06-20,31.9605496,32.4059928,31.8491888,32.0719104,437220,NVL
2019-06-21,31.737828,32.2389516,31.0139828,31.737828,1265270,NVL
2019-06-24,31.737828,32.294632,31.737828,32.2389516,446590,NVL
2019-06-25,32.2389516,32.9627968,31.7935084,32.573034,425910,NVL
2019-06-26,32.573034,33.40824,32.3503124,33.3525596,538680,NVL
2019-06-27,33.29687920000001,33.5196008,32.851436,33.12983800000001,524560,NVL
2019-06-28,33.1855184,33.2411988,32.573034,33.1855184,587910,NVL
2019-07-01,33.2411988,34.243446000000006,33.2411988,33.7980028,606940,NVL
2019-07-02,33.7980028,33.9093636,33.40824,33.5196008,436450,NVL
2019-07-03,33.5196008,33.5196008,32.573034,32.6843948,561990,NVL
2019-07-04,32.6843948,33.40824,32.6843948,33.29687920000001,599060,NVL
2019-07-05,33.29687920000001,33.686642,32.6843948,33.5752812,699870,NVL
2019-07-08,33.5196008,33.5752812,33.29687920000001,33.5196008,591610,NVL
2019-07-09,33.5196008,33.5196008,32.851436,33.4639204,507590,NVL
2019-07-10,33.5196008,33.965044,33.4639204,33.8536832,596220,NVL
2019-07-11,33.9093636,34.243446000000006,33.8536832,34.243446000000006,674460,NVL
2019-07-12,34.243446000000006,34.3548068,33.965044,33.965044,415550,NVL
2019-07-15,34.243446000000006,34.1320852,33.40824,33.5196008,421920,NVL
2019-07-16,33.5196008,33.686642,33.29687920000001,33.6309616,842500,NVL
2019-07-17,33.6309616,33.6309616,33.0184772,33.12983800000001,423500,NVL
2019-07-18,33.686642,33.686642,32.1832712,32.1832712,548040,NVL
2019-07-19,32.294632,32.6843948,32.1832712,32.4059928,461110,NVL
2019-07-22,32.4059928,32.573034,32.01623,32.0719104,334520,NVL
2019-07-23,32.0719104,32.4616732,32.01623,32.4616732,376050,NVL
2019-07-24,32.9071164,32.9071164,32.4616732,32.7957556,326770,NVL
2019-07-25,32.7957556,32.9071164,32.573034,32.573034,349760,NVL
2019-07-26,32.573034,32.6287144,32.3503124,32.4616732,350980,NVL
2019-07-29,32.4616732,32.7957556,32.1832712,32.573034,361270,NVL
2019-07-30,32.573034,32.6287144,32.3503124,32.5173536,331510,NVL
2019-07-31,32.5173536,33.0184772,32.0719104,32.1275908,494760,NVL
2019-08-01,32.1275908,33.12983800000001,32.1275908,32.9627968,463230,NVL
2019-08-02,32.9627968,33.4639204,32.3503124,33.4639204,566240,NVL
2019-08-05,33.2411988,33.5196008,33.12983800000001,33.12983800000001,430970,NVL
2019-08-06,32.9071164,33.12983800000001,32.1832712,32.7957556,487730,NVL
2019-08-07,32.9071164,33.2411988,32.5173536,33.1855184,419140,NVL
2019-08-08,33.12983800000001,33.29687920000001,32.6287144,32.7957556,496840,NVL
2019-08-09,32.6843948,33.4639204,32.6843948,33.40824,664290,NVL
2019-08-12,33.40824,33.5196008,33.2411988,33.3525596,386130,NVL
2019-08-13,33.29687920000001,33.40824,32.9071164,33.2411988,704020,NVL
2019-08-14,33.29687920000001,33.7980028,33.2411988,33.5196008,529230,NVL
2019-08-15,33.40824,34.4661676,33.12983800000001,34.4661676,614480,NVL
2019-08-16,34.521848,34.521848,34.243446000000006,34.410487200000006,408840,NVL
2019-08-19,34.2991264,34.6888892,34.2991264,34.577528400000006,403730,NVL
2019-08-20,34.521848,36.2479404,34.410487200000006,35.078652000000005,394010,NVL
2019-08-21,34.8559304,35.2456932,34.80025,35.078652000000005,439290,NVL
2019-08-22,34.911610800000005,35.1343324,34.6888892,34.9672912,287720,NVL
2019-08-23,34.6332088,34.911610800000005,34.4661676,34.521848,456890,NVL
2019-08-26,34.4661676,34.577528400000006,34.0764048,34.521848,699530,NVL
2019-08-27,34.577528400000006,34.6332088,33.7980028,33.7980028,841870,NVL
2019-08-28,34.3548068,34.577528400000006,33.7980028,34.4661676,776100,NVL
2019-08-29,34.243446000000006,34.521848,33.7980028,34.4661676,688220,NVL
2019-08-30,34.4661676,35.635456,34.4661676,34.6888892,515750,NVL
2019-09-03,34.6888892,34.80025,34.3548068,34.577528400000006,485100,NVL
2019-09-04,34.6888892,34.80025,33.965044,34.6888892,446770,NVL
2019-09-05,34.6888892,34.8559304,34.521848,34.521848,399160,NVL
2019-09-06,34.243446000000006,34.6332088,33.8536832,34.577528400000006,693300,NVL
2019-09-09,34.577528400000006,34.6332088,34.1320852,34.1320852,355340,NVL
2019-09-10,34.4661676,34.521848,34.0764048,34.410487200000006,641960,NVL
2019-09-11,34.410487200000006,34.521848,34.3548068,34.3548068,352710,NVL
2019-09-12,34.410487200000006,34.410487200000006,34.1877656,34.3548068,285150,NVL
2019-09-13,34.243446000000006,34.4661676,33.7980028,34.410487200000006,326570,NVL
2019-09-16,34.1877656,34.4661676,34.1877656,34.410487200000006,410970,NVL
2019-09-17,34.410487200000006,36.192260000000005,34.1877656,35.635456,430510,NVL
2019-09-18,35.7468168,36.192260000000005,35.078652000000005,35.357054,273460,NVL
2019-09-19,35.357054,35.4127344,34.577528400000006,35.1900128,315370,NVL
2019-09-20,35.357054,35.357054,34.2991264,34.2991264,838140,NVL
2019-09-23,34.410487200000006,35.078652000000005,34.2991264,34.2991264,324460,NVL
2019-09-24,34.2991264,34.4661676,33.965044,34.243446000000006,304940,NVL
2019-09-25,34.243446000000006,34.6332088,34.0764048,34.521848,293140,NVL
2019-09-26,34.521848,34.80025,34.410487200000006,34.6332088,312650,NVL
2019-09-27,34.80025,35.078652000000005,34.6332088,35.078652000000005,241230,NVL
2019-09-30,35.078652000000005,35.691136400000005,35.0229716,35.524095200000005,297110,NVL
2019-10-01,35.357054,35.635456,35.2456932,35.4127344,260660,NVL
2019-10-02,35.2456932,35.635456,35.1343324,35.357054,456840,NVL
2019-10-03,35.078652000000005,35.524095200000005,35.078652000000005,35.4684148,310680,NVL
2019-10-04,35.078652000000005,35.635456,35.078652000000005,35.4127344,357440,NVL
2019-10-07,35.4127344,35.524095200000005,34.521848,34.80025,292390,NVL
2019-10-08,34.80025,34.9672912,34.521848,34.8559304,325800,NVL
2019-10-09,34.8559304,34.9672912,34.4661676,34.6888892,291690,NVL
2019-10-10,34.6888892,35.078652000000005,34.0207244,34.1320852,361150,NVL
2019-10-11,34.1320852,34.4661676,33.965044,34.4661676,349300,NVL
2019-10-14,34.4661676,35.4684148,34.1877656,34.521848,764430,NVL
2019-10-15,34.6332088,34.6332088,34.410487200000006,34.577528400000006,404370,NVL
2019-10-16,34.577528400000006,35.1900128,34.1877656,34.521848,445580,NVL
2019-10-17,34.521848,34.577528400000006,33.5752812,33.5752812,574340,NVL
2019-10-18,33.6309616,34.1320852,33.3525596,33.4639204,431680,NVL
2019-10-21,33.5196008,33.686642,33.3525596,33.5752812,284980,NVL
2019-10-22,33.5196008,33.9093636,33.4639204,33.686642,308430,NVL
2019-10-23,33.686642,34.0764048,33.40824,33.686642,294920,NVL
2019-10-24,33.686642,33.965044,33.6309616,33.9093636,366410,NVL
2019-10-25,33.9093636,34.0764048,33.5752812,33.686642,298700,NVL
2019-10-28,33.686642,33.686642,32.7957556,32.9627968,457000,NVL
2019-10-29,32.9627968,33.4639204,32.851436,32.9071164,419520,NVL
2019-10-30,32.9071164,33.40824,32.7400752,33.0184772,345640,NVL
2019-10-31,33.0184772,33.12983800000001,32.851436,33.12983800000001,828000,NVL
2019-11-01,33.12983800000001,33.12983800000001,32.6843948,32.851436,595850,NVL
2019-11-04,32.851436,33.12983800000001,32.7957556,32.9627968,424970,NVL
2019-11-05,32.9627968,33.0741576,32.4616732,32.573034,420010,NVL
2019-11-06,32.573034,32.7957556,32.5173536,32.6843948,368070,NVL
2019-11-07,32.7400752,32.851436,32.0719104,32.3503124,393400,NVL
2019-11-08,32.3503124,32.4616732,32.2389516,32.4616732,296700,NVL
2019-11-11,32.6287144,32.6287144,32.1275908,32.3503124,238100,NVL
2019-11-12,32.4059928,32.4059928,32.1275908,32.3503124,322070,NVL
2019-11-13,32.3503124,32.3503124,31.5707868,31.8491888,510690,NVL
2019-11-14,31.8491888,32.573034,31.8491888,32.573034,340310,NVL
2019-11-15,32.6843948,32.851436,32.3503124,32.573034,286990,NVL
2019-11-18,32.573034,32.6287144,32.294632,32.4059928,273930,NVL
2019-11-19,32.4059928,32.4616732,32.2389516,32.4616732,268430,NVL
2019-11-20,32.4616732,32.573034,32.294632,32.5173536,327070,NVL
2019-11-21,32.5173536,32.573034,31.6264672,31.737828,911520,NVL
2019-11-22,31.8491888,32.1832712,31.6264672,31.737828,396610,NVL
2019-11-25,31.737828,32.294632,31.6821476,31.8491888,279130,NVL
2019-11-26,31.8491888,32.1832712,31.459426,31.459426,407780,NVL
2019-11-27,31.5151064,31.9605496,31.459426,31.459426,276420,NVL
2019-11-28,31.9605496,31.9605496,31.403745599999997,31.5707868,266820,NVL
2019-11-29,31.6821476,31.737828,31.5151064,31.6264672,231430,NVL
2019-12-02,31.181024,31.737828,31.1253436,31.236704399999997,224230,NVL
2019-12-03,31.0139828,31.2923848,30.902622,31.2923848,308070,NVL
2019-12-04,30.902622,31.459426,30.902622,31.403745599999997,396460,NVL
2019-12-05,31.2923848,31.8491888,31.2923848,31.459426,301690,NVL
2019-12-06,31.181024,31.8491888,31.181024,31.737828,595210,NVL
2019-12-09,31.459426,31.8491888,31.459426,31.5707868,294800,NVL
2019-12-10,31.403745599999997,31.5707868,30.679900399999998,30.7355808,235550,NVL
2019-12-11,30.62422,31.181024,30.62422,31.181024,265420,NVL
2019-12-12,30.7355808,31.459426,30.7355808,31.181024,475240,NVL
2019-12-13,30.902622,31.181024,30.62422,30.62422,400250,NVL
2019-12-16,30.4014984,31.236704399999997,30.4014984,31.181024,430720,NVL
2019-12-17,30.902622,31.236704399999997,30.902622,31.181024,270550,NVL
2019-12-18,30.902622,31.1253436,30.679900399999998,30.9583024,328010,NVL
2019-12-19,30.679900399999998,31.737828,30.679900399999998,31.0139828,404810,NVL
2019-12-20,30.679900399999998,31.6821476,30.679900399999998,31.0139828,566260,NVL
2019-12-23,30.846941599999997,31.6821476,30.846941599999997,31.181024,277200,NVL
2019-12-24,30.902622,31.459426,30.902622,31.181024,211300,NVL
2019-12-25,30.902622,31.459426,30.902622,31.459426,238940,NVL
2019-12-26,31.236704399999997,31.737828,31.236704399999997,31.6821476,260160,NVL
2019-12-27,31.2923848,32.294632,31.2923848,32.2389516,233810,NVL
2019-12-30,31.737828,32.573034,31.737828,32.573034,255780,NVL
2019-12-31,32.3503124,33.12983800000001,32.3503124,33.12983800000001,326820,NVL
2020-01-02,32.6843948,32.7400752,31.5151064,32.01623,276470,NVL
2020-01-03,31.9048692,32.0719104,31.181024,31.181024,265990,NVL
2020-01-06,31.0139828,31.181024,30.846941599999997,31.0696632,269800,NVL
2020-01-07,30.846941599999997,31.403745599999997,30.846941599999997,31.3480652,311040,NVL
2020-01-08,30.902622,31.0696632,30.0117356,30.067416,440790,NVL
2020-01-09,30.902622,30.9583024,30.067416,30.9583024,257670,NVL
2020-01-10,30.846941599999997,31.181024,30.846941599999997,31.0696632,234100,NVL
2020-01-13,30.846941599999997,31.1253436,30.4571788,30.62422,342540,NVL
2020-01-14,30.4571788,30.9583024,30.4571788,30.846941599999997,226900,NVL
2020-01-15,30.62422,30.902622,30.345817999999998,30.62422,212400,NVL
2020-01-16,30.62422,31.181024,30.62422,31.181024,336550,NVL
2020-01-17,30.902622,31.2923848,30.679900399999998,31.181024,271200,NVL
2020-01-20,31.1253436,31.236704399999997,30.902622,31.181024,282740,NVL
2020-01-21,31.0696632,31.2923848,30.5685396,31.181024,468120,NVL
2020-01-22,31.0696632,31.181024,30.902622,31.181024,292410,NVL
2020-01-30,30.902622,31.181024,30.123096399999998,30.679900399999998,413700,NVL
2020-01-31,30.5685396,30.902622,30.067416,30.679900399999998,734180,NVL
2020-02-03,30.62422,31.3480652,30.345817999999998,31.181024,587350,NVL
2020-02-04,31.0696632,31.3480652,30.2344572,30.62422,573950,NVL
2020-02-05,30.62422,31.2923848,29.9003748,30.067416,529660,NVL
2020-02-06,29.789013999999998,30.512859199999998,29.3992512,29.510612000000002,1352200,NVL
2020-02-07,29.789013999999998,30.345817999999998,29.510612000000002,30.123096399999998,367780,NVL
2020-02-10,30.1787768,30.1787768,29.621972799999998,30.123096399999998,335600,NVL
2020-02-11,30.1787768,30.62422,29.510612000000002,30.1787768,422890,NVL
2020-02-12,30.2344572,30.4014984,29.621972799999998,30.290137599999998,481440,NVL
2020-02-13,30.2344572,30.345817999999998,29.7333336,30.345817999999998,455910,NVL
2020-02-14,30.2344572,30.290137599999998,29.6776532,30.1787768,592440,NVL
2020-02-17,30.067416,30.2344572,29.621972799999998,30.2344572,502660,NVL
2020-02-18,30.2344572,30.290137599999998,29.5662924,30.067416,780110,NVL
2020-02-19,30.123096399999998,30.123096399999998,29.510612000000002,30.123096399999998,767180,NVL
2020-02-20,30.1787768,30.62422,30.123096399999998,30.345817999999998,429000,NVL
2020-02-21,30.345817999999998,30.345817999999998,29.9003748,30.067416,250410,NVL
2020-02-24,30.067416,30.067416,29.621972799999998,29.8446944,338570,NVL
2020-02-25,29.789013999999998,29.9003748,29.510612000000002,29.9003748,579540,NVL
2020-02-26,29.8446944,29.956055199999998,29.6776532,29.956055199999998,376460,NVL
2020-02-27,29.956055199999998,30.0117356,29.5662924,30.0117356,316500,NVL
2020-02-28,29.6776532,29.8446944,29.3992512,29.789013999999998,858160,NVL
2020-03-02,29.6776532,29.9003748,29.5662924,29.8446944,524050,NVL
2020-03-03,29.6776532,30.123096399999998,29.6776532,29.9003748,721830,NVL
2020-03-04,29.9003748,30.290137599999998,29.510612000000002,29.956055199999998,586250,NVL
2020-03-05,29.956055199999998,30.345817999999998,29.621972799999998,30.0117356,639330,NVL
2020-03-06,29.789013999999998,30.067416,29.510612000000002,30.067416,581020,NVL
2020-03-09,29.510612000000002,30.067416,28.786766800000002,29.510612000000002,612380,NVL
2020-03-10,28.953808000000002,29.7333336,28.953808000000002,29.510612000000002,692090,NVL
2020-03-11,29.510612000000002,29.5662924,28.8424472,29.510612000000002,777760,NVL
2020-03-12,29.510612000000002,29.510612000000002,28.7310864,29.3992512,425390,NVL
2020-03-13,29.0651688,29.510612000000002,28.5083648,29.510612000000002,357570,NVL
2020-03-16,29.3992512,29.3992512,28.4526844,28.7310864,405920,NVL
2020-03-17,28.675406,28.7310864,28.2856432,28.675406,306060,NVL
2020-03-18,28.5640452,28.675406,27.8402,28.397004000000003,464360,NVL
2020-03-19,28.397004000000003,28.397004000000003,27.8958804,28.397004000000003,709880,NVL
2020-03-20,28.397004000000003,28.397004000000003,27.339076400000003,28.397004000000003,2921160,NVL
2020-03-23,28.118602,28.953808000000002,27.506117600000003,28.953808000000002,915750,NVL
2020-03-24,28.675406,29.23221,28.619725600000002,28.953808000000002,418880,NVL
2020-03-25,28.953808000000002,29.0651688,28.5640452,29.0094884,316070,NVL
2020-03-26,28.675406,28.953808000000002,28.397004000000003,28.8424472,225930,NVL
2020-03-27,28.953808000000002,28.953808000000002,28.397004000000003,28.953808000000002,729270,NVL
2020-03-30,28.7310864,28.953808000000002,28.4526844,28.8981276,239260,NVL
2020-03-31,28.7310864,28.953808000000002,28.7310864,28.8981276,452830,NVL
2020-04-01,28.8981276,28.953808000000002,28.786766800000002,28.8424472,462500,NVL
2020-04-03,28.8424472,28.8981276,28.5083648,28.8981276,376190,NVL
2020-04-06,28.8981276,28.953808000000002,28.619725600000002,28.953808000000002,244740,NVL
2020-04-07,28.953808000000002,29.0094884,28.2856432,28.786766800000002,589840,NVL
2020-04-08,28.786766800000002,28.953808000000002,28.5083648,28.953808000000002,281500,NVL
2020-04-09,29.0094884,29.510612000000002,28.8424472,28.953808000000002,532050,NVL
2020-04-10,28.953808000000002,28.953808000000002,28.619725600000002,28.953808000000002,232060,NVL
2020-04-13,28.8981276,29.0094884,28.619725600000002,28.953808000000002,291630,NVL
2020-04-14,28.8424472,28.8981276,28.5640452,28.8981276,409520,NVL
2020-04-15,28.8424472,28.953808000000002,28.5083648,28.8981276,446900,NVL
2020-04-16,28.786766800000002,28.8981276,28.619725600000002,28.8981276,455280,NVL
2020-04-17,29.0094884,29.510612000000002,28.8981276,29.343570800000002,640160,NVL
2020-04-20,29.343570800000002,29.510612000000002,28.5083648,29.343570800000002,886650,NVL
2020-04-21,28.953808000000002,29.3992512,28.675406,29.23221,653990,NVL
2020-04-22,29.0094884,29.23221,28.5083648,29.23221,738970,NVL
2020-04-23,29.23221,29.9003748,28.675406,29.287890400000002,1156010,NVL
2020-04-24,29.23221,29.789013999999998,28.675406,29.510612000000002,1107560,NVL
2020-04-27,29.510612000000002,29.8446944,28.786766800000002,29.3992512,853170,NVL
2020-04-28,29.3992512,30.067416,28.953808000000002,29.5662924,1128040,NVL
2020-04-29,29.621972799999998,30.1787768,28.8424472,29.621972799999998,1596620,NVL
2020-05-04,29.789013999999998,30.62422,29.0094884,29.3992512,1110900,NVL
2020-05-05,29.3992512,30.345817999999998,28.953808000000002,29.3992512,1818920,NVL
2020-05-06,29.23221,29.9003748,28.675406,29.510612000000002,1282470,NVL
2020-05-07,29.510612000000002,29.8446944,28.786766800000002,29.5662924,1516210,NVL
2020-05-08,29.5662924,30.067416,29.510612000000002,30.0117356,1341880,NVL
2020-05-11,30.067416,30.345817999999998,28.8981276,30.067416,855360,NVL
2020-05-12,30.123096399999998,30.1787768,29.23221,29.343570800000002,979420,NVL
2020-05-13,29.343570800000002,29.3992512,28.675406,29.23221,1298260,NVL
2020-05-14,29.0651688,29.789013999999998,28.675406,29.287890400000002,1223690,NVL
2020-05-15,29.343570800000002,30.0117356,29.0094884,29.287890400000002,912370,NVL
2020-05-18,29.287890400000002,29.621972799999998,28.7310864,29.3992512,1236960,NVL
2020-05-19,29.4549316,29.789013999999998,29.0094884,29.510612000000002,961210,NVL
2020-05-20,29.621972799999998,29.789013999999998,28.953808000000002,29.5662924,992870,NVL
2020-05-21,29.621972799999998,29.956055199999998,29.0094884,29.789013999999998,1752980,NVL
2020-05-22,29.789013999999998,30.2344572,29.176529600000002,29.6776532,1051490,NVL
2020-05-25,29.7333336,30.0117356,29.0651688,29.6776532,1035640,NVL
2020-05-26,29.7333336,30.0117356,29.23221,29.7333336,1119930,NVL
2020-05-27,29.7333336,30.123096399999998,29.23221,29.956055199999998,1048710,NVL
2020-05-28,29.956055199999998,30.5685396,29.343570800000002,30.2344572,1361440,NVL
2020-05-29,30.067416,30.5685396,29.6776532,29.9003748,899220,NVL
2020-06-01,29.9003748,30.62422,29.7333336,30.62422,1189620,NVL
2020-06-02,30.4571788,30.7912612,29.789013999999998,30.1787768,1184470,NVL
2020-06-03,30.123096399999998,30.345817999999998,29.621972799999998,30.2344572,689390,NVL
2020-06-04,30.067416,30.7912612,29.6776532,30.345817999999998,1060190,NVL
2020-06-05,30.345817999999998,30.4014984,30.2344572,30.4014984,565320,NVL
2020-06-08,30.345817999999998,30.5685396,30.2344572,30.4571788,665510,NVL
2020-06-09,30.512859199999998,30.902622,29.789013999999998,30.345817999999998,1389690,NVL
2020-06-10,30.345817999999998,30.512859199999998,29.789013999999998,30.345817999999998,1072730,NVL
2020-06-11,30.345817999999998,30.4014984,30.123096399999998,30.345817999999998,760090,NVL
2020-06-12,30.1787768,30.7912612,29.9003748,30.5685396,1958480,NVL
2020-06-15,30.4014984,30.9583024,30.067416,30.7355808,1533550,NVL
2020-06-16,30.7912612,31.6264672,30.7912612,31.5151064,906440,NVL
2020-06-17,30.679900399999998,31.9605496,30.62422,31.7935084,1321680,NVL
2020-06-18,31.737828,32.573034,31.6264672,32.4616732,802170,NVL
2020-06-19,32.851436,34.243446000000006,32.573034,33.0184772,2717840,NVL
2020-06-22,33.12983800000001,33.5752812,32.294632,32.851436,2037200,NVL
2020-06-23,32.573034,32.851436,32.3503124,32.4616732,780790,NVL
2020-06-24,32.3503124,32.9071164,32.01623,32.4616732,1160280,NVL
2020-06-25,32.294632,33.2411988,32.01623,33.12983800000001,1115060,NVL
2020-06-26,33.0184772,35.0229716,33.0184772,34.744569600000005,799730,NVL
2020-06-29,34.744569600000005,35.524095200000005,33.8536832,34.6332088,1351000,NVL
2020-06-30,34.4661676,35.1900128,33.7423224,34.243446000000006,1368910,NVL
2020-07-01,34.0207244,34.80025,33.6309616,34.1320852,768550,NVL
2020-07-02,34.0764048,34.1877656,33.686642,34.0764048,1098930,NVL
2020-07-03,34.0764048,34.8559304,33.686642,34.744569600000005,1179160,NVL
2020-07-06,34.744569600000005,35.913858,34.744569600000005,35.7468168,731790,NVL
2020-07-07,35.9695384,36.5820228,35.635456,35.913858,1327820,NVL
2020-07-08,36.192260000000005,36.526342400000004,35.5797756,35.8024972,1466850,NVL
2020-07-09,35.913858,35.9695384,35.5797756,35.913858,523400,NVL
2020-07-10,35.913858,35.913858,35.1900128,35.4127344,667770,NVL
2020-07-13,35.357054,35.635456,34.911610800000005,35.078652000000005,576990,NVL
2020-07-14,34.80025,35.0229716,34.521848,34.6888892,507380,NVL
2020-07-15,34.6888892,35.5797756,34.6888892,34.8559304,579630,NVL
2020-07-16,34.8559304,34.8559304,34.410487200000006,34.577528400000006,714270,NVL
2020-07-17,34.577528400000006,34.577528400000006,34.243446000000006,34.4661676,782730,NVL
2020-07-20,34.2991264,34.521848,33.965044,34.410487200000006,698070,NVL
2020-07-21,34.3548068,35.2456932,34.243446000000006,34.6888892,1012120,NVL
2020-07-22,34.6888892,34.9672912,34.243446000000006,34.911610800000005,997430,NVL
2020-07-23,35.0229716,35.2456932,34.6888892,35.078652000000005,1028510,NVL
2020-07-24,35.078652000000005,35.1900128,34.80025,35.0229716,821900,NVL
2020-07-27,34.911610800000005,35.078652000000005,34.6888892,34.9672912,1134300,NVL
2020-07-28,34.9672912,36.192260000000005,34.744569600000005,35.4127344,1822980,NVL
2020-07-29,35.357054,35.5797756,35.1343324,35.357054,738170,NVL
2020-07-30,35.4127344,36.1365796,35.4127344,35.691136400000005,1339210,NVL
2020-07-31,35.524095200000005,36.4149816,35.524095200000005,36.2479404,1826420,NVL
2020-08-03,35.913858,36.2479404,35.5797756,35.8024972,1102560,NVL
2020-08-04,35.858177600000005,36.192260000000005,35.357054,36.025218800000005,1821410,NVL
2020-08-05,35.7468168,36.3036208,35.1900128,36.0808992,2970060,NVL
2020-08-06,35.8024972,36.4149816,35.524095200000005,36.1365796,2427630,NVL
2020-08-07,35.8024972,36.2479404,35.635456,35.9695384,1870080,NVL
2020-08-10,36.192260000000005,36.3036208,35.635456,36.0808992,2663870,NVL
2020-08-11,36.0808992,36.2479404,35.635456,36.025218800000005,2290230,NVL
2020-08-12,36.025218800000005,36.192260000000005,35.4684148,35.858177600000005,2372360,NVL
2020-08-13,35.524095200000005,36.025218800000005,35.524095200000005,35.691136400000005,1132480,NVL
2020-08-14,35.691136400000005,35.7468168,34.4661676,35.1343324,1898250,NVL
2020-08-17,35.078652000000005,35.2456932,34.521848,35.2456932,1056740,NVL
2020-08-18,35.1900128,35.357054,34.9672912,35.2456932,803990,NVL
2020-08-19,35.1343324,35.8024972,35.078652000000005,35.2456932,1203160,NVL
2020-08-20,35.078652000000005,35.5797756,34.80025,35.0229716,1048220,NVL
2020-08-21,34.80025,35.2456932,34.6888892,35.078652000000005,710750,NVL
2020-08-24,35.078652000000005,35.078652000000005,34.9672912,35.078652000000005,641550,NVL
2020-08-25,34.6332088,35.1343324,34.6332088,35.0229716,1176410,NVL
2020-08-26,34.80025,35.078652000000005,34.3548068,34.9672912,1504550,NVL
2020-08-27,34.80025,35.0229716,34.80025,35.0229716,973480,NVL
2020-08-28,34.8559304,35.858177600000005,34.8559304,35.078652000000005,1384140,NVL
2020-08-31,34.911610800000005,35.5797756,34.911610800000005,35.524095200000005,949010,NVL
2020-09-01,35.0229716,35.078652000000005,34.6888892,35.078652000000005,1153990,NVL
2020-09-03,35.0229716,35.1900128,34.410487200000006,35.1900128,1743080,NVL
2020-09-04,35.1900128,35.357054,34.80025,34.9672912,1156470,NVL
2020-09-07,34.744569600000005,35.4684148,34.410487200000006,34.9672912,1422550,NVL
2020-09-08,34.6888892,35.357054,34.0207244,34.911610800000005,2323220,NVL
2020-09-09,34.80025,34.9672912,34.6332088,34.9672912,1155010,NVL
2020-09-10,35.078652000000005,35.3013736,34.577528400000006,34.9672912,1412490,NVL
2020-09-11,34.9672912,35.3013736,34.744569600000005,35.0229716,1786910,NVL
2020-09-14,35.078652000000005,35.5797756,35.0229716,35.4684148,995810,NVL
2020-09-15,35.635456,35.913858,35.1900128,35.524095200000005,1327570,NVL
2020-09-16,35.524095200000005,35.858177600000005,35.2456932,35.524095200000005,1587070,NVL
2020-09-17,35.4127344,35.524095200000005,35.1343324,35.3013736,1179700,NVL
2020-09-18,35.3013736,35.9695384,35.2456932,35.5797756,1575390,NVL
2020-09-21,35.5797756,36.025218800000005,35.5797756,35.7468168,1535800,NVL
2020-09-22,35.7468168,35.858177600000005,35.4127344,35.524095200000005,859210,NVL
2020-09-23,35.357054,35.913858,35.2456932,35.4127344,1294340,NVL
2020-09-24,35.4127344,35.858177600000005,35.1900128,35.357054,1522960,NVL
2020-09-25,35.4127344,35.7468168,35.1343324,35.357054,1422350,NVL
2020-09-28,35.4127344,35.691136400000005,35.2456932,35.3013736,1403010,NVL
2020-09-29,35.4127344,35.635456,35.1343324,35.3013736,1340650,NVL
2020-09-30,35.357054,35.635456,35.1343324,35.5797756,1314790,NVL
2020-10-01,35.5797756,35.7468168,35.3013736,35.4684148,1355520,NVL
2020-10-02,35.524095200000005,35.635456,35.1900128,35.357054,1250150,NVL
2020-10-05,35.357054,35.4127344,35.1343324,35.2456932,1193480,NVL
2020-10-06,35.3013736,35.5797756,35.078652000000005,35.2456932,1443520,NVL
2020-10-07,35.3013736,35.524095200000005,34.9672912,35.1343324,1230410,NVL
2020-10-08,35.2456932,35.357054,34.911610800000005,35.078652000000005,1289930,NVL
2020-10-09,34.410487200000006,35.4684148,34.410487200000006,34.8559304,1727780,NVL
2020-10-12,35.0229716,35.3013736,34.521848,34.80025,1568930,NVL
2020-10-13,34.744569600000005,35.0229716,34.3548068,34.521848,1184190,NVL
2020-10-14,34.6332088,35.078652000000005,34.410487200000006,34.521848,1504900,NVL
2020-10-15,34.6888892,34.9672912,34.3548068,34.744569600000005,1736540,NVL
2020-10-16,34.744569600000005,34.80025,34.2991264,34.6888892,1376870,NVL
2020-10-19,34.744569600000005,35.0229716,34.410487200000006,34.8559304,1722490,NVL
2020-10-20,34.8559304,35.0229716,34.410487200000006,34.521848,1757030,NVL
2020-10-21,34.6332088,34.744569600000005,34.4661676,34.6888892,1218250,NVL
2020-10-22,34.6888892,34.9672912,34.4661676,34.80025,1698200,NVL
2020-10-23,34.80025,34.9672912,34.4661676,34.6888892,1726440,NVL
2020-10-26,34.6332088,34.744569600000005,34.2991264,34.521848,996840,NVL
2020-10-27,34.521848,34.6332088,34.243446000000006,34.577528400000006,1181530,NVL
2020-10-28,34.4661676,34.6888892,34.1877656,34.521848,1374730,NVL
2020-10-29,34.4661676,34.577528400000006,34.1320852,34.521848,1184750,NVL
2020-10-30,34.410487200000006,34.521848,34.0207244,34.521848,1349980,NVL
2020-11-02,34.744569600000005,34.80025,34.3548068,34.6888892,1092220,NVL
2020-11-03,34.6332088,34.6888892,34.3548068,34.577528400000006,1305700,NVL
2020-11-04,34.521848,34.6332088,34.2991264,34.6332088,1129190,NVL
2020-11-05,34.6332088,34.6888892,34.2991264,34.577528400000006,1256410,NVL
2020-11-06,34.6332088,34.6332088,34.2991264,34.577528400000006,1349200,NVL
2020-11-09,34.6332088,34.6888892,33.9093636,34.243446000000006,1735870,NVL
2020-11-10,34.2991264,34.521848,34.243446000000006,34.521848,1310890,NVL
2020-11-11,34.521848,34.521848,34.0207244,34.521848,1399630,NVL
2020-11-12,34.4661676,34.521848,34.1877656,34.521848,1351480,NVL
2020-11-13,34.521848,34.521848,34.243446000000006,34.521848,1469550,NVL
2020-11-16,34.521848,34.521848,33.9093636,34.1320852,1604250,NVL
2020-11-17,34.4661676,34.521848,33.965044,34.410487200000006,1301890,NVL
2020-11-18,34.410487200000006,34.4661676,33.965044,34.243446000000006,1580260,NVL
2020-11-19,34.2991264,34.3548068,33.8536832,34.243446000000006,1516270,NVL
2020-11-20,34.3548068,34.410487200000006,33.965044,34.2991264,1326730,NVL
2020-11-23,34.2991264,34.410487200000006,34.0207244,34.3548068,1333420,NVL
2020-11-24,34.2991264,34.3548068,33.965044,34.243446000000006,1293710,NVL
2020-11-25,34.243446000000006,34.243446000000006,33.965044,34.1877656,1629710,NVL
2020-11-26,34.1877656,34.1877656,33.4639204,33.965044,1269370,NVL
2020-11-27,33.965044,33.965044,33.6309616,33.9093636,1113890,NVL
2020-11-30,33.9093636,33.9093636,33.4639204,33.7423224,1341390,NVL
2020-12-01,33.5196008,33.7423224,33.40824,33.7423224,1539880,NVL
2020-12-02,33.686642,33.7423224,33.4639204,33.686642,1425570,NVL
2020-12-03,33.6309616,33.686642,33.40824,33.6309616,1162620,NVL
2020-12-04,33.5752812,33.6309616,33.40824,33.6309616,1707510,NVL
2020-12-07,33.5752812,33.7423224,33.40824,33.686642,1368050,NVL
2020-12-08,33.6309616,33.7423224,33.40824,33.7423224,1831230,NVL
2020-12-09,33.686642,34.9672912,33.6309616,34.9672912,3107290,NVL
2020-12-10,34.8559304,36.192260000000005,34.8559304,35.5797756,2817400,NVL
2020-12-11,35.4684148,35.913858,35.3013736,35.5797756,2010120,NVL
2020-12-14,35.524095200000005,36.0808992,35.1900128,35.858177600000005,2200880,NVL
2020-12-15,35.858177600000005,37.5285896,35.858177600000005,36.470662,3284160,NVL
2020-12-16,36.693383600000004,37.5285896,36.637703200000004,37.3615484,3195680,NVL
2020-12-17,37.1945072,37.1945072,36.470662,36.749064,3136020,NVL
2020-12-18,36.860424800000004,37.305868000000004,36.637703200000004,36.749064,4014050,NVL
2020-12-21,37.0831464,37.3615484,36.637703200000004,36.9161052,2348350,NVL
2020-12-22,36.9161052,37.3615484,36.749064,37.138826800000004,3068310,NVL
2020-12-23,37.2501876,37.4172288,36.971785600000004,37.305868000000004,4055970,NVL
2020-12-24,37.305868000000004,37.4172288,36.192260000000005,36.749064,2243120,NVL
2020-12-25,36.749064,37.138826800000004,36.693383600000004,37.027466,1953300,NVL
2020-12-28,36.971785600000004,37.4172288,36.971785600000004,37.3615484,4271540,NVL
2020-12-29,37.3615484,39.9228468,37.305868000000004,37.8069916,10563890,NVL
2020-12-30,37.9740328,38.419476,36.804744400000004,37.1945072,3302610,NVL
2020-12-31,37.1945072,37.4172288,36.749064,36.749064,2697410,NVL
2021-01-04,36.5820228,37.751311199999996,36.1365796,36.2479404,6534500,NVL
2021-01-05,36.192260000000005,36.637703200000004,35.1900128,36.192260000000005,7203800,NVL
2021-01-06,36.1365796,37.8069916,36.025218800000005,37.138826800000004,6497100,NVL
2021-01-07,37.027466,39.7001252,37.027466,39.7001252,8664500,NVL
2021-01-08,40.36829,42.2614236,40.36829,42.1500628,5081200,NVL
2021-01-11,42.038702,42.1500628,41.203496,42.038702,6268600,NVL
2021-01-12,42.038702,43.3193512,41.6489392,41.9830216,6610300,NVL
2021-01-13,41.9830216,42.595506,41.8159804,42.0943824,4785000,NVL
2021-01-14,42.0943824,42.7625472,41.7046196,41.8716608,4715400,NVL
2021-01-15,41.8159804,42.038702,40.36829,40.36829,6708400,NVL
2021-01-18,40.089888,41.1478156,39.533084,39.9228468,3649100,NVL
2021-01-19,40.3126096,40.36829,37.305868000000004,38.976279999999996,3120700,NVL
2021-01-20,39.990111,41.679834,39.4831941,40.553352,3061400,NVL
2021-01-21,41.3418894,43.0316124,40.553352,42.7499919,3443100,NVL
2021-01-22,42.918964200000005,45.05928,42.243075,44.496038999999996,5587300,NVL
2021-01-25,44.7213354,45.1156041,44.4397149,45.05928,2759800,NVL
2021-01-26,45.340900500000004,46.4673825,44.496038999999996,45.622521,3383500,NVL
2021-01-27,45.622521,46.4673825,45.05928,45.735169199999994,4348500,NVL
2021-01-28,45.0029559,45.5661969,42.5810196,42.6936678,7975600,NVL
2021-01-29,43.087936500000005,45.6788451,42.9752883,45.1719282,2514600,NVL
2021-02-01,45.1719282,46.6363548,44.5523631,45.1156041,2745800,NVL
2021-02-02,45.1156041,45.622521,44.6086872,45.340900500000004,2402600,NVL
2021-02-03,45.3972246,47.030623500000004,44.946631800000006,46.749002999999995,2987900,NVL
2021-02-04,46.749002999999995,47.030623500000004,45.5098728,45.904141499999994,2796400,NVL
2021-02-05,46.185762000000004,46.4110584,44.8903077,45.1719282,2404700,NVL
2021-02-08,45.05928,45.05928,42.806315999999995,43.7638257,2980600,NVL
2021-02-09,44.2144185,45.2845764,43.369557,44.496038999999996,2216500,NVL
2021-02-17,45.5661969,45.735169199999994,44.4397149,45.622521,1504600,NVL
2021-02-18,45.2282523,45.904141499999994,44.5523631,45.904141499999994,2001600,NVL
2021-02-19,45.904141499999994,46.4110584,45.05928,45.2282523,2908100,NVL
2021-02-22,45.2845764,45.5661969,44.665011299999996,45.5098728,2037600,NVL
2021-02-23,45.5098728,45.5661969,45.1156041,45.5098728,2038800,NVL
2021-02-24,45.5098728,46.0731138,44.7213354,45.2845764,1905500,NVL
2021-02-25,45.5098728,45.960465600000006,44.6086872,45.05928,1844300,NVL
2021-02-26,44.7776595,45.622521,44.6086872,44.833983599999996,2117300,NVL
2021-03-01,44.833983599999996,45.05928,44.5523631,44.8903077,1797100,NVL
2021-03-02,44.8903077,45.05928,44.6086872,44.665011299999996,1608600,NVL
2021-03-03,44.5523631,46.185762000000004,44.3833908,45.8478174,2283900,NVL
2021-03-04,46.0731138,46.1294379,45.05928,45.3972246,1619800,NVL
2021-03-05,45.735169199999994,45.8478174,43.932798000000005,45.0029559,2736200,NVL
2021-03-08,45.2282523,45.960465600000006,44.496038999999996,45.8478174,3224500,NVL
2021-03-09,45.8478174,46.2984102,45.1719282,46.185762000000004,2539700,NVL
2021-03-10,46.2984102,46.4673825,45.1156041,46.4673825,2783800,NVL
2021-03-11,46.8616512,47.030623500000004,46.2420861,46.6926789,2540300,NVL
2021-03-12,46.5237066,46.6363548,46.0731138,46.2984102,1521600,NVL
2021-03-15,46.2984102,46.749002999999995,45.7914933,46.1294379,2639900,NVL
2021-03-16,45.8478174,46.1294379,45.2845764,45.5661969,1680800,NVL
2021-03-17,45.2282523,45.5661969,44.833983599999996,45.340900500000004,4339200,NVL
2021-03-18,45.8478174,46.185762000000004,45.05928,45.735169199999994,1872600,NVL
2021-03-19,45.5098728,45.735169199999994,44.496038999999996,44.496038999999996,3281400,NVL
2021-03-22,45.05928,45.6788451,45.05928,45.5098728,1122300,NVL
2021-03-23,45.622521,46.185762000000004,45.0029559,45.05928,2921000,NVL
2021-03-24,44.946631800000006,45.05928,44.6086872,44.946631800000006,1841200,NVL
2021-03-25,45.0029559,45.622521,44.665011299999996,45.05928,2034100,NVL
2021-03-26,44.8903077,44.946631800000006,44.3833908,44.7776595,1934300,NVL
2021-03-29,45.05928,45.1156041,44.7776595,45.05928,1554800,NVL
2021-03-30,45.2282523,45.5098728,45.0029559,45.4535487,1414800,NVL
2021-03-31,45.340900500000004,45.5098728,45.1156041,45.340900500000004,1455700,NVL
2021-04-01,45.340900500000004,46.749002999999995,45.340900500000004,46.0731138,2485600,NVL
2021-04-02,46.4673825,46.6926789,46.0731138,46.185762000000004,1646800,NVL
2021-04-05,48.8893188,48.8893188,46.8053271,48.1571055,3890400,NVL
2021-04-06,48.1571055,49.2835875,47.6501886,48.8893188,2969000,NVL
2021-04-07,48.8893188,49.8468285,48.5513742,49.621532099999996,3489500,NVL
2021-04-08,49.8468285,50.7480141,49.6778562,50.015800799999994,2634700,NVL
2021-04-09,49.621532099999996,50.7480141,49.3962357,50.69169,2258500,NVL
2021-04-12,50.9733105,54.071135999999996,50.7480141,53.6768673,3764600,NVL
2021-04-13,54.071135999999996,55.197618000000006,53.6768673,54.4090806,3206000,NVL
2021-04-14,54.4090806,56.3804241,53.7895155,56.3804241,3604000,NVL
2021-04-15,57.8448507,58.577064,56.3804241,57.7322025,5415800,NVL
2021-04-16,57.7322025,61.731213600000004,57.7322025,60.830028,3860300,NVL
2021-04-19,61.393269000000004,61.95651,60.5484075,61.393269000000004,4357900,NVL
2021-04-20,61.393269000000004,61.8438618,59.7598701,61.1116485,3068200,NVL
2021-04-22,60.830028,61.1116485,59.703546,60.4357593,1912600,NVL
2021-04-23,60.4357593,60.5484075,59.7598701,60.266786999999994,1543900,NVL
2021-04-26,61.1116485,64.4347704,60.210462899999996,64.4347704,2559000,NVL
2021-04-27,64.4347704,68.715402,64.4347704,68.4337815,2006900,NVL
2021-04-28,68.49010559999999,72.094848,66.7440585,72.094848,2231400,NVL
2021-04-29,73.22133,74.6294325,72.658089,74.0098674,3727500,NVL
2021-05-04,74.0098674,74.347812,70.4614491,74.0661915,2079000,NVL
2021-05-05,73.784571,75.9248868,73.55927460000001,74.911053,1769200,NVL
2021-05-06,74.6294325,76.8823965,73.89721920000001,76.4318037,1356100,NVL
2021-05-07,76.600776,79.41698099999999,76.4881278,76.4881278,2379300,NVL
2021-05-10,74.911053,76.3191555,72.3764685,72.3764685,1662700,NVL
2021-05-11,72.3764685,73.50295050000001,71.47528290000001,72.3764685,4227900,NVL
2021-05-12,71.8132275,73.22133,71.53160700000001,73.22133,2169300,NVL
2021-05-13,73.22133,78.290499,72.658089,75.474294,1992400,NVL
2021-05-14,74.911053,75.98121090000001,74.68575659999999,75.53061810000001,1967300,NVL
2021-05-17,75.2489976,77.727258,75.2489976,77.5019616,1447700,NVL
2021-05-18,77.727258,79.980222,77.3329893,79.8112497,1304000,NVL
2021-05-19,80.8814076,81.5572968,79.41698099999999,79.980222,2769900,NVL
2021-05-20,80.4871389,81.106704,77.05136879999999,79.41698099999999,3466500,NVL
2021-05-21,77.8962303,79.07903639999999,76.600776,77.3329893,1092100,NVL
2021-05-24,77.3893134,77.727258,75.474294,76.037535,1121400,NVL
2021-05-25,76.037535,76.600776,74.7984048,76.3191555,1220500,NVL
2021-05-26,75.474294,76.3191555,74.911053,75.1926735,1471900,NVL
2021-05-27,76.037535,77.10769289999999,75.6995904,76.600776,1482500,NVL
2021-05-28,76.3754796,76.600776,75.58694220000001,75.98121090000001,1733600,NVL
2021-05-31,75.474294,76.2065073,75.474294,75.8122386,1764400,NVL
2021-06-01,76.037535,76.4881278,75.8122386,76.4881278,1243900,NVL
2021-06-02,76.3754796,78.85374,76.2065073,78.5157954,2982400,NVL
2021-06-03,78.85374,79.980222,78.6284436,79.41698099999999,1548100,NVL
2021-06-04,80.4871389,80.4871389,78.6284436,78.74109179999999,1077700,NVL
2021-06-07,78.5721195,79.5296292,77.8962303,78.0652026,2570300,NVL
2021-06-08,78.0652026,78.0652026,75.4179699,76.600776,3759100,NVL
2021-06-09,81.717719,81.87046240000001,80.190285,81.1831171,3534100,NVL
2021-06-10,80.8012586,81.3358605,79.1210812,79.1210812,1655000,NVL
2021-06-11,79.426568,80.3430284,79.1210812,80.11391330000001,1402400,NVL
2021-06-14,80.190285,80.190285,78.7392227,79.3501963,1256400,NVL
2021-06-15,78.8155944,79.65568309999999,78.7392227,79.426568,1397700,NVL
2021-06-16,79.426568,79.57931140000001,78.66285099999999,79.0447095,928700,NVL
2021-06-17,78.66285099999999,78.7392227,78.0518774,78.0518774,1672900,NVL
2021-06-18,78.66285099999999,79.426568,78.2809925,78.66285099999999,2463900,NVL
2021-06-21,79.57931140000001,84.00887,79.0447095,83.245153,5282100,NVL
2021-06-22,85.536304,87.4455965,84.8489587,86.6818795,2860800,NVL
2021-06-23,87.7510833,88.1329418,85.15444550000001,85.536304,2761200,NVL
2021-06-24,84.4671002,87.827455,82.7869228,87.827455,3225900,NVL
2021-06-25,86.6818795,91.2641815,86.6818795,90.9586947,3539000,NVL
2021-06-28,91.64604,93.8608193,91.2641815,91.64604,2838700,NVL
2021-06-29,92.25701360000001,92.7152438,90.4240928,92.409757,3288400,NVL
2021-06-30,93.173474,93.173474,91.64604,92.409757,2570300,NVL
2021-07-01,94.0135627,94.3954212,91.03506639999999,91.64604,4599900,NVL
2021-07-02,93.0971023,93.0971023,89.354889,90.882323,5132300,NVL
2021-07-05,90.19497770000001,90.2713494,87.29285309999999,87.827455,2451700,NVL
2021-07-06,87.7510833,89.73674749999999,87.063738,89.354889,2301700,NVL
2021-07-07,89.354889,90.118606,88.20931350000001,90.118606,3716000,NVL
2021-07-08,87.2164814,89.354889,83.85612660000001,84.6198436,9726500,NVL
2021-07-09,85.0780738,85.0780738,78.8155944,79.0447095,4811600,NVL
2021-07-12,79.65568309999999,82.0995775,76.7535585,80.26665670000001,3321300,NVL
2021-07-13,80.3430284,80.4957718,77.899134,79.96116989999999,1750500,NVL
2021-07-14,79.92,80.08,76.95,79.39,3035000,NVL
2021-07-15,78.63,79.39,78.24,79.39,1922700,NVL
2021-07-16,79.39,81.07,78.02,79.85,3034300,NVL
2021-07-19,78.63,79.39,78.24,78.63,3234600,NVL
2021-07-20,78.63,79.01,77.79,79.01,2959200,NVL
2021-07-21,78.85,79.62,78.55,78.7,2556300,NVL
2021-07-22,78.47,80.15,78.47,80.08,2548700,NVL
2021-07-23,80.0,80.0,78.63,78.63,1877100,NVL
2021-07-26,78.55,82.06,78.17,82.06,3544300,NVL
2021-07-27,80.15,81.53,80.15,81.3,3971400,NVL
2021-07-28,80.15,80.15,79.47,79.47,1440900,NVL
2021-07-29,79.69,79.85,79.16,79.39,1230100,NVL
2021-07-30,79.16,79.92,79.01,79.39,1770500,NVL
2021-08-02,79.01,81.53,78.63,79.85,2458900,NVL
2021-08-03,79.47,81.07,79.47,80.53,2249700,NVL
2021-08-04,80.76,83.89,80.46,82.06,5758700,NVL
2021-08-05,82.44,83.66,82.44,82.44,2691800,NVL
2021-08-06,82.44,82.82,81.98,82.06,2468500,NVL
2021-08-09,82.06,82.14,80.92,80.92,3955600,NVL
2021-08-10,80.92,81.68,79.85,79.85,3132300,NVL
2021-08-11,79.85,80.46,79.01,79.31,2926900,NVL
2021-08-12,79.24,79.62,79.01,79.08,2232300,NVL
2021-08-13,79.01,79.31,78.7,79.01,2228800,NVL
2021-08-16,79.08,79.77,78.93,79.24,2089900,NVL
2021-08-17,79.39,79.39,78.78,78.78,1790400,NVL
2021-08-18,79.24,79.24,78.32,78.63,2798900,NVL
2021-08-19,78.24,80.15,78.02,80.08,4861800,NVL
2021-08-20,80.0,80.0,78.32,79.16,3088000,NVL
2021-08-23,79.16,81.07,79.01,80.08,3413100,NVL
2021-08-24,80.53,80.92,79.01,80.53,2427200,NVL
2021-08-25,80.53,81.68,80.0,80.53,2967700,NVL
2021-08-26,80.53,80.69,79.01,79.16,2569200,NVL
2021-08-27,79.01,79.24,78.4,79.24,2191900,NVL
2021-08-30,79.24,79.62,78.93,79.39,2027100,NVL
2021-08-31,79.39,80.46,78.85,79.69,2367900,NVL
2021-09-01,79.69,80.53,79.47,79.92,1999400,NVL
2021-09-06,80.38,81.07,79.85,80.0,2670600,NVL
2021-09-07,80.0,80.53,79.62,80.0,2327100,NVL
2021-09-08,80.0,80.08,79.39,79.39,2002700,NVL
2021-09-09,79.24,79.62,78.78,78.78,2164900,NVL
2021-09-10,78.85,79.39,78.7,78.85,2216700,NVL
2021-09-13,78.78,78.93,78.4,78.63,2566300,NVL
2021-09-14,78.78,78.93,78.32,78.63,2087300,NVL
2021-09-15,78.63,78.7,78.32,78.7,1919000,NVL
2021-09-16,79.01,79.16,78.32,78.7,1907000,NVL
2021-09-17,78.7,79.01,78.4,78.78,2604800,NVL
2021-09-20,78.63,79.01,78.09,78.63,2987700,NVL
2021-09-21,78.63,78.63,78.09,78.63,2363300,NVL
2021-09-22,78.55,78.78,78.24,78.7,2196300,NVL
2021-09-23,78.47,78.63,78.09,78.63,2298400,NVL
2021-09-24,78.55,78.63,78.17,78.63,2135000,NVL
2021-09-27,78.47,78.55,78.09,78.17,1602500,NVL
2021-09-28,78.02,78.32,78.02,78.32,1091100,NVL
2021-09-29,78.24,78.32,77.4,77.86,1398700,NVL
2021-09-30,77.86,77.86,77.48,77.86,955600,NVL
2021-10-01,77.63,77.86,77.25,77.86,1738100,NVL
2021-10-04,77.4,77.86,77.25,77.86,1756000,NVL
2021-10-05,77.86,80.53,77.48,79.69,2884600,NVL
2021-10-06,80.38,80.76,79.54,80.15,3391300,NVL
2021-10-07,80.15,80.76,79.47,79.47,2436000,NVL
2021-10-08,79.54,79.77,78.7,79.77,1534200,NVL
2021-10-11,79.77,79.85,79.16,79.39,2273900,NVL
2021-10-12,79.16,79.16,78.55,78.63,2348800,NVL
2021-10-13,78.63,79.16,78.32,78.32,1641300,NVL
2021-10-14,78.55,78.63,77.86,78.09,2839800,NVL
2021-10-15,78.09,78.32,77.71,77.86,2172700,NVL
2021-10-18,77.86,78.02,77.48,77.63,2239700,NVL
2021-10-19,77.79,79.39,77.25,78.32,3478600,NVL
2021-10-20,78.32,79.24,77.48,78.09,2454000,NVL
2021-10-21,78.24,78.32,77.63,77.86,2612700,NVL
2021-10-22,77.86,79.31,77.79,78.85,1784500,NVL
2021-10-25,79.08,80.08,78.63,79.24,3351400,NVL
2021-10-26,79.39,79.92,78.32,78.85,2546300,NVL
2021-10-27,78.85,79.77,78.4,79.31,1833600,NVL
2021-10-28,79.39,83.97,79.16,82.29,7631700,NVL
2021-10-29,83.44,85.5,83.13,83.44,6730000,NVL
2021-11-01,84.5,84.66,83.21,83.66,3415000,NVL
2021-11-02,82.37,83.21,82.21,82.52,3542600,NVL
2021-11-03,82.44,82.52,80.23,80.31,5703800,NVL
2021-11-04,80.53,81.15,79.39,79.39,3375700,NVL
2021-11-05,79.39,80.76,79.08,80.15,2986600,NVL
2021-11-08,80.38,80.76,79.69,79.85,2638200,NVL
2021-11-09,79.77,80.08,78.63,78.63,3589700,NVL
2021-11-10,79.08,79.85,78.63,79.39,2111500,NVL
2021-11-11,80.15,82.37,79.39,80.53,3163200,NVL
2021-11-12,80.92,81.68,80.15,80.92,1497600,NVL
2021-11-15,81.53,81.53,79.08,79.08,2376800,NVL
2021-11-16,79.08,79.85,78.7,78.7,2298500,NVL
2021-11-17,79.47,79.47,78.63,78.78,2048900,NVL
2021-11-18,79.08,79.08,78.17,78.4,2682500,NVL
2021-11-19,78.32,78.63,77.48,78.02,2540600,NVL
2021-11-22,78.24,78.4,77.4,77.94,1917700,NVL
2021-11-23,78.02,81.07,78.02,81.07,2972100,NVL
2021-11-24,81.83,82.44,80.76,81.22,2981500,NVL
2021-11-25,81.68,83.82,81.45,83.21,4256200,NVL
2021-11-26,83.36,86.18,83.28,84.5,5239300,NVL
2021-11-29,81.98,84.5,81.98,84.12,3468700,NVL
2021-11-30,84.73,85.42,82.52,83.97,4574900,NVL
2021-12-01,84.73,87.79,84.35,87.02,3838200,NVL
2021-12-02,88.55,89.16,86.34,87.25,4444600,NVL
2021-12-03,88.93,88.93,84.5,84.73,5174600,NVL
2021-12-06,83.97,86.56,83.21,84.73,5882400,NVL
2021-12-07,84.89,86.18,83.97,85.95,3348700,NVL
2021-12-08,86.26,87.02,85.11,86.95,3467000,NVL
2021-12-09,87.02,88.4,86.64,87.79,5716900,NVL
2021-12-10,88.17,88.32,86.26,86.26,2890300,NVL
2021-12-13,86.26,87.02,84.73,85.57,4328000,NVL
2021-12-14,84.89,87.1,84.81,86.34,5114500,NVL
2021-12-15,86.34,87.79,85.5,87.79,3435200,NVL
2021-12-16,88.4,89.31,87.02,87.79,4674800,NVL
2021-12-17,87.86,89.08,86.95,87.94,4684800,NVL
2021-12-20,87.71,88.17,86.95,88.02,2891900,NVL
2021-12-21,88.02,89.31,87.33,89.01,3944800,NVL
2021-12-22,89.31,90.0,87.4,89.08,5141500,NVL
2021-12-23,88.55,89.69,85.11,86.26,6151100,NVL
2021-12-24,89.8,89.8,87.0,88.9,3490400,NVL
2021-12-27,88.9,89.9,87.8,89.0,1044900,NVL
2021-12-28,89.4,89.4,87.0,87.0,1816700,NVL
2021-12-29,87.1,87.8,85.1,87.0,1950300,NVL
2021-12-30,87.0,87.2,85.7,86.3,1482900,NVL
2021-12-31,86.3,91.0,86.1,91.0,2914100,NVL
2022-01-04,90.5,90.5,88.5,89.0,2536200,NVL
2022-01-05,89.0,89.1,87.8,89.1,2391300,NVL
2022-01-06,88.5,90.0,87.8,88.2,2428400,NVL
2022-01-07,88.2,88.6,86.4,86.4,3022700,NVL
2022-01-10,86.4,88.0,84.0,84.0,2056700,NVL
2022-01-11,83.9,85.0,82.3,84.5,2675600,NVL
2022-01-12,83.6,84.5,82.4,83.8,2055700,NVL
2022-01-13,84.0,84.0,82.2,83.5,2558200,NVL
2022-01-14,82.1,83.5,81.7,82.0,3070800,NVL
2022-01-17,82.0,83.0,78.8,80.0,2767000,NVL
2022-01-18,80.0,80.1,79.1,80.1,2687600,NVL
2022-01-19,79.5,80.0,78.1,80.0,2391700,NVL
2022-01-20,79.5,80.2,78.3,80.2,3504400,NVL
2022-01-21,80.2,80.2,78.6,80.0,2613100,NVL
2022-01-24,78.5,80.0,78.1,78.1,2844300,NVL
2022-01-25,78.2,79.8,77.8,79.0,1729300,NVL
2022-01-26,79.7,79.7,78.3,79.4,1630700,NVL
2022-01-27,79.2,80.0,78.5,79.0,2236000,NVL
2022-01-28,79.5,79.9,78.6,79.9,1554600,NVL
2022-02-07,79.5,82.0,79.5,80.0,1993900,NVL
2022-02-08,80.0,80.0,79.1,79.2,2143700,NVL
2022-02-09,79.7,79.8,78.3,79.0,2658700,NVL
2022-02-10,79.1,79.1,78.0,78.5,2961900,NVL
2022-02-11,78.5,78.5,77.7,78.1,1978900,NVL
2022-02-14,78.0,78.4,76.7,78.0,2814400,NVL
2022-02-15,78.0,79.6,77.5,79.0,2724200,NVL
2022-02-16,79.9,79.9,77.8,78.1,2680400,NVL
2022-02-17,78.2,79.0,77.3,79.0,3864700,NVL
2022-02-18,78.2,78.8,77.6,78.5,3218300,NVL
2022-02-21,78.5,78.6,78.0,78.5,2583200,NVL
2022-02-22,77.5,78.5,77.4,78.1,2974200,NVL
2022-02-23,78.0,78.1,77.4,77.4,2354600,NVL
2022-02-24,77.4,77.4,75.8,76.0,2726800,NVL
2022-02-25,76.5,76.5,74.4,76.3,3718400,NVL
2022-02-28,76.5,76.6,75.0,75.3,2855200,NVL
2022-03-01,75.3,76.0,74.8,75.4,3281200,NVL
2022-03-02,75.3,77.8,75.2,76.4,3730500,NVL
2022-03-03,76.7,78.0,76.2,78.0,2968500,NVL
2022-03-04,78.9,79.0,77.0,77.0,3890200,NVL
2022-03-07,76.5,76.9,75.5,76.0,3992500,NVL
2022-03-08,75.6,76.4,75.1,76.0,3460700,NVL
2022-03-09,76.4,76.8,75.5,76.5,3224400,NVL
2022-03-10,77.0,79.5,76.4,77.0,5405900,NVL
2022-03-11,78.0,78.4,76.5,77.2,3420600,NVL
2022-03-14,76.7,77.4,75.4,76.5,4530400,NVL
2022-03-15,75.8,77.2,75.5,76.6,3973700,NVL
2022-03-16,76.9,78.4,76.2,77.4,3574200,NVL
2022-03-17,77.4,78.5,76.5,76.6,3602100,NVL
2022-03-18,76.8,77.1,75.2,77.1,5003700,NVL
2022-03-21,77.3,82.4,76.6,82.4,7255400,NVL
2022-03-22,85.0,86.7,83.5,84.1,7102700,NVL
2022-03-23,85.5,85.7,83.3,83.8,7524300,NVL
2022-03-24,84.0,84.5,82.4,82.8,7178100,NVL
2022-03-25,82.8,85.3,82.8,83.6,5584600,NVL
2022-03-28,83.5,83.5,82.2,82.5,6222900,NVL
2022-03-29,82.5,83.3,82.1,82.5,4112600,NVL
2022-03-30,82.4,82.5,79.8,80.0,6164300,NVL
2022-03-31,80.0,81.0,79.9,80.1,2626900,NVL
2022-04-01,80.1,82.6,78.7,82.6,4868100,NVL
2022-04-04,82.8,87.6,82.6,86.5,6134300,NVL
2022-04-05,85.8,88.0,84.6,87.7,5672500,NVL
2022-04-06,88.2,88.3,84.8,86.3,6803500,NVL
2022-04-07,85.7,86.0,84.2,84.6,5536200,NVL
2022-04-08,83.8,86.4,83.7,85.4,6060900,NVL
2022-04-12,85.5,86.4,84.7,85.0,3935300,NVL
2022-04-13,85.7,87.8,84.4,86.5,5928200,NVL
2022-04-14,86.5,87.8,84.0,85.0,6662400,NVL
2022-04-15,84.2,85.1,84.1,84.1,2741000,NVL
2022-04-18,83.0,83.5,81.7,82.2,3329400,NVL
2022-04-19,82.5,82.8,81.6,82.0,3030000,NVL
2022-04-20,82.3,82.5,80.6,81.4,3466600,NVL
2022-04-21,81.0,81.1,79.6,80.1,4662100,NVL
2022-04-22,80.5,81.2,80.1,81.0,2612800,NVL
2022-04-25,82.2,82.2,79.0,80.1,3656200,NVL
2022-04-26,80.1,82.0,79.2,81.0,4528900,NVL
2022-04-27,80.5,81.3,79.9,81.3,2142900,NVL
2022-04-28,81.3,82.0,80.6,81.7,3173600,NVL
2022-04-29,81.9,82.8,80.8,82.0,3227000,NVL
2022-05-04,82.0,82.3,80.0,80.5,3050100,NVL
2022-05-05,81.0,81.7,80.1,81.2,2172500,NVL
2022-05-06,81.0,81.0,79.8,80.8,3892300,NVL
2022-05-09,80.4,80.5,78.2,78.5,3577100,NVL
2022-05-10,77.0,79.0,76.6,79.0,3350000,NVL
2022-05-11,80.1,80.7,78.1,78.7,2688300,NVL
2022-05-12,79.5,80.0,74.7,75.3,3516100,NVL
2022-05-13,75.0,77.3,72.5,75.0,3817000,NVL
2022-05-16,75.1,75.3,73.6,75.0,2173400,NVL
2022-05-17,75.0,78.3,74.1,78.3,2759700,NVL
2022-05-18,78.3,78.3,75.0,78.3,2807100,NVL
2022-05-19,76.9,78.3,75.0,78.0,2448500,NVL
2022-05-20,77.9,78.5,77.1,77.8,2381900,NVL
2022-05-23,77.5,77.6,76.0,76.4,1912800,NVL
2022-05-24,76.4,77.2,75.1,77.2,2384700,NVL
2022-05-25,78.0,78.9,76.9,78.9,2947500,NVL
2022-05-26,78.5,80.0,77.1,78.0,3253700,NVL
2022-05-27,78.0,79.5,77.3,78.4,3410700,NVL
2022-05-30,78.5,78.7,77.1,78.7,2673200,NVL
2022-05-31,78.0,78.5,77.7,78.0,2305900,NVL
2022-06-01,78.0,78.3,77.4,78.0,2440800,NVL
2022-06-02,78.1,79.9,78.1,78.9,2394400,NVL
2022-06-03,79.0,79.3,76.0,77.5,2327400,NVL
2022-06-06,76.1,77.1,75.5,76.3,3044600,NVL
2022-06-07,76.0,76.5,75.2,76.0,3038300,NVL
2022-06-08,76.9,77.4,76.0,76.4,2684900,NVL
2022-06-09,76.8,77.3,76.2,76.5,2383800,NVL
2022-06-10,76.9,77.5,76.3,77.0,2158000,NVL
2022-06-13,77.0,77.0,75.9,76.0,2464100,NVL
2022-06-14,76.1,77.0,76.0,76.6,2635200,NVL
2022-06-15,76.8,77.0,75.6,76.4,3341200,NVL
2022-06-16,77.0,78.3,76.4,77.5,3137300,NVL
2022-06-17,77.3,78.3,75.7,75.7,3396400,NVL
2022-06-20,76.9,76.9,75.2,75.5,3111300,NVL
2022-06-21,76.0,76.3,75.2,75.5,2429400,NVL
2022-06-22,76.0,76.1,74.9,75.5,2346000,NVL
2022-06-23,75.0,75.3,74.5,74.9,2913600,NVL
2022-06-24,72.0,75.8,72.0,74.0,3884600,NVL
2022-06-27,74.5,78.8,73.0,78.8,3978700,NVL
2022-06-28,77.5,77.5,74.6,75.1,4116100,NVL
2022-06-29,75.3,76.1,74.7,75.1,2425200,NVL
2022-06-30,76.0,76.0,74.4,74.5,1597500,NVL
2022-07-01,74.9,74.9,73.8,74.4,1683800,NVL
2022-07-04,74.5,75.0,73.4,74.0,2206200,NVL
2022-07-05,74.1,74.8,73.1,73.5,1777900,NVL
2022-07-06,74.0,74.0,73.1,73.4,967400,NVL
2022-07-07,73.2,74.0,73.1,74.0,1728000,NVL
2022-07-08,74.0,74.9,73.2,73.8,1030500,NVL
2022-07-11,73.8,73.8,73.2,73.4,957700,NVL
2022-07-12,73.3,73.7,72.9,73.4,917300,NVL
2022-07-13,73.2,73.9,72.9,73.6,900500,NVL
2022-07-14,73.6,73.7,73.0,73.7,1313200,NVL
2022-07-15,74.0,74.0,72.8,73.6,1410600,NVL
2022-07-18,73.8,73.8,73.1,73.6,1405900,NVL
2022-07-19,74.0,74.7,73.2,73.6,1526700,NVL
2022-07-20,73.8,74.0,73.1,73.9,918000,NVL
2022-07-21,74.4,74.7,73.4,74.2,1867700,NVL
2022-07-22,74.5,74.5,73.4,73.9,2107900,NVL
2022-07-25,73.3,74.3,73.3,73.7,1266800,NVL
2022-07-26,73.2,73.9,73.2,73.9,1102800,NVL
2022-07-27,74.4,74.5,73.3,73.7,1806700,NVL
2022-07-28,73.9,74.0,73.5,74.0,1735300,NVL
2022-07-29,74.0,74.5,73.5,74.5,3009000,NVL
2022-08-01,74.0,74.7,74.0,74.7,2430200,NVL
2022-08-02,74.7,74.8,74.0,74.7,2045300,NVL
2022-08-03,75.0,76.4,75.0,76.2,3059500,NVL
2022-08-04,76.3,78.5,76.0,78.5,3680500,NVL
2022-08-05,78.5,82.4,78.4,80.9,3741000,NVL
2022-08-08,78.1,82.0,78.1,81.8,3255100,NVL
2022-08-09,82.0,83.6,81.0,83.3,2873600,NVL
2022-08-10,83.3,84.0,82.3,83.2,2503400,NVL
2022-08-11,84.0,84.2,81.1,81.3,4464700,NVL
2022-08-12,81.1,82.0,78.7,81.5,3024700,NVL
2022-08-15,82.0,82.0,79.0,81.8,2579100,NVL
2022-08-16,81.5,83.0,80.6,83.0,2508100,NVL
2022-08-17,83.0,84.9,82.6,84.4,3043000,NVL
2022-08-18,84.7,85.4,83.0,83.1,5301100,NVL
2022-08-19,83.1,84.0,82.3,82.3,2304400,NVL
2022-08-22,82.0,82.8,80.5,81.8,3159200,NVL
2022-08-23,80.6,82.5,80.5,82.0,3422500,NVL
2022-08-24,82.7,82.9,81.8,82.9,2529700,NVL
2022-08-25,83.4,84.9,82.9,83.6,3048600,NVL
2022-08-26,83.8,84.8,82.7,83.3,3060400,NVL
2022-08-29,82.1,82.9,81.5,82.1,2655600,NVL
2022-08-30,82.1,82.7,81.0,82.2,2386200,NVL
2022-08-31,82.3,82.9,81.2,81.9,1662300,NVL
2022-09-05,81.1,82.4,80.8,81.5,2784700,NVL
2022-09-06,81.0,82.4,80.8,82.1,2303000,NVL
2022-09-07,82.5,83.9,81.7,83.8,3686400,NVL
2022-09-08,83.8,86.1,83.0,85.0,5280500,NVL
2022-09-09,85.2,85.3,83.6,84.7,2183100,NVL
2022-09-12,84.9,84.9,83.7,83.9,2819800,NVL
2022-09-13,84.0,84.0,82.9,83.5,3422000,NVL
2022-09-14,83.0,83.9,82.0,83.5,3654400,NVL
2022-09-15,83.5,85.5,83.5,85.3,2684800,NVL
2022-09-16,85.5,86.4,84.1,86.4,3627600,NVL
2022-09-19,86.7,86.8,84.8,85.0,3688300,NVL
2022-09-20,85.0,85.0,84.0,84.6,3219500,NVL
2022-09-21,84.7,84.7,84.0,84.6,2330200,NVL
2022-09-22,84.0,84.6,83.2,84.6,3809600,NVL
2022-09-23,84.6,85.2,83.8,84.5,3036200,NVL
2022-09-26,84.5,84.5,83.8,84.5,3798100,NVL
2022-09-27,84.6,84.9,84.0,84.5,2711600,NVL
2022-09-28,84.5,84.8,83.0,84.2,2158500,NVL
2022-09-29,85.0,85.4,83.9,84.8,3202400,NVL
2022-09-30,84.9,85.5,83.9,84.9,4674700,NVL
2022-10-03,84.0,85.0,81.0,82.0,2369300,NVL
2022-10-04,82.3,82.9,81.0,82.0,2033500,NVL
2022-10-05,82.0,82.6,81.3,82.0,2401600,NVL
2022-10-06,82.0,82.9,80.1,80.2,1831100,NVL
2022-10-07,80.1,80.2,77.4,79.0,3671600,NVL
2022-10-10,75.4,78.0,74.9,76.4,2477800,NVL
2022-10-11,75.8,75.8,71.1,75.0,4492300,NVL
2022-10-12,74.0,78.0,74.0,76.0,3527800,NVL
2022-10-13,75.0,75.9,72.8,75.5,1806800,NVL
2022-10-14,75.0,76.0,74.0,76.0,2362900,NVL
2022-10-17,76.0,76.0,73.0,75.0,1732600,NVL
2022-10-18,75.0,75.1,74.0,75.1,2733400,NVL
2022-10-19,75.0,75.0,74.0,75.0,912900,NVL
2022-10-20,74.2,75.1,74.0,75.1,1632200,NVL
2022-10-21,75.0,75.0,73.0,75.0,1945200,NVL
2022-10-24,73.8,75.0,72.9,74.4,2357200,NVL
2022-10-25,74.2,75.0,70.5,75.0,2105700,NVL
2022-10-26,75.0,75.3,73.0,74.5,1069200,NVL
2022-10-27,74.9,74.9,73.1,73.9,1085800,NVL
2022-10-28,73.5,74.0,72.0,72.5,1545400,NVL
2022-10-31,71.2,71.9,67.5,70.0,2450700,NVL
2022-11-01,70.9,71.4,65.6,70.0,1218700,NVL
2022-11-02,70.0,70.0,66.0,69.2,1679800,NVL
2022-11-03,68.2,68.2,64.4,64.4,738500,NVL
2022-11-04,59.9,59.9,59.9,59.9,337700,NVL
2022-11-07,55.8,55.8,55.8,55.8,393300,NVL
2022-11-08,51.9,51.9,51.9,51.9,349400,NVL
2022-11-09,48.3,48.3,48.3,48.3,535600,NVL
2022-11-10,44.95,44.95,44.95,44.95,331600,NVL
2022-11-11,41.85,41.85,41.85,41.85,677400,NVL
2022-11-14,38.95,38.95,38.95,38.95,29300,NVL
2022-11-15,36.25,36.25,36.25,36.25,219800,NVL
2022-11-16,33.75,33.75,33.75,33.75,176400,NVL
2022-11-17,31.4,31.4,31.4,31.4,390700,NVL
2022-11-18,29.25,29.25,29.25,29.25,1270300,NVL
2022-11-21,27.25,27.25,27.25,27.25,630900,NVL
2022-11-22,25.35,28.3,25.35,25.35,128528304,NVL
2022-11-23,23.6,25.0,23.6,23.6,29719200,NVL
2022-11-24,21.95,21.95,21.95,21.95,3276100,NVL
2022-11-25,20.45,20.45,20.45,20.45,7355000,NVL
2022-11-28,19.05,21.2,19.05,20.45,104256496,NVL
2022-11-29,21.4,21.85,21.0,21.85,21567500,NVL
2022-11-30,23.35,23.35,23.0,23.35,23235900,NVL
2022-12-01,24.9,24.95,22.0,23.35,74950304,NVL
2022-12-02,23.35,24.05,22.3,23.8,46455600,NVL
2022-12-05,24.0,24.7,22.15,22.15,60541600,NVL
2022-12-06,21.1,21.2,20.6,20.6,52308700,NVL
2022-12-07,19.2,19.4,19.2,19.2,23234100,NVL
2022-12-08,17.9,18.9,17.9,17.9,67933504,NVL
2022-12-09,16.65,17.7,16.65,16.65,56115800,NVL
2022-12-12,17.8,17.8,17.8,17.8,6988900,NVL
2022-12-13,19.0,19.0,17.05,18.2,55167100,NVL
2022-12-14,18.7,19.0,18.2,18.5,19279400,NVL
2022-12-15,18.25,18.6,17.7,17.9,21345200,NVL
2022-12-16,17.3,18.2,17.3,18.2,20392000,NVL
2022-12-19,18.2,18.9,17.5,17.5,23836500,NVL
2022-12-20,17.25,17.6,16.3,16.3,36931700,NVL
2022-12-21,16.2,16.6,15.2,15.2,34311800,NVL
2022-12-22,15.2,15.7,14.2,15.5,29792700,NVL
2022-12-23,15.5,15.9,15.1,15.1,11371800,NVL
2022-12-26,15.2,15.2,14.05,14.05,12063800,NVL
2022-12-27,13.2,13.65,13.1,13.3,20707900,NVL
2022-12-27,13.3,14.4,13.2,14.4,27208500,NVL
2022-12-28,14.5,14.6,13.8,14.35,13456200,NVL
2022-12-29,14.05,15.35,14.05,14.65,21570300,NVL
2022-12-30,14.8,14.9,14.0,14.0,10590200,NVL
2023-01-03,14.0,14.7,13.85,14.65,12196900,NVL
2023-01-04,14.65,14.7,14.0,14.0,15518400,NVL
2023-01-05,14.0,14.25,13.5,13.7,13920700,NVL
2023-01-06,13.7,14.4,13.6,13.6,16071600,NVL
2023-01-09,13.9,14.25,13.7,13.85,9955100,NVL
2023-01-10,14.05,14.15,13.8,13.95,8573200,NVL
2023-01-11,14.1,14.9,14.05,14.9,27728800,NVL
2023-01-12,15.2,15.7,14.7,14.95,14837200,NVL
2023-01-13,15.2,15.2,14.25,14.3,14470700,NVL
2023-01-16,14.3,14.35,13.65,13.65,16750700,NVL
2023-01-17,13.9,14.1,13.7,14.0,10048000,NVL
2023-01-18,14.1,14.25,14.0,14.15,11194300,NVL
2023-01-19,14.15,14.2,13.95,14.05,12471600,NVL
2023-01-27,14.0,14.3,13.85,13.95,11683400,NVL
2023-01-30,13.95,14.45,13.65,13.95,14013000,NVL
2023-01-31,14.3,14.4,14.05,14.2,10527100,NVL
2023-02-01,14.35,15.15,14.3,14.55,33621600,NVL
2023-02-02,14.85,14.85,14.05,14.2,11459500,NVL
2023-02-03,14.45,14.95,14.3,14.95,20302600,NVL
2023-02-06,14.9,15.75,14.6,15.4,19859700,NVL
2023-02-07,15.35,15.6,14.55,14.6,20041100,NVL
2023-02-08,14.8,14.9,13.9,14.3,13711500,NVL
2023-02-09,14.35,14.5,14.0,14.15,8497700,NVL
2023-02-10,14.15,14.2,13.7,13.75,10982400,NVL
2023-02-13,12.8,13.2,12.8,12.8,19944900,NVL
2023-02-14,11.95,12.3,11.95,11.95,10408000,NVL
2023-02-15,11.15,11.85,11.15,11.15,51758200,NVL
2023-02-16,11.5,11.5,11.25,11.5,13050800,NVL
2023-02-17,11.6,12.25,11.2,11.65,23503600,NVL
2023-02-20,11.85,12.45,11.8,12.45,24434100,NVL
2023-02-21,12.95,13.3,12.75,12.85,27957900,NVL
2023-02-22,12.3,12.55,12.0,12.0,27143800,NVL
2023-02-23,11.8,11.9,11.2,11.8,16251500,NVL
2023-02-24,11.95,12.1,11.4,11.4,10368500,NVL
2023-02-27,11.6,11.6,10.75,10.75,14176200,NVL
2023-02-28,10.9,11.0,10.6,10.6,7137900,NVL
2023-03-01,10.55,10.6,10.05,10.25,10138900,NVL
2023-03-02,10.25,10.65,10.25,10.35,7211100,NVL
2023-03-03,10.6,10.6,10.15,10.35,7119200,NVL
2023-03-06,11.05,11.05,11.0,11.05,13570600,NVL
2023-03-07,11.4,11.55,10.8,10.85,15777300,NVL
2023-03-08,10.75,11.15,10.55,11.05,14532500,NVL
2023-03-09,11.15,11.2,10.85,10.95,7485000,NVL
2023-03-10,10.8,10.9,10.6,10.65,7732800,NVL
2023-03-13,10.65,11.2,10.6,11.0,14769100,NVL
2023-03-14,11.0,11.15,10.65,10.7,10233600,NVL
2023-03-15,11.0,11.35,10.9,11.35,15165000,NVL
2023-03-16,11.1,11.35,11.05,11.15,9368400,NVL
2023-03-17,11.35,11.5,11.15,11.5,18243000,NVL
2023-03-20,11.45,11.5,11.05,11.1,9860500,NVL
2023-03-21,11.25,11.25,10.9,11.05,7857600,NVL
2023-03-22,11.25,11.25,11.05,11.15,5357000,NVL
2023-03-23,11.0,11.15,10.9,11.15,3240200,NVL
2023-03-24,11.2,11.9,11.1,11.9,29617600,NVL
2023-03-27,12.3,12.7,12.1,12.7,24211400,NVL
2023-03-28,12.95,13.3,12.6,12.65,29844000,NVL
2023-03-29,12.45,12.75,12.4,12.5,10178800,NVL
2023-03-30,12.75,13.15,12.6,12.85,21494700,NVL
2023-03-31,12.95,12.95,12.65,12.75,8344600,NVL
2023-04-03,12.9,13.25,12.7,12.85,32850500,NVL
2023-04-04,12.9,12.9,12.65,12.8,15870300,NVL
2023-04-05,12.8,13.3,12.75,12.85,30626500,NVL
2023-04-06,13.25,13.7,13.05,13.25,47112800,NVL
2023-04-07,13.4,13.5,13.1,13.4,18504600,NVL
2023-04-10,13.65,13.9,13.25,13.35,22951800,NVL
2023-04-11,13.15,14.2,12.65,14.2,62799400,NVL
2023-04-12,14.8,15.15,14.5,15.15,50635800,NVL
2023-04-13,15.05,15.05,14.3,14.5,31094900,NVL
2023-04-14,14.55,14.95,14.15,14.35,30937000,NVL
2023-04-17,14.45,14.8,14.3,14.6,15520800,NVL
2023-04-18,14.9,15.2,14.35,14.8,25679800,NVL
2023-04-19,15.0,15.35,14.55,14.6,32239200,NVL
2023-04-20,14.55,14.6,14.3,14.45,10649300,NVL
2023-04-21,14.4,14.45,13.55,13.6,31618400,NVL
2023-04-24,13.7,14.15,13.2,14.0,21467900,NVL
2023-04-25,14.3,14.35,13.7,13.85,13187800,NVL
2023-04-26,13.7,14.0,13.5,13.9,10394300,NVL
2023-04-27,13.95,14.4,13.8,14.2,22175700,NVL
2023-04-28,14.4,14.6,14.15,14.35,17481600,NVL
2023-05-04,13.85,14.0,13.5,13.6,26497900,NVL
2023-05-05,13.5,13.55,13.15,13.35,17907800,NVL
2023-05-08,13.5,13.5,12.95,13.05,35848000,NVL
2023-05-09,13.0,13.25,12.95,13.0,15190500,NVL
2023-05-10,13.15,13.5,13.1,13.4,12377400,NVL
2023-05-11,13.45,13.95,13.45,13.75,19788400,NVL
2023-05-12,13.9,13.95,13.7,13.8,16569700,NVL
2023-05-15,14.0,14.1,13.6,13.6,14896200,NVL
2023-05-16,13.55,13.7,13.4,13.55,10256500,NVL
2023-05-17,13.65,13.7,13.35,13.35,11607400,NVL
2023-05-18,13.35,13.45,13.2,13.3,8143700,NVL
2023-05-19,13.3,13.35,13.05,13.2,11755400,NVL
2023-05-22,13.4,13.55,13.25,13.3,11993200,NVL
2023-05-23,13.35,13.45,13.1,13.2,15137100,NVL
2023-05-24,13.35,13.65,13.25,13.25,18890600,NVL
2023-05-25,13.25,13.35,13.15,13.2,8574600,NVL
2023-05-26,13.2,13.25,12.75,12.95,20144500,NVL
2023-05-29,13.0,13.25,12.95,13.05,14154900,NVL
2023-05-30,13.2,13.6,13.15,13.35,28167200,NVL
2023-05-31,13.5,13.8,13.4,13.5,32021600,NVL
2023-06-01,13.55,13.95,13.5,13.9,30648500,NVL
2023-06-02,14.1,14.2,13.75,13.85,24192000,NVL
2023-06-05,14.0,14.05,13.45,13.5,25313600,NVL
2023-06-06,13.5,13.65,13.4,13.6,14493600,NVL
2023-06-07,13.8,14.55,13.65,14.55,53093400,NVL
2023-06-08,14.8,15.0,14.2,14.2,35672900,NVL
2023-06-09,14.25,14.7,14.15,14.6,30828400,NVL
2023-06-12,14.8,15.0,14.2,14.6,29162000,NVL
2023-06-13,14.7,15.6,14.45,15.6,77649504,NVL
2023-06-14,15.6,15.85,15.2,15.2,38797000,NVL
2023-06-15,15.2,15.45,15.05,15.25,32789500,NVL
2023-06-16,15.45,15.6,14.8,14.9,51557700,NVL
2023-06-19,14.9,15.0,14.0,14.0,67221000,NVL
2023-06-20,14.05,14.55,14.0,14.5,23524600,NVL
2023-06-21,14.6,14.6,14.25,14.5,28742600,NVL
2023-06-22,14.55,15.0,14.5,14.65,29986500,NVL
2023-06-23,14.8,14.85,14.3,14.5,31113400,NVL
2023-06-26,14.65,15.2,14.45,14.9,50445800,NVL
2023-06-27,15.0,15.35,14.85,15.0,31016400,NVL
2023-06-28,15.35,15.85,15.15,15.6,70785104,NVL
2023-06-29,15.8,15.8,15.0,15.0,39219600,NVL
2023-06-30,15.0,15.25,14.85,14.85,27932300,NVL
2023-07-03,15.0,15.05,14.5,14.55,30110100,NVL
2023-07-04,14.55,14.85,14.35,14.85,23182300,NVL
2023-07-05,15.0,15.1,14.7,14.7,24047400,NVL
2023-07-06,14.7,14.75,14.2,14.4,23888200,NVL
2023-07-07,14.25,14.55,14.25,14.5,19479400,NVL
2023-07-10,14.6,15.1,14.5,14.9,27529500,NVL
2023-07-11,15.0,15.05,14.65,14.7,17736900,NVL
2023-07-12,14.8,14.85,14.45,14.6,21665700,NVL
2023-07-13,14.7,15.15,14.6,14.95,30505100,NVL
2023-07-14,15.05,15.35,14.9,15.15,43041900,NVL
2023-07-17,15.3,15.5,15.1,15.35,36932900,NVL
2023-07-18,15.2,15.25,14.85,15.05,28458000,NVL
2023-07-19,15.1,15.2,14.65,14.7,34688200,NVL
2023-07-20,14.7,14.9,14.6,14.8,16989300,NVL
2023-07-21,14.8,15.2,14.7,15.15,34690400,NVL
2023-07-24,15.4,16.2,15.4,16.2,95941296,NVL
2023-07-25,16.5,16.9,16.05,16.2,42471600,NVL
2023-07-26,16.25,17.2,16.05,17.2,73230096,NVL
2023-07-27,17.3,18.15,17.2,17.85,71119296,NVL
2023-07-28,17.85,18.9,17.65,18.35,70873800,NVL
2023-07-31,18.15,18.85,17.7,18.85,56594800,NVL
2023-08-01,18.85,18.9,17.8,17.8,53140000,NVL
2023-08-02,17.75,18.5,17.7,18.35,43279600,NVL
2023-08-03,18.35,18.6,18.05,18.55,42858100,NVL
2023-08-04,19.55,19.8,19.05,19.8,79621000,NVL
2023-08-07,20.3,20.7,19.8,20.2,44450400,NVL
2023-08-08,20.5,20.7,20.05,20.35,44213900,NVL
2023-08-09,20.05,20.3,19.75,19.9,44741900,NVL
2023-08-10,19.9,21.1,19.9,20.6,61799700,NVL
2023-08-11,20.85,20.95,20.05,20.9,39744200,NVL
2023-08-14,21.2,21.7,21.05,21.25,44641000,NVL
2023-08-15,21.3,21.4,20.6,20.75,49316100,NVL
2023-08-16,20.65,20.9,20.3,20.65,40987700,NVL
2023-08-17,20.5,21.15,20.5,20.85,35569900,NVL
2023-08-18,20.45,20.5,19.25,19.25,73867696,NVL
2023-08-21,18.8,19.1,18.05,18.5,46787500,NVL
2023-08-22,18.55,18.9,17.3,18.5,45878500,NVL
2023-08-23,18.8,19.25,18.55,18.7,29604600,NVL
2023-08-24,18.8,19.95,18.55,19.8,40897400,NVL
2023-08-25,19.8,20.0,19.3,19.4,33520100,NVL
2023-08-28,19.6,20.1,19.35,20.0,33665000,NVL
2023-08-29,20.2,21.05,20.1,20.35,40372000,NVL
2023-08-30,20.5,20.6,19.5,20.05,67190496,NVL
2023-08-31,20.1,20.5,20.0,20.45,36637500,NVL
2023-09-05,20.9,21.7,20.8,21.4,53905200,NVL
2023-09-06,21.3,21.8,21.0,21.8,46224000,NVL
2023-09-07,22.0,22.15,21.5,21.6,44461100,NVL
2023-09-08,21.6,22.25,21.4,22.0,52612200,NVL
2023-09-11,22.05,22.2,20.5,20.5,71691904,NVL
2023-09-12,20.15,20.95,19.65,20.95,57206800,NVL
2023-09-13,21.0,21.1,19.5,19.95,77131800,NVL
2023-09-14,19.6,19.8,18.6,18.7,76980000,NVL
2023-09-15,19.0,19.25,18.65,18.9,26725300,NVL
2023-09-18,18.9,18.9,18.05,18.15,28324300,NVL
2023-09-19,18.25,18.45,17.05,17.3,54722800,NVL
2023-09-20,17.2,18.5,16.6,18.5,40156600,NVL
2023-09-21,18.75,19.15,18.0,18.2,30129700,NVL
2023-09-22,17.7,17.8,16.95,17.4,36475900,NVL
2023-09-25,17.2,17.6,16.2,16.2,28116400,NVL
2023-09-26,15.8,16.5,15.15,15.15,33769800,NVL
2023-09-27,15.25,15.5,14.5,15.5,30498500,NVL
2023-09-28,15.5,16.05,15.3,15.75,20771800,NVL
2023-09-29,16.0,16.15,15.55,15.6,13595900,NVL
2023-10-02,15.6,15.85,15.3,15.4,14010700,NVL
2023-10-03,15.15,15.4,14.35,14.35,29958900,NVL
2023-10-04,13.9,14.9,13.9,14.6,17270700,NVL
2023-10-05,14.6,14.8,13.8,13.8,17082600,NVL
2023-10-06,13.8,14.0,13.5,13.9,16415000,NVL
2023-10-09,14.0,14.45,13.9,14.35,14251500,NVL
2023-10-10,14.5,14.75,14.2,14.2,15789700,NVL
2023-10-11,14.25,14.45,14.1,14.45,10238700,NVL
2023-10-12,14.6,15.15,14.6,14.85,20331600,NVL
2023-10-13,14.6,15.0,14.4,14.95,14886700,NVL
2023-10-16,14.95,15.3,14.5,14.55,11029400,NVL
2023-10-17,14.7,14.75,13.75,13.75,12919300,NVL
2023-10-18,13.85,14.0,12.8,13.0,23053500,NVL
2023-10-19,13.2,13.7,12.8,13.2,15586900,NVL
2023-10-20,13.25,13.8,13.0,13.8,14528000,NVL
2023-10-23,13.8,13.95,13.35,13.35,11385700,NVL
2023-10-24,13.5,13.75,13.3,13.65,9403700,NVL
2023-10-25,13.8,14.25,13.8,13.85,16001700,NVL
2023-10-26,13.4,13.6,12.9,12.9,29969400,NVL
2023-10-27,13.1,13.5,12.15,13.3,25641100,NVL
2023-10-30,13.25,13.8,12.95,13.3,19823500,NVL
2023-10-31,13.4,13.6,12.8,12.9,19113000,NVL
2023-11-01,13.0,13.1,12.6,13.1,11274000,NVL
2023-11-02,13.35,14.0,13.1,14.0,26180000,NVL
2023-11-03,14.9,14.9,14.35,14.55,31455800,NVL
2023-11-06,14.6,14.9,14.25,14.8,27905400,NVL
2023-11-07,14.65,14.85,14.45,14.5,19055300,NVL
2023-11-08,14.6,15.5,14.5,15.5,44700800,NVL
2023-11-09,15.8,16.55,15.75,16.3,56498700,NVL
2023-11-10,16.05,16.95,15.95,16.0,43020300,NVL
2023-11-13,15.95,16.3,15.5,15.75,30726800,NVL
2023-11-14,16.05,16.4,15.8,16.1,28894400,NVL
2023-11-15,16.65,16.75,16.2,16.25,30081700,NVL
2023-11-16,16.2,16.8,16.1,16.75,29918200,NVL
2023-11-17,16.75,16.95,15.85,16.1,35806100,NVL
2023-11-20,15.7,16.35,15.7,16.2,21076100,NVL
2023-11-21,16.5,16.5,16.15,16.25,14400900,NVL
2023-11-22,16.25,17.35,16.2,17.35,67956600,NVL
2023-11-23,17.7,18.3,17.0,17.0,59213200,NVL
2023-11-24,17.4,17.6,16.75,17.6,47248500,NVL
2023-11-27,17.65,18.0,17.35,17.35,22744900,NVL
2023-11-28,17.35,17.45,16.8,17.45,28249000,NVL
2023-11-29,17.5,18.25,17.5,18.1,35230700,NVL
2023-11-30,18.1,18.1,17.7,17.7,25525400,NVL
2023-12-01,17.75,17.95,17.4,17.7,19593300,NVL
2023-12-04,18.05,18.45,17.95,18.15,32390000,NVL
2023-12-05,18.4,18.7,18.15,18.2,33250500,NVL
2023-12-06,18.25,18.35,18.05,18.3,24850100,NVL
2023-12-07,18.25,18.45,17.3,17.5,46674900,NVL
2023-12-08,17.6,17.85,17.4,17.6,16560100,NVL
2023-12-11,17.6,17.75,17.35,17.6,15162500,NVL
2023-12-12,17.85,17.85,17.6,17.7,10955600,NVL
2023-12-13,17.85,17.85,17.0,17.0,19975500,NVL
2023-12-14,17.2,17.25,16.25,16.3,30607300,NVL
2023-12-15,16.3,17.1,15.8,16.9,38515800,NVL
2023-12-18,16.95,16.95,16.4,16.4,9523200,NVL
2023-12-19,16.4,16.8,16.2,16.8,11515900,NVL
2023-12-20,16.8,16.9,16.6,16.75,7071100,NVL
2023-12-21,16.6,16.7,16.5,16.6,8038000,NVL
2023-12-22,16.65,16.9,16.5,16.6,7455300,NVL
2023-12-25,16.6,17.1,16.55,16.9,14521200,NVL
2023-12-26,17.0,17.15,16.8,16.9,8804400,NVL
2023-12-27,16.9,17.0,16.75,16.8,16802200,NVL
2023-12-28,16.75,16.95,16.7,16.7,11521900,NVL
2023-12-29,16.7,17.25,16.7,17.05,24837300,NVL
2024-01-02,17.2,17.3,16.7,16.75,13553100,NVL
2024-01-03,16.7,16.85,16.65,16.8,8767800,NVL
2024-01-04,16.9,17.15,16.85,16.85,21530400,NVL
2024-01-05,16.85,17.05,16.8,16.85,9153200,NVL
2024-01-08,17.05,17.5,17.0,17.3,23758900,NVL
2024-01-09,17.4,17.45,17.0,17.05,12911000,NVL
2024-01-10,17.05,17.2,16.8,16.9,13257400,NVL
2024-01-11,16.9,17.05,16.75,16.85,11965900,NVL
2024-01-12,16.65,16.75,16.05,16.3,28034300,NVL
2024-01-15,16.5,16.6,16.3,16.3,7574400,NVL
2024-01-16,16.2,16.7,16.15,16.65,8610500,NVL
2024-01-17,16.45,16.6,16.1,16.2,25318100,NVL
2024-01-18,16.4,16.6,16.25,16.3,9806200,NVL
2024-01-19,16.55,16.55,16.25,16.4,8537200,NVL
2024-01-22,16.4,17.4,16.2,17.3,32572100,NVL
2024-01-23,17.3,17.35,16.9,17.0,14190800,NVL
2024-01-24,17.0,17.05,16.65,16.7,17045800,NVL
2024-01-25,16.75,16.8,16.5,16.6,8637500,NVL
2024-01-26,16.6,16.9,16.6,16.6,10340700,NVL
2024-01-29,16.65,16.75,16.35,16.4,8980000,NVL
2024-01-30,16.4,16.55,16.3,16.45,9549900,NVL
2024-01-31,17.0,17.05,16.6,16.7,25863200,NVL
2024-02-01,16.75,16.9,16.6,16.7,13573400,NVL
2024-02-02,16.7,17.35,16.65,17.0,66162600,NVL
2024-02-05,17.0,17.1,16.75,17.0,13412900,NVL
2024-02-06,17.0,17.5,17.0,17.25,32137100,NVL
2024-02-07,17.3,17.45,17.05,17.3,22942400,NVL
2024-02-15,17.5,17.65,17.3,17.5,25946900,NVL
2024-02-16,17.5,18.0,17.5,17.7,35472400,NVL
2024-02-19,17.7,17.8,17.4,17.55,29935800,NVL
2024-02-20,17.55,17.65,17.3,17.55,36292700,NVL
2024-02-21,17.7,17.8,17.3,17.35,30965300,NVL
2024-02-22,17.35,17.4,17.1,17.1,22159900,NVL
2024-02-23,17.1,17.25,16.6,17.0,37282700,NVL
2024-02-26,16.8,16.95,16.55,16.8,23431100,NVL
2024-02-27,16.95,17.1,16.75,17.05,22162400,NVL
2024-02-28,17.15,17.2,16.85,17.0,14947700,NVL
2024-02-29,17.0,17.3,16.9,17.1,30599600,NVL
2024-03-01,17.15,17.4,17.05,17.3,21864700,NVL
2024-03-04,17.5,17.7,17.3,17.5,38233100,NVL
2024-03-05,17.5,17.5,17.1,17.2,26615300,NVL
2024-03-06,17.2,17.25,16.75,16.8,35805900,NVL
2024-03-07,16.8,17.0,16.7,16.9,19482000,NVL
2024-03-08,16.95,17.05,16.45,16.5,34015000,NVL
2024-03-11,16.5,16.5,16.0,16.05,23738300,NVL
2024-03-12,16.05,16.25,16.0,16.15,15269000,NVL
2024-03-13,16.3,16.55,16.25,16.55,19855000,NVL
2024-03-14,16.65,16.75,16.35,16.45,16135900,NVL
2024-03-15,16.45,16.8,16.4,16.5,19133900,NVL
2024-03-18,16.5,17.1,16.15,16.7,36466000,NVL
2024-03-19,16.9,16.9,16.5,16.5,9763100,NVL
2024-03-20,16.5,16.65,16.35,16.55,12078500,NVL
2024-03-21,16.8,17.1,16.6,17.1,42479800,NVL
2024-03-22,17.35,17.45,16.95,17.1,29115700,NVL
2024-03-25,17.2,18.2,17.15,17.7,110483296,NVL
2024-03-26,17.8,18.05,17.6,17.85,49147200,NVL
2024-03-27,18.0,18.1,17.6,18.1,43775700,NVL
2024-03-28,18.3,18.3,17.55,17.65,45121500,NVL
2024-03-29,17.75,17.75,17.2,17.25,47108000,NVL
2024-04-01,17.45,17.75,17.3,17.45,37560800,NVL
2024-04-02,17.4,17.4,17.05,17.4,23946800,NVL
2024-04-03,17.55,17.7,17.2,17.2,25744900,NVL
2024-04-04,17.6,17.9,17.4,17.5,47239700,NVL
2024-04-05,17.45,18.7,17.2,18.3,107989000,NVL
2024-04-08,18.5,18.95,18.1,18.1,49680000,NVL
2024-04-09,18.2,18.25,17.8,18.1,38217900,NVL
2024-04-10,18.2,18.35,17.75,17.75,38896200,NVL
2024-04-11,17.5,17.8,17.4,17.75,32731800,NVL
2024-04-12,17.8,17.95,17.7,17.7,29044700,NVL
2024-04-15,17.6,17.7,16.5,16.5,71598200,NVL
2024-04-16,16.2,16.35,15.5,15.75,48735500,NVL
2024-04-17,15.9,16.1,15.05,15.05,30710900,NVL
2024-04-19,14.8,14.95,14.2,14.45,38510300,NVL
2024-04-22,14.8,15.05,14.65,14.9,23516300,NVL
2024-04-23,14.9,14.95,14.4,14.5,15520400,NVL
2024-04-24,14.7,15.4,14.6,15.2,26740300,NVL
2024-04-25,15.2,15.2,14.95,15.2,11019100,NVL
2024-04-26,14.95,15.6,14.95,15.25,18372600,NVL
2024-05-02,15.0,15.05,14.7,14.95,15408600,NVL
2024-05-03,15.0,15.05,14.55,14.6,18725100,NVL
2024-05-06,14.75,15.0,14.6,14.9,17994500,NVL
2024-05-07,14.85,14.85,14.45,14.6,28672900,NVL
2024-05-08,13.6,14.0,13.6,13.6,70287400,NVL
2024-05-09,13.95,14.15,13.7,13.75,24734800,NVL
2024-05-10,13.9,13.9,13.45,13.55,20972500,NVL
2024-05-13,13.65,13.75,13.55,13.75,13120300,NVL
2024-05-14,13.8,13.9,13.65,13.8,9821200,NVL
2024-05-15,13.7,14.4,13.7,14.2,28340200,NVL
2024-05-16,14.35,14.45,14.15,14.25,15334000,NVL
2024-05-17,14.2,14.4,14.1,14.3,16224800,NVL
2024-05-20,14.45,14.6,14.25,14.3,15013900,NVL
2024-05-21,14.3,14.3,14.0,14.3,17441300,NVL
2024-05-22,14.3,14.65,14.25,14.45,22791100,NVL
2024-05-23,14.45,14.6,14.2,14.4,9920900,NVL
2024-05-24,14.5,14.95,14.2,14.45,33030500,NVL
2024-05-27,14.6,14.6,14.3,14.5,7872600,NVL
2024-05-28,14.5,14.6,14.35,14.5,11431700,NVL
2024-05-29,14.55,14.55,14.15,14.15,15862000,NVL
2024-05-30,14.1,14.2,14.05,14.15,13130200,NVL
2024-05-31,14.2,14.6,14.15,14.45,11442700,NVL
2024-06-03,14.65,15.15,14.65,14.95,27789300,NVL
2024-06-04,15.05,15.05,14.75,14.8,9015600,NVL
2024-06-05,14.9,15.0,14.7,14.7,13810000,NVL
2024-06-06,14.8,14.85,14.6,14.7,11280800,NVL
2024-06-07,14.75,14.9,14.7,14.75,12551400,NVL
2024-06-10,14.85,14.85,14.65,14.7,9670300,NVL
2024-06-11,14.75,14.75,14.2,14.2,22983300,NVL
2024-06-12,14.2,14.4,14.15,14.35,9451800,NVL
2024-06-13,14.45,14.55,14.35,14.35,7532100,NVL
2024-06-14,14.35,14.45,14.15,14.15,12863000,NVL
2024-06-17,14.15,14.2,14.0,14.1,8627400,NVL
2024-06-18,14.2,14.25,14.05,14.05,5655000,NVL
2024-06-19,14.1,14.1,13.8,13.9,9813400,NVL
2024-06-20,13.8,13.9,13.45,13.6,13618300,NVL
2024-06-21,13.65,13.85,13.4,13.4,11795400,NVL
2024-06-24,13.4,13.65,13.2,13.3,12057400,NVL
2024-06-25,13.3,13.5,13.25,13.4,7174200,NVL
2024-06-26,13.45,13.55,13.3,13.3,6041600,NVL
2024-06-27,13.45,13.65,13.15,13.55,8550200,NVL
2024-06-28,13.55,13.8,13.3,13.3,10149400,NVL
2024-07-01,13.35,13.4,13.15,13.3,3814800,NVL
2024-07-02,13.4,13.5,13.25,13.45,4826200,NVL
2024-07-03,13.5,13.7,13.4,13.5,5999000,NVL
2024-07-04,13.55,13.65,13.35,13.4,5550900,NVL
2024-07-05,13.35,13.45,13.15,13.2,8726800,NVL
2024-07-08,13.55,13.55,13.2,13.25,5360000,NVL
2024-07-09,13.25,13.4,13.25,13.3,6543900,NVL
2024-07-10,13.3,13.35,13.1,13.15,9358800,NVL
2024-07-11,13.15,13.5,13.15,13.4,10048200,NVL
2024-07-12,13.5,13.5,13.25,13.25,4319200,NVL
2024-07-15,13.3,13.4,13.05,13.2,6518800,NVL
2024-07-16,13.2,13.25,12.5,12.6,22599000,NVL
2024-07-17,12.6,12.75,11.95,12.1,22627400,NVL
2024-07-18,12.25,12.35,12.0,12.35,7881700,NVL
2024-07-19,12.35,12.4,11.85,11.9,12410700,NVL
2024-07-22,11.9,11.9,11.1,11.15,39072200,NVL
2024-07-23,11.4,11.4,11.1,11.1,9344300,NVL
2024-07-24,11.15,11.6,11.0,11.4,9832100,NVL
2024-07-25,11.4,11.4,11.15,11.3,4823500,NVL
2024-07-26,11.3,11.4,10.9,11.05,9048700,NVL
2024-07-29,11.15,11.2,11.0,11.0,6590600,NVL
2024-07-30,10.9,11.4,10.6,11.4,18408000,NVL
2024-07-31,11.9,12.15,11.7,11.85,18353800,NVL
2024-08-01,11.9,11.9,11.1,11.2,10556000,NVL
2024-08-02,11.2,11.5,11.05,11.5,11001600,NVL
2024-08-05,11.5,11.5,10.8,11.0,13626000,NVL
2024-08-06,11.25,11.5,11.0,11.35,11766100,NVL
2024-08-07,11.35,11.8,11.3,11.4,13644500,NVL
2024-08-08,11.4,11.6,11.3,11.4,7510400,NVL
2024-08-09,11.6,11.6,11.25,11.4,7629200,NVL
2024-08-12,11.4,11.4,11.15,11.2,5322700,NVL
2024-08-13,11.25,11.4,11.15,11.25,4558500,NVL
2024-08-14,11.3,11.4,11.1,11.15,5110100,NVL
2024-08-15,11.2,11.25,11.05,11.2,5296600,NVL
2024-08-16,11.25,11.95,11.25,11.95,35447200,NVL
2024-08-19,12.15,12.4,12.0,12.1,15368400,NVL
2024-08-20,12.1,12.8,12.0,12.7,25453800,NVL
2024-08-21,12.75,12.9,12.5,12.6,12875400,NVL
2024-08-22,12.65,13.1,12.5,12.9,23817900,NVL
2024-08-23,12.65,13.35,12.55,13.2,28515500,NVL
2024-08-26,13.25,13.4,13.1,13.2,21515500,NVL
2024-08-27,13.2,13.35,13.05,13.3,13244800,NVL
2024-08-28,13.3,13.5,12.85,13.3,19707400,NVL
2024-08-29,13.25,13.3,12.95,13.0,9153800,NVL
2024-08-30,13.0,13.05,12.75,12.95,14655600,NVL
2024-09-04,12.75,13.0,12.65,12.95,13460300,NVL
2024-09-05,13.0,13.25,12.8,12.95,13104800,NVL
2024-09-06,12.95,13.0,12.65,13.0,9061300,NVL
2024-09-09,13.0,13.4,12.9,13.2,16013700,NVL
2024-09-10,13.3,13.3,12.7,12.7,12245100,NVL
2024-09-11,12.75,12.75,11.85,11.85,68030096,NVL
2024-09-12,11.8,11.85,11.3,11.4,17571100,NVL
2024-09-13,11.55,11.65,11.4,11.55,10298400,NVL
2024-09-16,11.55,11.65,11.2,11.2,10833800,NVL
2024-09-17,11.2,11.35,10.65,11.2,30683200,NVL
2024-09-18,11.25,11.5,11.25,11.3,7789500,NVL
2024-09-19,11.45,11.5,11.3,11.35,7856900,NVL
2024-09-20,11.3,11.5,11.3,11.4,10205900,NVL
2024-09-23,11.4,11.4,11.2,11.25,4412500,NVL
2024-09-24,11.2,11.4,11.2,11.35,3973200,NVL
2024-09-25,11.4,11.45,11.25,11.4,11190700,NVL
2024-09-26,11.6,11.9,11.5,11.55,15058600,NVL
2024-09-27,11.75,11.75,11.5,11.55,8269200,NVL
2024-09-30,10.75,11.15,10.75,11.05,30198100,NVL
2024-10-01,11.1,11.3,11.1,11.2,7170200,NVL
2024-10-02,11.15,11.2,11.0,11.05,8191500,NVL
2024-10-03,11.0,11.1,10.8,10.85,14555000,NVL
2024-10-04,10.85,11.0,10.85,10.85,5339800,NVL
2024-10-07,10.9,11.0,10.75,10.8,5353200,NVL
2024-10-08,10.8,10.9,10.5,10.7,7816400,NVL
2024-10-09,10.7,10.85,10.7,10.75,3498900,NVL
2024-10-10,10.8,10.9,10.75,10.8,4117700,NVL
2024-10-11,10.75,10.85,10.7,10.8,5256200,NVL
2024-10-14,10.85,10.9,10.55,10.65,7010100,NVL
2024-10-15,10.65,10.75,10.45,10.45,6994100,NVL
2024-10-16,10.4,10.5,10.2,10.2,8727900,NVL
2024-10-17,10.2,10.5,10.05,10.45,11788500,NVL
2024-10-18,10.55,10.55,10.35,10.35,2952700,NVL
2024-10-21,10.4,10.4,10.25,10.25,4120200,NVL
2024-10-22,10.2,10.35,10.15,10.15,5591100,NVL
2024-10-23,10.15,10.35,10.1,10.25,5014000,NVL
2024-10-24,10.25,10.35,10.15,10.15,3059700,NVL
2024-10-25,10.1,10.3,10.1,10.2,3267000,NVL
2024-10-28,10.3,10.6,10.25,10.35,5526100,NVL
2024-10-29,10.5,10.6,10.35,10.35,3901800,NVL
2024-10-30,10.5,10.9,10.35,10.7,11952100,NVL
2024-10-31,10.85,10.85,10.5,10.5,6138100,NVL
2024-11-01,10.5,10.65,10.35,10.35,4641400,NVL
2024-11-04,10.3,10.4,10.2,10.2,4979800,NVL
2024-11-05,10.25,10.5,10.25,10.3,4196400,NVL
2024-11-06,10.35,10.5,10.3,10.4,2867700,NVL
2024-11-07,10.55,11.05,10.45,10.8,18145000,NVL
2024-11-08,10.9,10.9,10.65,10.7,4034300,NVL
2024-11-11,10.55,10.75,10.5,10.65,5282200,NVL
2024-11-12,10.65,10.75,10.5,10.55,6563900,NVL
2024-11-13,10.6,10.95,10.55,10.8,15794600,NVL
2024-11-14,10.7,10.95,10.65,10.8,6726000,NVL
2024-11-15,10.7,10.75,10.4,10.4,7072900,NVL
2024-11-18,10.5,10.65,10.45,10.55,6497200,NVL
2024-11-19,10.55,11.1,10.55,10.75,12103600,NVL
2024-11-20,11.15,11.4,11.0,11.25,20293600,NVL
2024-11-21,11.25,11.3,11.1,11.25,5626300,NVL
2024-11-22,11.25,11.25,11.0,11.0,8313000,NVL
2024-11-25,11.15,11.2,10.75,11.0,12282500,NVL
2024-11-26,10.85,11.2,10.8,11.1,7934500,NVL
2024-11-27,11.2,11.5,11.1,11.2,9927400,NVL
2024-11-28,11.3,11.4,11.0,11.1,6304300,NVL
2024-11-29,11.05,11.1,10.95,10.95,7193400,NVL
2024-12-02,11.0,11.1,10.9,10.95,3415300,NVL
2024-12-03,11.0,11.05,10.7,10.7,6764100,NVL
2024-12-04,10.7,10.8,10.5,10.5,10323300,NVL
2024-12-05,10.5,11.0,10.5,10.85,8026100,NVL
2024-12-06,10.9,10.95,10.65,10.65,5586100,NVL
2024-12-09,10.65,10.8,10.6,10.7,6564700,NVL
2024-12-10,10.7,10.85,10.6,10.6,5171800,NVL
2024-12-11,10.65,10.7,10.5,10.55,4483500,NVL
2024-12-12,10.55,10.65,10.5,10.5,3040800,NVL
2024-12-13,10.5,10.55,10.45,10.45,3823700,NVL
2024-12-16,10.5,10.55,10.4,10.4,2565300,NVL
2024-12-17,10.45,10.55,10.45,10.45,2397500,NVL
2024-12-18,10.45,10.6,10.45,10.55,4016000,NVL
2024-12-19,10.5,10.6,10.45,10.45,7306900,NVL
2024-12-20,10.5,10.55,10.1,10.1,12855800,NVL
2024-12-23,10.35,10.6,10.3,10.5,7499400,NVL
2024-12-24,10.5,10.55,10.25,10.3,5726000,NVL
2024-12-25,10.35,10.55,10.3,10.4,4743800,NVL
2024-12-26,10.4,10.55,10.4,10.4,3937900,NVL
2024-12-27,10.4,10.45,10.2,10.2,6286000,NVL
2024-12-30,10.55,10.55,10.25,10.3,6297500,NVL
2024-12-31,10.3,10.35,10.25,10.25,2736400,NVL
2025-01-02,10.35,10.5,10.3,10.4,4546700,NVL
2025-01-03,10.4,10.8,10.4,10.55,11644700,NVL
2025-01-06,10.6,10.6,10.3,10.4,5014600,NVL
2025-01-07,10.45,10.45,10.2,10.25,6094600,NVL
2025-01-08,10.25,10.45,10.2,10.4,4147900,NVL
2025-01-09,10.35,10.45,10.25,10.25,1882200,NVL
2025-01-10,10.25,10.3,9.92,9.92,8716100,NVL
2025-01-13,9.93,9.99,9.4,9.49,11653300,NVL
2025-01-14,9.5,9.54,8.95,8.95,16250500,NVL
2025-01-15,9.2,9.43,9.19,9.2,7057800,NVL
2025-01-16,9.2,9.4,9.15,9.17,5765700,NVL
2025-01-17,9.21,9.33,9.15,9.28,4783400,NVL
2025-01-20,9.24,9.24,9.01,9.05,5565800,NVL
2025-01-21,9.12,9.14,9.04,9.04,3243400,NVL
2025-01-22,9.05,9.1,8.68,8.68,11436700,NVL
2025-01-23,8.69,8.85,8.68,8.73,6081600,NVL
2025-01-24,8.88,9.03,8.81,8.93,7005700,NVL
2025-02-03,8.93,9.01,8.88,8.9,4450100,NVL
2025-02-04,8.93,9.42,8.93,9.39,7416200,NVL
2025-02-05,9.44,9.58,9.4,9.4,7236700,NVL
2025-02-06,9.42,9.48,9.32,9.39,4160500,NVL
2025-02-07,9.44,9.64,9.4,9.45,5146300,NVL
2025-02-10,9.45,9.45,9.23,9.23,5626200,NVL
2025-02-11,9.24,9.37,9.15,9.2,3873300,NVL
2025-02-12,9.22,9.26,9.16,9.16,3500600,NVL
2025-02-13,9.16,9.18,9.01,9.02,7383400,NVL
2025-02-14,9.09,9.34,9.06,9.25,5904100,NVL
2025-02-17,9.26,9.33,9.18,9.21,4989700,NVL
2025-02-18,9.19,9.49,9.19,9.35,8825300,NVL
2025-02-19,9.47,9.47,9.35,9.45,7823500,NVL
2025-02-20,9.5,10.1,9.48,10.1,26431300,NVL
2025-02-21,10.4,10.4,10.05,10.15,13571900,NVL
2025-02-24,10.25,10.3,9.93,10.0,12177600,NVL
2025-02-25,10.1,10.15,9.88,9.95,10816200,NVL
2025-02-26,10.0,10.05,9.9,9.9,5900000,NVL
2025-02-27,10.0,10.2,9.98,10.1,10642200,NVL
2025-02-28,10.3,10.8,10.25,10.6,20444900,NVL
2025-03-03,10.5,10.75,10.35,10.4,12999200,NVL
2025-03-04,10.4,10.5,10.2,10.3,12149300,NVL
2025-03-05,10.3,10.45,10.2,10.2,7403900,NVL
2025-03-06,10.25,10.4,10.15,10.35,8678300,NVL
2025-03-07,10.4,10.75,10.4,10.5,11450400,NVL
2025-03-10,10.65,10.7,10.4,10.4,7065100,NVL
2025-03-11,10.3,10.65,10.2,10.55,11005800,NVL
2025-03-12,10.55,10.65,10.45,10.5,5583800,NVL
2025-03-13,10.5,10.8,10.4,10.4,11926900,NVL
2025-03-14,10.45,11.1,10.35,11.1,40147900,NVL
2025-03-17,11.3,11.3,11.05,11.15,13570200,NVL
2025-03-18,11.05,11.15,10.8,10.95,19036400,NVL
2025-03-19,10.8,10.9,10.7,10.8,11757100,NVL
2025-03-20,10.85,10.9,10.75,10.85,7517800,NVL
2025-03-21,10.95,11.0,10.75,10.75,7019500,NVL
2025-03-24,10.75,10.75,10.15,10.3,19704000,NVL
2025-03-25,10.4,10.45,10.3,10.35,6623000,NVL
2025-03-26,10.4,10.55,10.25,10.25,5559300,NVL
2025-03-27,10.3,10.35,10.2,10.25,3893100,NVL
2025-03-28,10.3,10.4,10.25,10.25,4151900,NVL
2025-03-31,10.25,10.4,10.2,10.3,5299200,NVL
2025-04-01,10.4,10.4,10.3,10.35,3942500,NVL
2025-04-02,10.35,10.5,10.25,10.3,7884700,NVL
2025-04-03,9.58,9.9,9.58,9.58,30541000,NVL
2025-04-04,8.91,9.42,8.91,9.1,21050600,NVL
2025-04-08,9.1,9.1,8.47,8.47,19623400,NVL
2025-04-09,7.88,8.49,7.88,8.1,14284400,NVL
2025-04-10,8.66,8.66,8.66,8.66,523000,NVL
2025-04-11,9.26,9.26,8.93,9.26,17090800,NVL
2025-04-14,9.35,9.35,9.15,9.23,7949800,NVL
2025-04-15,9.23,9.7,9.16,9.25,12006200,NVL
2025-04-16,9.25,9.63,9.25,9.37,7668200,NVL
2025-04-17,9.3,9.48,9.1,9.36,6282400,NVL
2025-04-18,9.5,9.87,9.44,9.67,11559100,NVL
2025-04-21,9.75,10.3,9.72,10.3,24346500,NVL
2025-04-22,10.4,10.95,9.96,10.65,40487900,NVL
2025-04-23,11.15,11.15,10.8,10.8,17720000,NVL
2025-04-24,10.85,11.55,10.75,11.3,31498700,NVL
2025-04-25,11.3,11.4,10.75,10.85,19032900,NVL
2025-04-28,11.05,11.6,10.9,11.45,27382400,NVL
2025-04-29,11.65,11.8,11.25,11.4,14851200,NVL
2025-05-05,11.45,11.5,11.4,11.45,10064500,NVL
2025-05-06,11.5,12.25,11.5,12.25,36987600,NVL
2025-05-07,12.3,13.05,12.15,12.65,41044900,NVL
2025-05-08,12.2,12.7,12.2,12.6,28159900,NVL
2025-05-09,12.9,12.9,12.05,12.3,24245000,NVL
2025-05-12,12.4,12.6,12.15,12.3,14816000,NVL
2025-05-13,12.2,12.25,11.8,12.05,27993400,NVL
2025-05-14,12.05,12.35,12.0,12.25,14523000,NVL
2025-05-15,12.3,12.4,11.95,12.1,14255100,NVL
2025-05-16,12.2,12.5,11.95,12.15,22663800,NVL
2025-05-19,12.1,12.45,12.0,12.05,19809000,NVL
2025-05-20,12.05,12.15,11.5,11.85,33030100,NVL
2025-05-21,11.95,12.65,11.85,12.65,36231700,NVL
2025-05-22,13.05,13.1,12.5,12.5,36335500,NVL
2025-05-23,12.55,12.85,12.45,12.45,17211700,NVL
2025-05-26,12.65,13.0,12.2,12.8,30634200,NVL
2025-05-27,12.9,13.2,12.7,12.85,28953900,NVL
2025-05-28,13.05,13.35,12.7,13.05,46877100,NVL
2025-05-29,13.35,13.95,13.2,13.95,62812100,NVL
2025-05-30,14.1,14.4,14.0,14.15,58684600,NVL
2025-06-02,14.2,14.9,14.15,14.55,33315700,NVL
2025-06-03,14.6,14.7,14.1,14.2,38948600,NVL
2025-06-04,14.25,14.5,13.9,14.2,29424800,NVL
2025-06-05,14.2,14.4,13.95,14.3,24777100,NVL
2025-06-06,14.2,14.4,14.1,14.3,20388500,NVL
2025-06-09,14.65,14.9,14.2,14.4,32550300,NVL
2025-06-10,14.4,14.5,14.2,14.35,18616800,NVL
2025-06-11,14.4,14.45,13.55,13.9,26186000,NVL
2025-06-12,13.9,14.4,13.9,14.25,18105600,NVL
2025-06-13,14.05,14.3,13.65,14.3,30353700,NVL
2025-06-16,14.2,14.9,14.2,14.9,37516100,NVL
2025-06-17,15.0,15.5,14.9,15.45,36169800,NVL
2025-06-18,15.75,16.2,15.45,15.6,38613600,NVL
2025-06-19,15.85,15.85,15.3,15.55,19388700,NVL
2025-06-20,15.75,15.75,15.1,15.45,30252600,NVL
2025-06-23,15.0,15.2,14.9,15.05,22102300,NVL
2025-06-24,15.3,15.4,14.95,15.05,19771100,NVL
2025-06-25,15.2,15.25,14.9,14.9,11193800,NVL
2025-06-26,14.95,15.25,14.8,15.15,14423100,NVL
2025-06-27,15.2,15.3,15.0,15.0,10731500,NVL
2025-06-30,15.2,15.6,15.1,15.15,14824200,NVL
2025-07-01,15.3,15.3,14.95,15.15,9890500,NVL
2025-07-02,15.0,15.25,14.95,15.1,9787700,NVL
2025-07-03,15.05,15.2,14.9,14.9,16310400,NVL
2025-07-04,15.0,15.45,14.95,15.2,19704500,NVL
2025-07-07,15.2,15.45,15.05,15.3,22594000,NVL
2025-07-08,15.4,15.85,15.25,15.7,29493600,NVL
2025-07-09,15.8,15.8,15.4,15.45,20430700,NVL
2025-07-10,15.45,15.6,15.3,15.45,18031900,NVL
2025-07-11,15.45,15.55,15.1,15.1,20917100,NVL
2025-07-14,15.1,15.55,14.5,15.25,37687400,NVL
2025-07-15,15.5,15.55,15.1,15.1,15936900,NVL
2025-07-16,15.1,15.5,15.05,15.35,16822700,NVL
2025-07-17,15.5,16.4,15.45,16.4,54836100,NVL
2025-07-18,17.15,17.5,16.8,16.95,48206900,NVL
2025-07-21,17.2,17.2,16.5,16.55,30838700,NVL
2025-07-22,16.45,16.95,16.4,16.95,28082000,NVL
2025-07-23,17.1,17.1,16.7,16.85,24042500,NVL
2025-07-24,16.85,17.05,16.55,16.85,22401600,NVL
2025-07-25,16.65,17.1,16.6,17.1,25900100,NVL
2025-07-28,17.4,18.0,17.35,17.5,49336400,NVL
2025-07-29,17.65,17.75,16.3,16.3,52343900,NVL
2025-07-30,16.3,16.75,15.95,16.6,26419800,NVL
2025-07-31,16.75,16.8,16.05,16.65,25633900,NVL
2025-08-01,16.95,17.35,16.65,17.25,33834400,NVL
2025-08-04,17.3,18.45,17.3,18.45,56696500,NVL
2025-08-05,18.75,19.1,17.5,18.0,45922500,NVL
2025-08-06,18.0,18.45,17.65,18.2,27592300,NVL
2025-08-07,18.6,18.6,18.05,18.2,23479800,NVL
2025-08-08,18.45,18.8,18.0,18.55,35669600,NVL
2025-08-11,18.75,19.3,18.55,18.8,34012300,NVL
2025-08-12,18.7,18.75,18.2,18.5,28649100,NVL
2025-08-13,18.5,19.2,18.15,18.45,36568400,NVL
2025-08-14,18.75,19.1,18.4,18.9,32806800,NVL
2025-08-15,19.0,19.05,18.0,18.15,36644600,NVL
2025-08-18,17.85,18.3,17.6,18.0,36365300,NVL
2025-08-19,18.0,18.7,17.5,18.0,57218400,NVL
2025-08-20,18.0,18.1,16.9,17.4,42155200,NVL
2025-08-21,17.5,17.6,16.7,16.85,30686200,NVL
2025-08-22,16.6,16.65,15.8,15.9,40667300,NVL
2025-08-25,16.05,16.35,15.9,16.05,14927000,NVL
2025-08-26,16.05,16.8,16.0,16.8,13387500,NVL
2025-08-27,17.0,17.45,16.8,16.8,17628200,NVL
2025-08-28,17.0,17.0,16.45,16.7,10967400,NVL
2025-08-29,16.95,17.3,16.75,16.8,21816800,NVL
2025-09-03,17.0,17.55,16.95,17.3,19687700,NVL
2025-09-04,17.5,17.6,17.15,17.2,14345100,NVL
2025-09-05,17.35,18.0,17.3,17.3,34510500,NVL
2025-09-08,17.2,17.5,16.2,16.2,28861200,NVL
2025-09-09,16.2,16.45,15.85,16.25,20833700,NVL
2025-09-10,16.45,16.45,15.55,15.8,23533600,NVL
2025-09-11,15.75,15.8,15.1,15.7,19300500,NVL
2025-09-12,15.9,16.25,15.75,15.75,12710000,NVL
2025-09-15,15.4,15.85,15.4,15.65,16655400,NVL
2025-09-16,16.0,16.15,15.65,15.7,13651100,NVL
2025-09-17,15.7,15.9,15.5,15.5,10506300,NVL
2025-09-18,15.5,15.7,15.0,15.1,21066600,NVL
2025-09-19,15.25,16.15,15.1,15.95,27260400,NVL
2025-09-22,16.15,16.2,15.55,15.6,16669000,NVL
2025-09-23,15.8,16.2,15.65,15.65,9063100,NVL
2025-09-24,15.85,16.3,15.65,16.15,13557100,NVL
2025-09-25,16.2,16.35,15.9,16.0,13426200,NVL
2025-09-26,16.0,16.0,15.6,15.6,13750900,NVL
2025-09-29,15.65,15.9,15.55,15.6,9393900,NVL
2025-09-30,15.75,15.75,15.0,15.25,14861000,NVL
2025-10-01,15.25,15.7,15.25,15.65,8156500,NVL
2025-10-02,15.7,15.7,15.4,15.5,7259300,NVL
2025-10-03,15.4,15.45,15.1,15.1,13085400,NVL
2025-10-06,15.25,15.9,15.25,15.8,12694100,NVL
2025-10-07,15.85,15.85,15.4,15.4,7025600,NVL
2025-10-08,15.65,15.7,15.1,15.3,12924900,NVL
2025-10-09,15.3,15.55,15.25,15.3,7295400,NVL
2025-10-10,15.45,16.0,15.45,15.6,15221600,NVL
2025-10-13,15.4,16.2,15.25,16.0,22278600,NVL
2025-10-14,16.15,16.2,15.45,15.5,17237400,NVL
2025-10-15,15.75,15.75,15.45,15.6,8842700,NVL
2025-10-16,15.7,16.45,15.7,16.25,28947600,NVL
2025-10-17,16.25,16.95,16.05,16.6,32460400,NVL
2025-10-20,15.45,15.8,15.45,15.45,70812600,NVL
2025-10-21,14.6,14.9,14.4,14.4,29857200,NVL
2025-10-22,14.5,15.15,13.55,14.0,48486500,NVL
2025-10-23,14.05,14.5,14.05,14.2,13101800,NVL
2025-10-24,14.25,14.5,14.1,14.3,19337200,NVL
2025-10-27,14.4,14.5,13.8,13.8,14413700,NVL
2025-10-28,13.8,13.8,12.9,13.4,29814200,NVL
2025-10-29,13.4,13.9,13.25,13.55,8466700,NVL
2025-10-30,13.6,14.1,13.6,13.8,6206100,NVL
2025-10-31,13.8,13.8,13.6,13.65,5331300,NVL
2025-11-03,13.4,13.65,12.9,12.9,12425600,NVL
2025-11-04,12.9,13.45,12.5,13.4,17601500,NVL
2025-11-05,13.6,13.85,13.45,13.75,11134600,NVL
2025-11-06,13.75,13.75,13.5,13.5,4045700,NVL
2025-11-07,13.5,13.6,12.95,13.0,8439500,NVL
2025-11-10,12.9,13.0,12.3,12.3,12955700,NVL
2025-11-11,12.4,12.5,12.05,12.2,10978400,NVL
2025-11-12,12.3,13.05,12.25,13.05,6254200,NVL
2025-11-13,13.3,13.45,13.2,13.25,8975000,NVL
2025-11-14,13.35,14.15,13.35,14.15,22445400,NVL
2025-11-17,14.8,15.1,14.6,15.1,18483300,NVL
2025-11-18,15.8,16.1,15.3,15.85,36693400,NVL
2025-11-19,15.65,16.15,15.4,15.65,20151200,NVL
2025-11-20,15.6,15.7,14.95,15.1,13183000,NVL
2025-11-21,14.9,15.55,14.9,15.4,11324600,NVL
2025-11-24,15.65,16.1,15.5,15.8,19922400,NVL
2025-11-25,15.8,15.9,15.2,15.3,11227900,NVL
2025-11-26,15.35,15.7,15.3,15.5,10760000,NVL
2025-11-27,15.55,15.55,14.8,14.85,16187400,NVL
2025-11-28,14.8,15.05,14.1,14.8,12700600,NVL
2025-12-01,14.85,15.2,14.6,14.75,5734500,NVL
2025-12-02,14.75,14.9,14.25,14.85,10767400,NVL
2025-12-03,15.1,15.15,14.8,15.0,6326400,NVL
2025-12-04,15.1,15.25,14.95,15.0,6945200,NVL
2025-12-05,15.0,15.05,14.65,14.85,5796000,NVL
2025-12-08,14.85,14.85,14.4,14.7,6037300,NVL
2025-12-09,14.6,14.6,14.1,14.45,8493800,NVL
2025-12-10,14.5,14.5,14.15,14.45,5168900,NVL
2025-12-11,14.4,14.75,14.3,14.35,4059500,NVL
2025-12-12,14.35,14.5,13.35,13.35,12520500,NVL
2025-12-15,13.25,13.55,13.2,13.3,6696800,NVL
2025-12-16,13.2,13.85,13.0,13.55,6461900,NVL
2025-12-17,13.55,13.55,13.25,13.25,4326100,NVL
2025-12-18,13.45,13.45,13.05,13.25,3938100,NVL
2025-12-19,13.3,13.85,13.25,13.85,7577000,NVL
2025-12-22,13.8,13.95,13.65,13.8,6436400,NVL
2025-12-23,13.9,13.9,13.4,13.45,7107400,NVL
2025-12-24,13.45,13.7,13.25,13.4,6451500,NVL
2025-12-25,13.35,13.9,13.3,13.3,8748800,NVL
2025-12-26,13.4,13.5,12.65,13.25,10173900,NVL
2025-12-29,13.55,14.15,13.55,14.15,15253500,NVL
2025-12-30,14.55,14.65,13.9,13.9,8445000,NVL
2025-12-31,13.95,14.05,13.35,13.35,7442800,NVL
2026-01-05,13.6,13.75,13.2,13.35,8515100,NVL
2026-01-06,13.5,13.7,13.3,13.35,8728100,NVL
2026-01-07,13.35,13.45,13.05,13.2,10517800,NVL
2026-01-08,13.3,13.5,13.1,13.3,8042700,NVL
2026-01-09,13.25,13.3,12.5,12.55,22081700,NVL
2026-01-12,12.6,13.05,12.2,12.8,11835400,NVL
2026-01-13,13.1,13.1,12.75,12.75,8220000,NVL
2026-01-14,12.75,13.2,12.7,12.9,9642300,NVL
2026-01-15,12.95,13.1,12.75,12.8,5566600,NVL
2026-01-16,12.95,13.1,12.8,13.05,8177300,NVL
2026-01-19,13.05,13.1,12.8,12.95,4809500,NVL
2026-01-20,12.8,12.95,12.75,12.75,6554800,NVL
2026-01-21,12.6,12.9,12.5,12.6,5163900,NVL
2026-01-22,12.75,13.35,12.3,12.8,14204500,NVL
2026-01-23,12.95,13.0,12.5,12.5,7998800,NVL
2026-01-26,12.5,12.65,11.85,11.85,12176700,NVL
2026-01-27,12.0,12.15,11.4,11.4,11701500,NVL
2026-01-28,11.65,12.0,11.4,11.9,6951800,NVL
2026-01-29,12.0,12.15,11.9,12.15,3854600,NVL
2026-01-30,12.3,13.0,12.15,13.0,13138500,NVL
2026-02-02,13.3,13.4,12.6,12.85,11835500,NVL
2026-02-03,12.75,13.1,12.75,12.85,6061600,NVL
2026-02-04,12.85,12.85,12.55,12.55,4681100,NVL
2026-02-05,12.55,12.7,12.35,12.35,4754600,NVL
2026-02-06,12.1,12.45,12.0,12.2,7101300,NVL
2026-02-09,12.15,12.4,12.1,12.2,3929200,NVL
2026-02-10,12.2,12.45,12.2,12.3,4514500,NVL
2026-02-11,12.3,12.8,12.3,12.8,6272500,NVL
2026-02-12,12.8,13.0,12.65,12.95,5348900,NVL
2026-02-13,12.95,12.95,12.65,12.65,5097700,NVL
2026-02-23,12.75,12.8,12.6,12.75,2900000,NVL
2026-02-24,12.7,12.8,12.65,12.75,4747600,NVL
2026-02-25,12.75,12.9,12.6,12.65,4315700,NVL
2026-02-26,12.65,12.8,12.5,12.6,4121000,NVL
2026-02-27,12.65,12.65,12.2,12.3,6771300,NVL
2026-03-02,11.6,12.0,11.6,11.6,8979900,NVL
2026-03-03,11.55,11.8,11.5,11.55,8407000,NVL
2026-03-04,11.55,11.75,10.9,11.1,14106300,NVL
2026-03-05,11.45,11.6,11.1,11.15,7449900,NVL
2026-03-06,11.4,11.45,11.1,11.25,5562800,NVL
2026-03-09,10.5,10.7,10.5,10.5,10761000,NVL
2026-03-10,10.0,10.8,10.0,10.65,11911100,NVL
2026-03-11,10.6,11.3,10.55,11.1,9647400,NVL
2026-03-12,11.0,11.85,10.95,11.85,19587600,NVL
2026-03-13,12.0,12.65,11.9,12.65,23778300,NVL
2026-03-16,13.4,13.5,13.1,13.5,48999700,NVL
2026-03-17,13.6,14.0,13.3,13.4,22471600,NVL
2026-03-18,13.35,13.5,12.8,13.0,15001900,NVL
2026-03-19,12.8,13.9,12.8,13.9,25979200,NVL
2026-03-20,14.2,14.8,13.45,13.45,27392500,NVL
2026-03-23,13.4,13.8,12.55,12.55,27154900,NVL
2026-03-24,12.95,13.4,12.7,13.25,17746000,NVL
2026-03-25,13.5,14.0,13.2,13.8,17684500,NVL
2026-03-26,13.8,14.5,13.55,14.2,21341200,NVL
2026-03-27,14.1,14.9,13.95,14.3,22253900,NVL
2026-03-30,14.0,14.25,13.85,13.85,15371800,NVL
2026-03-31,13.9,14.35,13.85,14.15,15917500,NVL
2026-04-01,14.45,14.55,13.9,14.15,13962300,NVL
2026-04-02,13.9,14.15,13.75,13.9,7095900,NVL
2026-04-03,13.9,14.75,13.9,14.3,26691600,NVL
2026-04-06,14.4,15.2,14.35,14.55,23143000,NVL
2026-04-07,14.75,14.9,14.0,14.75,16772400,NVL
2026-04-08,15.2,15.75,14.9,15.75,30279800,NVL
2026-04-09,15.95,16.85,15.9,16.7,81700704,NVL
2026-04-10,16.95,17.45,16.6,16.8,26344600,NVL
2026-04-13,16.7,17.5,16.55,17.2,29274200,NVL
2026-04-14,17.35,17.5,16.7,17.1,23862100,NVL
2026-04-15,17.4,18.2,17.4,17.5,36700200,NVL
2026-04-16,17.5,17.5,16.65,17.0,28122400,NVL
2026-04-17,17.0,17.45,16.85,17.05,16760800,NVL
2026-04-20,17.05,17.25,16.85,17.15,11247700,NVL
2018-01-02,11.32,11.42,11.3,11.32,125060,KDH
2018-01-03,11.36,11.57,11.36,11.57,204230,KDH
2018-01-04,11.65,12.15,11.57,12.15,733900,KDH
2018-01-05,12.19,12.19,11.95,12.05,203500,KDH
2018-01-08,11.98,12.03,11.9,11.92,106940,KDH
2018-01-09,11.69,12.03,11.57,11.98,344060,KDH
2018-01-10,12.03,12.03,11.95,11.95,248670,KDH
2018-01-11,11.9,12.0,11.9,11.95,220050,KDH
2018-01-12,11.98,12.15,11.98,11.98,289000,KDH
2018-01-15,11.98,12.0,11.82,11.98,411910,KDH
2018-01-16,11.77,12.05,11.77,11.77,156580,KDH
2018-01-17,11.82,12.23,11.61,11.82,403230,KDH
2018-01-18,11.74,12.06,11.74,12.06,387580,KDH
2018-01-19,12.23,12.65,12.11,12.65,1293300,KDH
2018-01-22,13.18,13.51,12.81,13.51,1427480,KDH
2018-01-25,13.85,14.44,13.51,14.44,1048080,KDH
2018-01-26,15.05,15.05,13.68,14.42,683150,KDH
2018-01-29,14.22,14.5,13.76,14.09,229490,KDH
2018-01-30,13.93,14.38,13.72,14.25,219800,KDH
2018-01-31,14.5,14.5,14.22,14.25,215340,KDH
2018-02-01,14.19,14.34,14.19,14.25,203540,KDH
2018-02-02,14.42,14.42,13.61,14.17,193060,KDH
2018-02-05,13.76,14.05,13.39,13.43,371750,KDH
2018-02-06,13.23,13.23,12.5,12.81,516400,KDH
2018-02-07,12.94,13.59,12.94,13.1,202190,KDH
2018-02-08,13.23,13.28,13.05,13.1,159330,KDH
2018-02-09,12.52,13.1,12.52,12.97,277940,KDH
2018-02-12,12.97,13.05,12.85,12.97,329630,KDH
2018-02-13,12.97,13.02,12.89,12.97,98880,KDH
2018-02-21,13.05,13.41,13.02,13.1,127810,KDH
2018-02-22,13.1,13.31,13.1,13.18,78310,KDH
2018-02-23,13.18,13.64,13.14,13.59,128760,KDH
2018-02-26,13.59,13.85,13.45,13.68,150210,KDH
2018-02-27,13.68,13.68,13.26,13.59,298690,KDH
2018-02-28,13.59,14.42,13.32,14.25,269890,KDH
2018-03-01,14.11,14.63,14.11,14.46,269340,KDH
2018-03-02,14.15,15.12,14.15,15.12,479070,KDH
2018-03-05,15.2,15.69,15.18,15.47,708870,KDH
2018-03-06,14.95,15.28,14.95,15.2,149770,KDH
2018-03-07,14.7,15.0,14.7,14.86,347290,KDH
2018-03-08,14.86,15.0,14.75,14.78,415190,KDH
2018-03-09,14.78,14.78,14.34,14.38,334400,KDH
2018-03-12,14.59,14.78,14.4,14.78,307670,KDH
2018-03-13,14.55,14.95,14.55,14.86,240040,KDH
2018-03-14,14.59,14.7,14.59,14.63,143920,KDH
2018-03-15,14.78,14.78,14.59,14.63,272990,KDH
2018-03-16,14.84,14.84,14.63,14.81,355080,KDH
2018-03-19,14.84,14.84,14.63,14.7,272980,KDH
2018-03-20,14.86,15.28,14.73,15.04,220520,KDH
2018-03-21,15.26,15.33,15.12,15.23,252250,KDH
2018-03-22,15.28,15.45,15.23,15.26,303270,KDH
2018-03-23,14.6,15.08,14.59,14.78,102640,KDH
2018-03-26,14.59,14.85,14.59,14.78,136110,KDH
2018-03-27,15.2,15.2,14.67,14.84,187180,KDH
2018-03-28,14.84,15.16,14.68,15.16,198570,KDH
2018-03-29,15.26,15.26,14.92,15.0,108350,KDH
2018-03-30,15.08,15.08,14.7,14.97,159510,KDH
2018-04-02,15.05,15.45,14.97,15.28,477660,KDH
2018-04-03,15.28,15.33,15.0,15.26,398060,KDH
2018-04-04,15.26,16.32,15.14,16.15,998640,KDH
2018-04-05,16.32,16.35,15.96,16.07,263790,KDH
2018-04-06,16.32,16.35,16.03,16.17,356770,KDH
2018-04-09,16.19,16.44,16.03,16.44,526630,KDH
2018-04-10,16.52,16.55,16.24,16.55,582440,KDH
2018-04-11,16.52,17.35,16.44,17.06,529290,KDH
2018-04-12,17.05,17.76,16.57,17.35,538090,KDH
2018-04-13,17.35,17.66,16.52,17.35,669410,KDH
2018-04-16,17.35,17.4,16.74,17.35,566180,KDH
2018-04-17,17.35,17.4,17.23,17.35,400270,KDH
2018-04-18,17.35,17.48,17.18,17.18,859170,KDH
2018-04-19,17.08,17.33,16.94,17.06,154560,KDH
2018-04-20,16.74,17.26,16.57,16.9,306360,KDH
2018-04-23,17.25,17.25,15.76,15.76,754100,KDH
2018-04-24,15.76,15.76,15.08,15.28,302360,KDH
2018-04-26,15.28,16.11,14.86,15.08,375350,KDH
2018-04-27,15.08,15.26,15.04,15.08,267480,KDH
2018-05-02,15.08,15.08,14.27,14.27,478580,KDH
2018-05-03,14.27,14.27,13.64,14.03,340220,KDH
2018-05-04,14.03,14.25,13.93,13.95,229020,KDH
2018-05-07,14.09,14.11,13.55,14.11,256880,KDH
2018-05-08,14.09,14.09,13.88,13.93,338320,KDH
2018-05-09,13.95,14.59,13.88,14.59,297290,KDH
2018-05-10,14.59,14.59,14.09,14.34,181140,KDH
2018-05-11,14.11,14.34,14.01,14.34,179570,KDH
2018-05-14,14.34,14.42,14.05,14.42,204310,KDH
2018-05-15,14.46,14.6,14.27,14.6,208630,KDH
2018-05-16,14.6,14.84,14.46,14.75,228420,KDH
2018-05-17,14.75,14.75,14.59,14.67,98240,KDH
2018-05-18,14.67,14.78,14.5,14.65,317550,KDH
2018-05-21,14.65,14.65,14.5,14.63,105470,KDH
2018-05-22,14.55,14.55,13.61,13.98,298750,KDH
2018-05-23,14.01,14.05,13.77,14.05,68760,KDH
2018-05-24,14.05,14.05,13.88,13.88,52800,KDH
2018-05-25,13.68,14.01,13.68,13.88,110770,KDH
2018-05-28,13.88,14.01,12.91,12.91,131110,KDH
2018-05-29,13.05,13.61,12.4,13.55,195320,KDH
2018-05-30,13.61,13.61,13.18,13.43,30620,KDH
2018-05-31,13.43,13.69,13.43,13.69,68030,KDH
2018-06-01,13.69,13.76,13.47,13.76,55170,KDH
2018-06-04,13.76,13.85,13.59,13.68,157940,KDH
2018-06-05,13.82,13.82,13.64,13.65,85500,KDH
2018-06-06,13.69,14.05,13.69,13.9,106830,KDH
2018-06-07,13.96,14.05,13.85,13.9,149320,KDH
2018-06-08,13.9,13.96,13.85,13.9,40990,KDH
2018-06-11,13.8,13.9,13.59,13.74,91800,KDH
2018-06-12,13.74,13.74,13.35,13.43,72510,KDH
2018-06-13,13.64,13.64,13.39,13.43,133320,KDH
2018-06-14,13.43,13.53,13.28,13.43,126930,KDH
2018-06-15,13.43,13.43,13.26,13.39,97760,KDH
2018-06-18,13.43,13.47,13.02,13.23,80240,KDH
2018-06-19,12.85,13.18,12.4,12.77,115560,KDH
2018-06-20,12.81,12.97,12.77,12.91,61420,KDH
2018-06-21,12.97,13.02,12.77,12.95,96270,KDH
2018-06-22,12.95,12.97,12.81,12.95,75360,KDH
2018-06-25,12.95,12.95,12.81,12.86,51230,KDH
2018-06-26,12.86,12.94,12.81,12.89,47300,KDH
2018-06-27,12.94,13.02,12.81,12.89,91980,KDH
2018-06-28,12.85,12.89,12.77,12.81,44330,KDH
2018-06-29,12.89,12.89,12.65,12.81,37250,KDH
2018-07-02,12.81,12.85,12.4,12.73,79640,KDH
2018-07-03,12.73,12.73,12.32,12.4,92100,KDH
2018-07-04,12.4,12.52,12.32,12.4,108210,KDH
2018-07-05,12.4,12.4,11.57,12.19,85860,KDH
2018-07-06,12.19,12.29,11.9,12.27,163320,KDH
2018-07-09,12.27,12.35,12.19,12.27,86830,KDH
2018-07-10,12.27,12.32,11.98,12.15,76250,KDH
2018-07-11,11.98,11.98,11.65,11.98,75770,KDH
2018-07-12,11.98,12.03,11.9,12.03,183480,KDH
2018-07-13,12.03,12.16,12.0,12.16,95080,KDH
2018-07-16,12.16,12.4,12.16,12.35,135230,KDH
2018-07-17,12.35,12.4,12.21,12.4,104390,KDH
2018-07-18,12.4,12.48,12.33,12.48,117680,KDH
2018-07-19,12.48,12.52,12.33,12.48,71490,KDH
2018-07-20,12.5,12.5,12.29,12.48,130120,KDH
2018-07-23,12.48,12.48,12.37,12.44,67200,KDH
2018-07-24,12.4,12.44,12.35,12.44,135740,KDH
2018-07-25,12.4,12.48,12.37,12.44,203820,KDH
2018-07-26,12.44,12.44,12.37,12.4,136490,KDH
2018-07-27,12.44,13.05,12.41,12.77,508900,KDH
2018-07-30,12.81,12.97,12.68,12.77,217650,KDH
2018-07-31,12.68,12.77,12.44,12.44,452610,KDH
2018-08-01,12.44,12.58,12.27,12.44,193210,KDH
2018-08-02,12.4,12.6,12.32,12.4,80590,KDH
2018-08-03,12.4,12.48,12.32,12.4,153810,KDH
2018-08-06,12.19,12.44,12.19,12.4,92810,KDH
2018-08-07,12.35,12.37,12.06,12.15,143250,KDH
2018-08-08,12.06,12.27,12.06,12.23,151620,KDH
2018-08-09,12.23,12.4,12.23,12.27,82740,KDH
2018-08-10,12.27,12.27,12.15,12.27,179130,KDH
2018-08-13,12.27,12.27,12.03,12.23,190190,KDH
2018-08-14,12.19,12.21,12.03,12.21,75900,KDH
2018-08-15,12.21,12.27,12.03,12.15,156260,KDH
2018-08-16,12.15,12.15,11.98,12.03,126840,KDH
2018-08-17,12.15,12.15,11.82,12.03,153550,KDH
2018-08-20,12.06,12.15,11.9,12.03,87870,KDH
2018-08-21,12.03,12.11,11.82,12.03,93790,KDH
2018-08-22,12.11,12.15,11.95,12.11,144870,KDH
2018-08-23,12.11,12.15,11.9,12.15,122520,KDH
2018-08-24,12.15,12.35,12.06,12.32,212880,KDH
2018-08-27,12.35,12.73,12.27,12.54,304450,KDH
2018-08-28,12.73,12.91,12.68,12.81,210650,KDH
2018-08-29,12.81,12.85,12.7,12.75,129190,KDH
2018-08-30,12.75,12.78,12.62,12.75,276700,KDH
2018-08-31,12.78,13.35,12.75,13.23,475470,KDH
2018-09-04,13.23,13.26,12.95,13.1,169670,KDH
2018-09-05,13.05,13.05,12.81,12.95,219000,KDH
2018-09-06,12.89,12.97,12.68,12.81,224110,KDH
2018-09-07,12.73,13.07,12.73,13.05,284210,KDH
2018-09-10,13.05,13.47,12.94,13.47,378680,KDH
2018-09-11,13.47,13.76,13.18,13.76,414080,KDH
2018-09-12,13.76,13.76,13.55,13.65,233090,KDH
2018-09-13,13.65,14.03,13.59,13.98,459730,KDH
2018-09-14,13.98,14.01,13.74,13.8,504210,KDH
2018-09-17,13.68,13.8,13.59,13.59,151560,KDH
2018-09-18,13.47,13.76,13.45,13.74,259790,KDH
2018-09-19,13.74,13.9,13.74,13.88,195640,KDH
2018-09-20,13.88,14.34,13.85,14.27,193550,KDH
2018-09-21,14.92,14.92,14.3,14.6,153840,KDH
2018-09-24,14.6,14.6,14.51,14.54,95070,KDH
2018-09-25,14.56,14.56,14.5,14.54,137280,KDH
2018-09-26,14.54,14.56,14.5,14.54,130840,KDH
2018-09-27,14.54,15.4,14.54,15.14,434130,KDH
2018-09-28,15.0,15.35,14.95,14.95,100660,KDH
2018-10-01,15.0,15.25,14.83,15.17,469550,KDH
2018-10-02,15.14,15.44,14.8,15.0,374720,KDH
2018-10-03,15.0,15.05,14.97,15.0,86470,KDH
2018-10-04,14.97,15.25,14.95,15.25,157020,KDH
2018-10-05,15.28,15.35,15.14,15.25,101660,KDH
2018-10-08,15.25,15.25,15.05,15.14,83670,KDH
2018-10-09,15.15,15.2,15.11,15.14,83670,KDH
2018-10-10,15.14,15.14,14.89,14.95,50310,KDH
2018-10-11,14.77,14.77,13.93,14.14,248860,KDH
2018-10-12,14.04,14.56,14.04,14.51,311880,KDH
2018-10-15,14.51,14.77,14.47,14.77,294940,KDH
2018-10-16,14.68,14.68,14.47,14.56,74130,KDH
2018-10-17,14.54,14.65,14.51,14.56,73080,KDH
2018-10-18,14.56,14.56,14.38,14.47,77110,KDH
2018-10-19,14.42,14.5,14.35,14.45,71090,KDH
2018-10-22,14.3,14.3,14.07,14.07,83060,KDH
2018-10-23,14.07,14.07,13.19,13.4,332440,KDH
2018-10-24,13.4,13.55,13.37,13.42,216860,KDH
2018-10-25,13.24,13.42,13.17,13.42,163880,KDH
2018-10-26,13.42,13.9,13.4,13.9,301930,KDH
2018-10-29,13.68,13.81,13.45,13.81,322020,KDH
2018-10-30,13.81,13.9,13.57,13.9,233940,KDH
2018-10-31,13.85,14.21,13.73,14.16,285270,KDH
2018-11-01,14.16,14.25,13.85,13.95,342300,KDH
2018-11-02,13.9,13.95,13.64,13.7,205360,KDH
2018-11-05,13.66,13.73,13.57,13.7,137860,KDH
2018-11-06,13.81,13.81,13.57,13.57,73550,KDH
2018-11-07,13.59,13.61,13.55,13.57,55670,KDH
2018-11-08,13.59,13.64,13.55,13.57,58220,KDH
2018-11-09,13.57,13.59,13.5,13.55,92010,KDH
2018-11-12,13.55,13.55,13.42,13.5,43720,KDH
2018-11-13,13.5,13.5,13.15,13.22,117930,KDH
2018-11-14,13.22,13.28,13.19,13.28,114480,KDH
2018-11-15,13.28,13.28,12.95,13.14,148930,KDH
2018-11-16,13.14,13.19,13.11,13.15,88350,KDH
2018-11-19,13.15,13.22,13.14,13.15,86810,KDH
2018-11-20,13.15,13.15,13.02,13.06,58990,KDH
2018-11-21,13.06,13.06,12.76,13.05,170490,KDH
2018-11-22,13.05,13.09,12.94,12.97,60940,KDH
2018-11-23,12.97,13.0,12.76,12.94,111440,KDH
2018-11-26,12.83,12.85,12.35,12.35,147170,KDH
2018-11-27,12.45,12.54,12.23,12.23,172080,KDH
2018-11-28,12.32,12.97,12.23,12.97,285530,KDH
2018-11-29,13.06,13.28,13.06,13.19,151660,KDH
2018-11-30,13.15,13.24,13.11,13.22,233560,KDH
2018-12-03,13.24,13.64,13.19,13.64,293190,KDH
2018-12-04,13.64,13.76,13.59,13.64,239670,KDH
2018-12-05,13.52,13.59,13.33,13.37,118780,KDH
2018-12-06,13.37,13.37,12.97,13.37,239480,KDH
2018-12-07,13.35,13.42,13.33,13.37,125810,KDH
2018-12-10,13.33,13.35,12.85,13.15,189160,KDH
2018-12-11,13.15,13.17,13.06,13.15,93150,KDH
2018-12-12,13.15,13.5,13.14,13.5,395100,KDH
2018-12-13,13.52,13.55,13.42,13.52,250510,KDH
2018-12-14,13.52,13.59,13.45,13.59,356410,KDH
2018-12-17,13.59,13.59,13.35,13.55,123290,KDH
2018-12-18,13.42,13.5,13.4,13.5,145510,KDH
2018-12-19,13.5,13.55,13.42,13.55,292800,KDH
2018-12-20,13.52,13.93,13.44,13.9,674090,KDH
2018-12-21,13.78,13.81,13.59,13.81,690070,KDH
2018-12-24,13.76,13.85,13.73,13.85,731720,KDH
2018-12-25,13.68,13.84,13.37,13.84,578100,KDH
2018-12-26,13.81,13.84,13.73,13.84,977380,KDH
2018-12-27,13.87,14.21,13.84,14.21,1362850,KDH
2018-12-28,14.16,14.51,13.99,14.51,2046440,KDH
2019-01-02,14.16,14.42,13.7,13.7,87370,KDH
2019-01-03,13.64,13.73,13.64,13.7,251400,KDH
2019-01-04,13.66,13.7,13.06,13.7,156980,KDH
2019-01-07,13.7,13.73,13.33,13.68,131920,KDH
2019-01-08,13.64,13.68,13.45,13.68,171050,KDH
2019-01-09,13.64,13.66,13.55,13.59,461130,KDH
2019-01-10,13.59,13.59,13.48,13.55,170310,KDH
2019-01-11,13.52,13.55,13.4,13.42,178890,KDH
2019-01-14,13.42,13.42,13.06,13.26,259180,KDH
2019-01-15,13.24,13.26,13.14,13.22,169990,KDH
2019-01-16,13.22,13.44,13.19,13.22,104570,KDH
2019-01-17,13.22,13.22,13.11,13.19,103460,KDH
2019-01-18,13.14,13.19,13.02,13.14,165200,KDH
2019-01-21,13.09,13.15,13.05,13.14,147440,KDH
2019-01-22,13.11,13.22,13.11,13.22,87430,KDH
2019-01-23,13.22,13.24,13.17,13.22,98760,KDH
2019-01-24,13.22,13.24,13.15,13.22,132340,KDH
2019-01-25,13.22,13.22,13.15,13.19,90800,KDH
2019-01-28,13.19,13.24,13.17,13.24,82350,KDH
2019-01-29,13.24,13.28,13.22,13.24,122630,KDH
2019-01-30,13.24,13.28,13.24,13.24,87400,KDH
2019-01-31,13.26,13.31,13.22,13.24,67810,KDH
2019-02-01,13.24,13.26,13.19,13.26,55400,KDH
2019-02-11,13.26,13.31,13.24,13.28,131440,KDH
2019-02-12,13.31,13.64,13.28,13.37,252350,KDH
2019-02-13,13.37,13.5,13.31,13.37,212390,KDH
2019-02-14,13.33,13.37,13.31,13.31,141000,KDH
2019-02-15,13.31,13.85,13.26,13.73,267500,KDH
2019-02-18,13.73,13.76,13.5,13.68,139080,KDH
2019-02-19,13.64,13.68,13.57,13.59,190540,KDH
2019-02-20,13.57,13.76,13.45,13.7,275600,KDH
2019-02-21,13.73,13.76,13.68,13.73,169000,KDH
2019-02-22,13.73,13.73,13.59,13.64,147320,KDH
2019-02-25,13.64,13.68,13.57,13.64,92330,KDH
2019-02-26,13.64,13.81,13.64,13.73,221550,KDH
2019-02-27,13.7,13.99,13.55,13.64,651580,KDH
2019-02-28,13.64,13.68,13.55,13.55,125290,KDH
2019-03-01,13.55,13.68,13.52,13.64,156220,KDH
2019-03-04,13.68,14.34,13.68,14.07,562140,KDH
2019-03-05,14.07,14.12,13.99,14.01,190650,KDH
2019-03-06,14.01,14.04,13.64,13.81,180970,KDH
2019-03-07,13.81,13.85,13.64,13.64,280510,KDH
2019-03-08,13.61,13.61,13.33,13.45,553310,KDH
2019-03-11,13.5,13.66,13.42,13.66,156780,KDH
2019-03-12,13.66,13.85,13.66,13.85,239600,KDH
2019-03-13,13.7,13.85,13.61,13.73,188400,KDH
2019-03-14,13.73,13.73,13.61,13.7,132150,KDH
2019-03-15,13.66,13.73,13.66,13.73,146140,KDH
2019-03-18,13.76,13.81,13.73,13.73,101670,KDH
2019-03-19,13.73,14.01,13.73,13.85,275540,KDH
2019-03-20,13.85,13.96,13.84,13.9,217840,KDH
2019-03-21,13.95,13.99,13.76,13.87,209480,KDH
2019-03-22,13.85,13.87,13.78,13.81,178570,KDH
2019-03-25,13.73,13.73,13.42,13.5,239460,KDH
2019-03-26,13.55,13.68,13.55,13.64,110200,KDH
2019-03-27,13.64,13.78,13.64,13.68,72790,KDH
2019-03-28,13.68,14.25,13.66,14.12,423690,KDH
2019-03-29,14.21,14.21,13.95,13.95,194020,KDH
2019-04-01,13.95,14.12,13.93,14.07,199600,KDH
2019-04-02,14.07,14.67,14.01,14.16,587480,KDH
2019-04-03,14.16,14.16,14.04,14.04,129340,KDH
2019-04-04,14.04,14.16,14.04,14.05,135620,KDH
2019-04-05,14.05,14.56,13.87,14.34,358260,KDH
2019-04-08,14.21,14.38,14.07,14.16,206700,KDH
2019-04-09,14.21,14.25,13.85,13.85,452470,KDH
2019-04-10,13.84,13.95,13.66,13.76,510980,KDH
2019-04-11,13.76,13.95,13.61,13.66,498860,KDH
2019-04-12,13.81,14.07,13.73,14.04,131130,KDH
2019-04-16,13.9,13.99,13.81,13.85,52080,KDH
2019-04-17,13.9,13.95,13.78,13.85,274420,KDH
2019-04-18,13.85,14.07,13.81,13.93,234820,KDH
2019-04-19,13.95,13.99,13.81,13.9,121350,KDH
2019-04-22,13.9,13.95,13.78,13.85,150380,KDH
2019-04-23,13.85,13.85,13.48,13.64,475240,KDH
2019-04-24,13.64,13.76,13.55,13.66,88910,KDH
2019-04-25,13.73,13.78,13.5,13.64,201980,KDH
2019-04-26,13.64,13.73,13.59,13.64,73550,KDH
2019-05-02,13.64,13.73,13.59,13.64,71260,KDH
2019-05-03,13.59,13.66,13.59,13.64,80180,KDH
2019-05-06,13.59,13.59,13.42,13.42,130240,KDH
2019-05-07,13.5,13.68,13.33,13.42,272160,KDH
2019-05-08,13.42,13.45,13.15,13.19,201220,KDH
2019-05-09,13.24,13.24,12.95,13.06,164450,KDH
2019-05-10,13.15,13.15,12.85,12.85,296030,KDH
2019-05-13,12.97,13.24,12.91,13.24,125370,KDH
2019-05-14,13.19,13.24,12.97,12.97,98810,KDH
2019-05-15,13.02,13.24,13.02,13.24,168890,KDH
2019-05-16,13.28,13.44,13.28,13.37,128910,KDH
2019-05-17,13.37,13.45,13.35,13.37,98990,KDH
2019-05-20,13.37,13.37,13.19,13.37,190260,KDH
2019-05-21,13.37,13.37,13.28,13.28,95790,KDH
2019-05-22,13.37,13.45,13.33,13.37,145780,KDH
2019-05-23,13.37,13.59,13.33,13.59,166370,KDH
2019-05-24,13.59,13.84,13.59,13.61,255830,KDH
2019-05-27,13.59,13.68,13.45,13.61,90380,KDH
2019-05-28,13.61,13.61,13.5,13.61,88880,KDH
2019-05-29,13.61,13.64,13.55,13.59,137170,KDH
2019-05-30,13.64,13.64,13.57,13.61,78230,KDH
2019-05-31,13.61,13.64,13.55,13.64,174270,KDH
2019-06-03,13.64,13.64,13.55,13.61,139140,KDH
2019-06-04,13.61,13.64,13.59,13.61,87810,KDH
2019-06-05,13.64,13.64,13.45,13.59,83940,KDH
2019-06-06,13.59,13.61,13.5,13.59,69540,KDH
2019-06-07,13.5,13.61,13.5,13.59,96650,KDH
2019-06-10,13.61,13.68,13.57,13.64,199850,KDH
2019-06-11,13.69,13.93,13.69,13.77,115640,KDH
2019-06-12,13.81,13.86,13.75,13.81,186670,KDH
2019-06-13,13.81,13.86,13.75,13.81,80220,KDH
2019-06-14,13.81,14.22,13.81,14.18,227140,KDH
2019-06-17,14.22,14.27,13.93,13.93,113000,KDH
2019-06-18,13.93,14.07,13.86,14.07,130830,KDH
2019-06-19,14.22,14.22,14.05,14.22,346820,KDH
2019-06-20,14.22,14.34,14.1,14.27,164350,KDH
2019-06-21,14.27,14.27,14.14,14.14,100630,KDH
2019-06-24,14.1,14.15,13.86,13.86,197660,KDH
2019-06-25,13.86,13.93,13.69,13.93,241340,KDH
2019-06-26,13.93,13.93,13.75,13.81,91980,KDH
2019-06-27,13.81,14.22,13.72,14.22,193110,KDH
2019-06-28,14.15,14.15,13.58,14.15,719810,KDH
2019-07-01,13.98,13.98,13.75,13.85,78850,KDH
2019-07-02,13.85,13.86,13.75,13.85,61760,KDH
2019-07-03,13.81,13.85,13.69,13.72,92340,KDH
2019-07-04,13.72,13.81,13.6,13.72,72210,KDH
2019-07-05,13.72,13.72,13.51,13.51,101220,KDH
2019-07-08,13.51,13.51,13.32,13.41,177290,KDH
2019-07-09,13.46,13.46,13.26,13.35,89690,KDH
2019-07-10,13.35,13.41,13.26,13.35,160190,KDH
2019-07-11,13.46,13.51,13.17,13.23,283070,KDH
2019-07-12,13.23,13.35,13.11,13.23,278940,KDH
2019-07-15,13.23,13.2,12.77,13.0,504810,KDH
2019-07-16,12.91,13.0,12.68,12.83,445970,KDH
2019-07-17,12.83,12.83,12.65,12.83,419000,KDH
2019-07-18,12.85,13.09,12.7,12.83,470260,KDH
2019-07-19,12.87,13.05,12.83,13.0,378850,KDH
2019-07-22,13.09,13.09,12.87,12.94,170270,KDH
2019-07-23,12.87,12.91,12.77,12.83,290510,KDH
2019-07-24,12.83,12.83,12.65,12.7,334560,KDH
2019-07-25,12.7,12.7,12.53,12.53,416500,KDH
2019-07-26,12.59,12.77,12.59,12.65,254480,KDH
2019-07-29,12.74,12.74,12.65,12.68,291530,KDH
2019-07-30,12.7,12.74,12.62,12.68,516240,KDH
2019-07-31,12.77,12.87,12.7,12.87,206620,KDH
2019-08-01,12.87,13.35,12.87,13.29,565270,KDH
2019-08-02,13.29,13.29,13.11,13.29,241680,KDH
2019-08-05,13.29,13.29,13.11,13.2,183320,KDH
2019-08-06,13.0,13.14,12.87,13.05,315300,KDH
2019-08-07,13.0,13.32,13.09,13.32,344060,KDH
2019-08-08,13.32,13.64,13.32,13.58,432680,KDH
2019-08-09,13.64,13.75,13.58,13.69,299050,KDH
2019-08-12,13.69,13.69,13.41,13.58,466670,KDH
2019-08-13,13.51,13.58,13.51,13.58,279860,KDH
2019-08-14,13.58,13.64,13.51,13.6,246290,KDH
2019-08-15,13.51,13.64,13.51,13.64,319070,KDH
2019-08-16,13.64,14.14,13.64,13.93,370970,KDH
2019-08-19,13.93,14.05,13.75,13.93,127450,KDH
2019-08-20,13.86,13.93,13.81,13.86,176260,KDH
2019-08-21,13.86,14.01,13.81,13.95,501050,KDH
2019-08-22,13.98,14.05,13.98,14.01,253590,KDH
2019-08-23,14.01,14.05,13.98,14.01,296660,KDH
2019-08-26,13.93,14.01,13.93,13.98,135340,KDH
2019-08-27,14.01,14.01,13.9,13.93,173530,KDH
2019-08-28,13.93,13.95,13.9,13.93,132290,KDH
2019-08-29,13.9,13.93,13.86,13.93,80900,KDH
2019-08-30,13.93,13.98,13.9,13.95,127360,KDH
2019-09-03,13.95,13.98,13.77,13.77,208530,KDH
2019-09-04,13.95,13.9,13.81,13.86,130800,KDH
2019-09-05,13.9,13.9,13.77,13.85,117140,KDH
2019-09-06,13.81,13.85,13.75,13.81,86220,KDH
2019-09-09,13.81,13.81,13.72,13.72,99510,KDH
2019-09-10,13.72,13.85,13.72,13.77,222920,KDH
2019-09-11,13.77,13.85,13.75,13.81,202600,KDH
2019-09-12,13.85,13.9,13.81,13.86,297140,KDH
2019-09-13,13.85,13.95,13.85,13.9,249960,KDH
2019-09-16,13.86,14.85,13.86,14.79,1970760,KDH
2019-09-17,14.88,14.96,14.79,14.92,358240,KDH
2019-09-18,14.56,14.83,14.56,14.79,431230,KDH
2019-09-19,14.71,14.75,14.48,14.75,403780,KDH
2019-09-20,14.68,14.85,14.56,14.56,173820,KDH
2019-09-23,14.56,14.68,14.5,14.5,256250,KDH
2019-09-24,14.5,14.92,14.45,14.71,653270,KDH
2019-09-25,14.68,15.15,14.62,15.08,617850,KDH
2019-09-26,15.08,15.15,14.85,15.05,540470,KDH
2019-09-27,15.03,15.08,14.95,15.05,489320,KDH
2019-09-30,15.03,15.05,14.75,14.79,317650,KDH
2019-10-01,14.79,14.79,14.5,14.62,323600,KDH
2019-10-02,14.62,14.68,14.56,14.62,342880,KDH
2019-10-03,14.56,14.95,14.5,14.68,558290,KDH
2019-10-04,14.68,14.79,14.54,14.62,377650,KDH
2019-10-07,14.62,14.79,14.59,14.62,395830,KDH
2019-10-08,14.59,14.76,14.59,14.65,236800,KDH
2019-10-09,14.65,14.75,14.62,14.65,200860,KDH
2019-10-10,14.68,14.75,14.59,14.62,204820,KDH
2019-10-11,14.62,14.65,14.34,14.45,750090,KDH
2019-10-14,14.45,14.5,14.35,14.5,248380,KDH
2019-10-15,14.5,14.92,14.45,14.76,509910,KDH
2019-10-16,14.71,14.75,14.5,14.56,297940,KDH
2019-10-17,14.62,14.71,14.5,14.5,178930,KDH
2019-10-18,14.5,14.75,14.5,14.68,291340,KDH
2019-10-21,14.68,14.75,14.54,14.56,225790,KDH
2019-10-22,14.62,15.03,14.56,14.96,760380,KDH
2019-10-23,14.96,15.03,14.95,15.0,254760,KDH
2019-10-24,15.0,15.46,14.92,15.46,786640,KDH
2019-10-25,15.38,15.5,15.32,15.46,296380,KDH
2019-10-28,15.46,15.69,15.32,15.46,462280,KDH
2019-10-29,15.46,15.58,15.32,15.38,255290,KDH
2019-10-30,15.25,15.43,15.25,15.29,196300,KDH
2019-10-31,15.38,15.5,15.2,15.2,271510,KDH
2019-11-01,15.17,15.25,14.96,15.08,621800,KDH
2019-11-04,15.08,15.43,15.08,15.43,395160,KDH
2019-11-05,15.5,15.84,15.43,15.78,616040,KDH
2019-11-06,15.66,15.75,15.55,15.69,212510,KDH
2019-11-07,15.75,15.9,15.66,15.78,422060,KDH
2019-11-08,15.9,15.9,15.66,15.66,436180,KDH
2019-11-11,15.66,15.73,15.52,15.55,312470,KDH
2019-11-12,15.5,15.58,15.23,15.23,281340,KDH
2019-11-13,15.23,15.43,15.23,15.23,212730,KDH
2019-11-14,15.17,15.23,15.12,15.2,168810,KDH
2019-11-15,15.38,15.38,15.17,15.2,118540,KDH
2019-11-18,15.15,15.29,15.03,15.12,239510,KDH
2019-11-19,15.08,15.12,14.92,15.08,307710,KDH
2019-11-20,15.03,15.15,15.03,15.12,151960,KDH
2019-11-21,15.08,15.5,15.08,15.23,870410,KDH
2019-11-22,15.2,15.84,15.2,15.23,668220,KDH
2019-11-25,15.25,15.38,15.25,15.29,199980,KDH
2019-11-26,15.29,15.43,15.29,15.41,236240,KDH
2019-11-27,15.41,15.41,15.29,15.35,265630,KDH
2019-11-28,15.35,15.38,15.25,15.35,409410,KDH
2019-11-29,15.38,15.38,15.29,15.32,322100,KDH
2019-12-02,15.32,15.38,15.29,15.32,416910,KDH
2019-12-03,15.32,15.43,15.15,15.41,388300,KDH
2019-12-04,15.38,15.6,15.38,15.52,308340,KDH
2019-12-05,15.55,15.73,15.52,15.66,494890,KDH
2019-12-06,15.66,15.73,15.6,15.69,252540,KDH
2019-12-09,15.64,15.66,15.5,15.58,290730,KDH
2019-12-10,15.55,15.6,15.46,15.55,271360,KDH
2019-12-11,15.55,15.55,15.5,15.52,215380,KDH
2019-12-12,15.52,15.73,15.52,15.66,291020,KDH
2019-12-13,15.66,15.84,15.64,15.73,516510,KDH
2019-12-16,15.73,15.84,15.66,15.73,316230,KDH
2019-12-17,15.84,15.84,15.38,15.43,248870,KDH
2019-12-18,15.43,15.43,15.17,15.23,294120,KDH
2019-12-19,15.23,15.38,15.15,15.25,142780,KDH
2019-12-20,15.29,15.46,15.25,15.43,164640,KDH
2019-12-23,15.46,15.5,15.43,15.43,131930,KDH
2019-12-24,15.43,15.6,15.43,15.58,265090,KDH
2019-12-25,15.58,15.64,15.52,15.58,180530,KDH
2019-12-26,15.58,15.66,15.46,15.58,385170,KDH
2019-12-27,15.58,15.6,15.52,15.6,156240,KDH
2019-12-30,15.6,15.66,15.55,15.66,354580,KDH
2019-12-31,15.66,15.66,15.52,15.6,698370,KDH
2020-01-02,15.43,15.46,15.25,15.38,343020,KDH
2020-01-03,15.38,15.43,15.2,15.32,353970,KDH
2020-01-06,15.29,15.38,15.08,15.38,319660,KDH
2020-01-07,15.32,15.38,15.15,15.25,128550,KDH
2020-01-08,15.08,15.23,14.62,14.79,412780,KDH
2020-01-09,14.83,15.03,14.56,14.85,247010,KDH
2020-01-10,14.83,14.88,14.62,14.85,283200,KDH
2020-01-13,14.83,14.88,14.79,14.85,91330,KDH
2020-01-14,14.79,14.88,14.75,14.85,108520,KDH
2020-01-15,14.85,14.88,14.76,14.85,72090,KDH
2020-01-16,14.83,14.96,14.79,14.96,140170,KDH
2020-01-17,14.96,15.03,14.92,14.96,79520,KDH
2020-01-20,14.95,14.96,14.88,14.96,75490,KDH
2020-01-21,14.95,15.03,14.79,15.0,381440,KDH
2020-01-22,14.96,15.08,14.96,15.03,120650,KDH
2020-01-30,14.92,14.96,14.62,14.79,185620,KDH
2020-01-31,14.79,14.79,14.39,14.5,196240,KDH
2020-02-03,14.1,14.39,13.93,14.34,241080,KDH
2020-02-04,14.34,14.42,14.15,14.34,252520,KDH
2020-02-05,14.31,14.35,14.27,14.35,192860,KDH
2020-02-06,14.35,14.48,14.22,14.45,262650,KDH
2020-02-07,14.45,14.45,14.34,14.45,110820,KDH
2020-02-10,14.42,14.45,14.34,14.45,106900,KDH
2020-02-11,14.42,14.5,14.39,14.5,152870,KDH
2020-02-12,14.48,14.68,14.45,14.68,153260,KDH
2020-02-13,14.56,14.62,14.42,14.45,102180,KDH
2020-02-14,14.39,14.42,14.05,14.22,464310,KDH
2020-02-17,14.07,14.22,14.07,14.22,296120,KDH
2020-02-18,14.22,14.25,14.14,14.22,181170,KDH
2020-02-19,14.18,14.22,14.15,14.22,128710,KDH
2020-02-20,14.22,14.25,14.18,14.25,287650,KDH
2020-02-21,14.25,14.31,14.15,14.25,400170,KDH
2020-02-24,14.1,14.22,14.05,14.14,445530,KDH
2020-02-25,14.1,14.34,14.1,14.34,152980,KDH
2020-02-26,14.22,14.27,14.15,14.22,86790,KDH
2020-02-27,14.18,14.39,14.18,14.39,171130,KDH
2020-02-28,14.15,14.34,14.15,14.25,102250,KDH
2020-03-02,14.25,14.31,14.22,14.27,193070,KDH
2020-03-03,14.39,14.39,14.25,14.27,186820,KDH
2020-03-04,14.27,14.45,14.27,14.39,205010,KDH
2020-03-05,14.39,14.42,14.35,14.39,100370,KDH
2020-03-06,14.35,14.35,14.22,14.22,125780,KDH
2020-03-09,13.93,14.05,13.35,13.35,582800,KDH
2020-03-10,13.35,13.64,13.35,13.64,150820,KDH
2020-03-11,13.64,13.72,13.17,13.35,171290,KDH
2020-03-12,12.87,13.29,12.42,12.56,263770,KDH
2020-03-13,12.47,12.47,11.69,12.25,432310,KDH
2020-03-16,12.25,12.25,11.61,11.81,298420,KDH
2020-03-17,11.55,12.19,11.55,12.19,201400,KDH
2020-03-18,12.22,12.22,12.04,12.19,274660,KDH
2020-03-19,12.06,12.19,11.72,12.19,213960,KDH
2020-03-20,12.19,12.19,11.58,11.61,566210,KDH
2020-03-23,11.61,11.61,10.96,11.03,236800,KDH
2020-03-24,11.49,11.49,10.68,11.12,228300,KDH
2020-03-25,11.14,11.35,11.12,11.23,364740,KDH
2020-03-26,11.25,11.72,11.2,11.23,627430,KDH
2020-03-27,11.25,11.35,11.2,11.28,161610,KDH
2020-03-30,11.14,11.23,10.85,10.91,173010,KDH
2020-03-31,10.91,11.03,10.15,10.74,317340,KDH
2020-04-01,10.74,10.77,10.45,10.68,256170,KDH
2020-04-03,10.78,10.82,10.5,10.62,455210,KDH
2020-04-06,10.62,11.03,10.47,10.85,780740,KDH
2020-04-07,10.96,11.03,10.68,10.85,466250,KDH
2020-04-08,10.74,11.49,10.74,11.32,945510,KDH
2020-04-09,11.32,11.66,11.32,11.61,648850,KDH
2020-04-10,11.66,11.66,11.32,11.55,234330,KDH
2020-04-13,11.37,11.84,11.37,11.69,735890,KDH
2020-04-14,11.66,11.95,11.66,11.72,502130,KDH
2020-04-15,11.84,11.98,11.84,11.98,559480,KDH
2020-04-16,12.02,12.02,11.89,11.95,517930,KDH
2020-04-17,11.98,12.19,11.98,12.13,950520,KDH
2020-04-20,12.13,12.19,12.06,12.13,559680,KDH
2020-04-21,12.06,12.06,11.43,11.84,694050,KDH
2020-04-22,11.72,11.89,11.49,11.86,567860,KDH
2020-04-23,11.84,11.93,11.75,11.89,445860,KDH
2020-04-24,11.89,11.95,11.84,11.89,378450,KDH
2020-04-27,11.93,11.95,11.86,11.89,524000,KDH
2020-04-28,11.93,11.98,11.86,11.93,409390,KDH
2020-04-29,12.15,12.19,11.93,12.15,876730,KDH
2020-05-04,12.13,12.19,12.06,12.13,532680,KDH
2020-05-05,12.15,12.25,12.13,12.19,952670,KDH
2020-05-06,12.22,12.27,12.02,12.19,1020600,KDH
2020-05-07,12.25,12.33,12.22,12.27,1095220,KDH
2020-05-08,12.33,12.42,12.3,12.39,1027960,KDH
2020-05-11,12.39,12.42,12.33,12.39,769000,KDH
2020-05-12,12.42,13.09,12.39,13.09,1426970,KDH
2020-05-13,12.94,13.37,12.74,13.35,1050270,KDH
2020-05-14,13.35,13.37,13.05,13.32,541760,KDH
2020-05-15,13.23,13.23,12.77,12.77,876170,KDH
2020-05-18,12.77,12.83,12.59,12.65,267870,KDH
2020-05-19,12.77,13.0,12.65,13.0,1375670,KDH
2020-05-20,12.94,12.96,12.77,12.87,498750,KDH
2020-05-21,12.91,12.94,12.77,12.77,420140,KDH
2020-05-22,12.79,12.79,12.33,12.35,654160,KDH
2020-05-25,12.42,12.62,12.35,12.59,384940,KDH
2020-05-26,12.59,12.79,12.59,12.79,639110,KDH
2020-05-27,12.85,12.87,12.5,12.59,438170,KDH
2020-05-28,12.65,12.7,12.56,12.62,194020,KDH
2020-05-29,12.62,12.79,12.62,12.77,636980,KDH
2020-06-01,12.83,12.91,12.74,12.91,500190,KDH
2020-06-02,13.0,13.05,12.79,12.91,805820,KDH
2020-06-03,12.83,13.46,12.77,13.46,1355550,KDH
2020-06-04,13.46,13.69,13.32,13.35,1333970,KDH
2020-06-05,13.37,13.6,13.29,13.55,1012930,KDH
2020-06-08,13.55,14.05,13.55,13.86,702370,KDH
2020-06-09,13.86,13.98,13.64,13.64,891610,KDH
2020-06-10,13.43,13.67,13.43,13.67,1454910,KDH
2020-06-11,13.75,13.93,13.35,13.55,1061760,KDH
2020-06-12,13.29,13.5,13.17,13.46,964400,KDH
2020-06-15,13.51,13.58,13.23,13.35,627870,KDH
2020-06-16,13.41,13.51,13.41,13.51,367980,KDH
2020-06-17,13.55,13.55,13.46,13.51,299130,KDH
2020-06-18,13.37,13.64,13.37,13.58,367240,KDH
2020-06-19,13.6,14.15,13.6,14.1,876080,KDH
2020-06-22,14.22,14.22,13.9,14.07,566040,KDH
2020-06-23,14.1,14.1,13.86,13.98,900610,KDH
2020-06-24,13.98,14.05,13.81,13.93,696100,KDH
2020-06-25,13.81,13.9,13.64,13.85,651610,KDH
2020-06-26,13.81,13.85,13.67,13.69,614300,KDH
2020-06-29,13.69,13.81,13.23,13.46,735640,KDH
2020-06-30,13.46,13.51,13.2,13.46,475130,KDH
2020-07-01,13.46,13.55,13.35,13.51,236030,KDH
2020-07-02,13.46,13.64,13.29,13.64,699900,KDH
2020-07-03,13.67,14.05,13.67,13.93,597160,KDH
2020-07-06,13.93,14.07,13.93,14.01,316590,KDH
2020-07-07,14.01,14.01,13.93,13.95,271640,KDH
2020-07-08,13.9,13.93,13.85,13.93,357990,KDH
2020-07-09,13.93,13.93,13.77,13.93,595500,KDH
2020-07-10,13.86,14.01,13.81,14.01,436560,KDH
2020-07-13,14.07,14.27,14.01,14.05,932440,KDH
2020-07-14,14.01,14.1,14.01,14.05,232340,KDH
2020-07-15,14.1,14.22,14.07,14.22,543180,KDH
2020-07-16,14.34,14.71,14.27,14.71,1176680,KDH
2020-07-17,14.71,14.71,14.48,14.54,365900,KDH
2020-07-20,14.54,14.54,14.27,14.27,740840,KDH
2020-07-21,14.39,14.56,14.22,14.35,529530,KDH
2020-07-22,14.39,14.42,14.25,14.35,461050,KDH
2020-07-23,14.35,14.42,14.31,14.39,306990,KDH
2020-07-24,14.39,14.39,13.9,14.15,1055320,KDH
2020-07-27,13.58,13.93,13.35,13.35,712260,KDH
2020-07-28,13.2,13.75,13.2,13.75,396620,KDH
2020-07-29,13.64,13.64,13.29,13.64,265730,KDH
2020-07-30,13.69,13.9,13.69,13.9,273280,KDH
2020-07-31,13.81,13.95,13.26,13.26,1471660,KDH
2020-08-03,13.41,13.75,13.41,13.69,198590,KDH
2020-08-04,13.75,14.14,13.69,14.14,363840,KDH
2020-08-05,14.14,14.42,14.05,14.35,318600,KDH
2020-08-06,14.27,14.45,14.27,14.35,321800,KDH
2020-08-07,14.35,14.35,14.18,14.25,328240,KDH
2020-08-10,14.25,14.34,14.22,14.22,549960,KDH
2020-08-11,14.22,14.27,13.98,14.15,279810,KDH
2020-08-12,14.15,14.18,13.95,14.01,320710,KDH
2020-08-13,14.1,14.25,14.01,14.25,369970,KDH
2020-08-14,14.25,14.45,14.25,14.25,445490,KDH
2020-08-17,14.27,14.34,14.15,14.25,352730,KDH
2020-08-18,14.25,14.31,14.22,14.25,360700,KDH
2020-08-19,14.41,14.52,14.27,14.46,283990,KDH
2020-08-20,14.43,14.59,14.36,14.46,614950,KDH
2020-08-21,14.46,14.84,14.46,14.8,901320,KDH
2020-08-24,14.86,14.9,14.77,14.84,425800,KDH
2020-08-25,14.86,15.26,14.84,15.26,1195060,KDH
2020-08-26,15.26,15.33,14.99,15.24,378880,KDH
2020-08-27,15.08,15.3,15.08,15.26,550440,KDH
2020-08-28,15.21,15.26,15.21,15.21,446000,KDH
2020-08-31,15.21,15.26,15.05,15.12,562860,KDH
2020-09-01,15.12,15.21,15.02,15.17,492190,KDH
2020-09-03,15.24,15.51,15.24,15.51,1166890,KDH
2020-09-04,15.4,15.83,15.4,15.49,779920,KDH
2020-09-07,15.49,15.49,15.12,15.12,533690,KDH
2020-09-08,15.08,15.15,14.93,15.12,420510,KDH
2020-09-09,14.9,15.12,14.84,15.02,410220,KDH
2020-09-10,15.15,15.15,14.86,14.86,721800,KDH
2020-09-11,14.86,15.02,14.77,14.95,753970,KDH
2020-09-14,15.02,15.17,14.99,15.15,422740,KDH
2020-09-15,15.21,15.3,15.21,15.21,573640,KDH
2020-09-16,15.21,15.24,15.05,15.15,282800,KDH
2020-09-17,15.15,15.15,14.9,14.95,726490,KDH
2020-09-18,14.99,15.12,14.99,15.08,329490,KDH
2020-09-21,15.12,15.15,15.08,15.12,714600,KDH
2020-09-22,15.12,15.49,15.12,15.36,952030,KDH
2020-09-23,15.33,15.4,15.24,15.24,591270,KDH
2020-09-24,15.24,15.26,15.02,15.15,556500,KDH
2020-09-25,15.17,15.17,14.99,15.02,524660,KDH
2020-09-28,15.02,15.08,14.95,15.02,281670,KDH
2020-09-29,15.02,15.17,14.95,15.15,458040,KDH
2020-09-30,15.12,15.15,14.9,15.05,541530,KDH
2020-10-01,15.08,15.15,15.05,15.12,360380,KDH
2020-10-02,15.12,15.12,14.8,15.05,928170,KDH
2020-10-05,15.05,15.4,15.02,15.33,716860,KDH
2020-10-06,15.49,15.61,15.36,15.45,918350,KDH
2020-10-07,15.45,15.45,15.24,15.26,406060,KDH
2020-10-08,15.26,15.26,14.99,15.05,491910,KDH
2020-10-09,15.05,15.08,14.86,15.05,440240,KDH
2020-10-12,15.08,15.08,14.9,14.95,687060,KDH
2020-10-13,14.9,14.95,14.65,14.8,850770,KDH
2020-10-14,14.71,14.93,14.68,14.9,261800,KDH
2020-10-15,14.86,14.86,14.65,14.86,541610,KDH
2020-10-16,14.84,14.84,14.65,14.75,683570,KDH
2020-10-19,14.75,14.77,14.65,14.71,776120,KDH
2020-10-20,14.8,15.08,14.75,14.84,811810,KDH
2020-10-21,14.9,14.9,14.8,14.86,369330,KDH
2020-10-22,14.86,14.9,14.8,14.86,1380110,KDH
2020-10-23,14.86,15.15,14.84,15.15,1239270,KDH
2020-10-26,15.17,15.36,15.15,15.26,681450,KDH
2020-10-27,15.26,15.33,15.08,15.08,461280,KDH
2020-10-28,15.08,15.15,14.84,14.9,746210,KDH
2020-10-29,14.9,14.93,14.77,14.86,931850,KDH
2020-10-30,14.9,15.51,14.8,15.51,2443570,KDH
2020-11-02,15.26,15.3,15.08,15.15,397380,KDH
2020-11-03,15.15,15.21,15.08,15.12,565540,KDH
2020-11-04,15.12,15.15,15.02,15.08,974330,KDH
2020-11-05,15.08,15.61,15.08,15.49,3511060,KDH
2020-11-06,15.51,15.55,15.26,15.26,1038960,KDH
2020-11-09,15.33,15.76,15.21,15.42,1808490,KDH
2020-11-10,15.51,15.51,15.17,15.17,1525060,KDH
2020-11-11,15.21,15.4,14.86,15.15,2530790,KDH
2020-11-12,15.15,15.3,15.08,15.15,1212020,KDH
2020-11-13,15.3,15.36,15.15,15.36,1023280,KDH
2020-11-16,15.4,15.42,15.02,15.08,2381080,KDH
2020-11-17,15.08,15.24,15.02,15.15,1827690,KDH
2020-11-18,15.21,15.45,15.17,15.26,1110000,KDH
2020-11-19,15.42,15.42,15.24,15.36,1217150,KDH
2020-11-20,15.36,16.41,15.3,16.41,6066190,KDH
2020-11-23,16.57,16.73,16.32,16.5,1772520,KDH
2020-11-24,16.5,16.5,16.01,16.23,1508330,KDH
2020-11-25,16.48,16.48,16.07,16.11,1664620,KDH
2020-11-26,16.07,16.57,16.07,16.3,2058730,KDH
2020-11-27,16.32,16.5,16.25,16.39,2549720,KDH
2020-11-30,16.76,16.82,16.48,16.6,3255650,KDH
2020-12-01,16.39,16.64,16.3,16.48,1677010,KDH
2020-12-02,16.48,17.14,16.45,16.66,2685130,KDH
2020-12-03,16.64,16.88,16.55,16.79,2276280,KDH
2020-12-04,16.79,16.85,16.69,16.73,1328770,KDH
2020-12-07,16.73,16.95,16.73,16.88,1587990,KDH
2020-12-08,16.88,16.95,16.69,16.91,1560270,KDH
2020-12-09,16.91,17.25,16.76,17.14,1307160,KDH
2020-12-10,17.14,17.68,17.06,17.38,3048980,KDH
2020-12-11,17.56,17.65,17.32,17.35,1786630,KDH
2020-12-14,17.38,17.78,17.35,17.56,2162070,KDH
2020-12-15,17.48,17.63,17.1,17.19,3071580,KDH
2020-12-16,17.38,17.59,17.15,17.5,1870300,KDH
2020-12-17,17.5,17.5,16.88,17.06,3252360,KDH
2020-12-18,17.01,17.29,16.97,17.19,2520760,KDH
2020-12-21,17.14,17.54,17.14,17.44,1751610,KDH
2020-12-22,17.44,18.13,17.29,17.87,2052640,KDH
2020-12-23,17.95,18.0,17.68,17.87,1149480,KDH
2020-12-24,17.81,17.87,17.06,17.56,1820930,KDH
2020-12-25,17.5,17.65,17.14,17.65,1210400,KDH
2020-12-28,17.68,17.75,17.5,17.65,1459850,KDH
2020-12-29,17.63,18.19,17.5,17.9,2112050,KDH
2020-12-30,17.9,18.25,17.85,18.0,1243160,KDH
2020-12-31,18.0,18.25,17.97,18.19,591430,KDH
2021-01-04,18.31,18.4,18.05,18.23,1284600,KDH
2021-01-05,18.13,18.31,18.05,18.25,886200,KDH
2021-01-06,18.25,19.12,18.25,18.62,1741400,KDH
2021-01-07,18.68,19.05,18.62,18.8,1646400,KDH
2021-01-08,18.99,19.05,18.65,18.94,1314900,KDH
2021-01-11,18.94,20.23,18.8,20.21,2166900,KDH
2021-01-12,20.29,20.97,19.93,20.67,1492200,KDH
2021-01-13,20.64,20.73,20.12,20.36,1731100,KDH
2021-01-14,20.17,20.54,19.98,20.48,1309700,KDH
2021-01-15,20.48,21.25,20.29,21.11,1743600,KDH
2021-01-18,21.11,21.11,20.79,20.88,1295500,KDH
2021-01-19,20.88,20.88,19.46,19.79,2189800,KDH
2021-01-20,19.77,20.54,19.18,20.36,1311200,KDH
2021-01-21,20.54,20.7,20.05,20.48,1051600,KDH
2021-01-22,20.48,21.2,20.42,21.07,1412300,KDH
2021-01-25,21.07,22.1,21.05,22.04,1970600,KDH
2021-01-26,22.1,22.23,21.14,21.6,1425600,KDH
2021-01-27,21.23,21.72,20.79,21.25,1654300,KDH
2021-01-28,19.93,20.48,19.79,19.79,1491900,KDH
2021-01-29,18.8,21.16,18.8,19.79,1301000,KDH
2021-02-01,19.93,19.98,18.5,18.55,1581100,KDH
2021-02-02,18.19,19.46,17.68,18.96,2290100,KDH
2021-02-03,19.24,20.26,19.03,19.65,1430500,KDH
2021-02-04,19.79,20.42,19.4,20.29,1011500,KDH
2021-02-05,20.29,20.61,20.17,20.33,885900,KDH
2021-02-08,20.48,20.48,18.94,19.24,2232000,KDH
2021-02-09,19.24,19.86,19.12,19.79,1565400,KDH
2021-02-17,20.23,21.11,19.98,20.79,742200,KDH
2021-02-18,20.86,21.41,20.42,21.29,1236800,KDH
2021-02-19,20.79,21.29,20.79,21.05,661100,KDH
2021-02-22,21.11,21.35,20.7,21.05,1228100,KDH
2021-02-23,20.92,21.16,20.67,20.79,1473800,KDH
2021-02-24,20.79,20.97,20.29,20.42,1472000,KDH
2021-02-25,20.42,20.54,19.86,20.12,2183500,KDH
2021-02-26,19.74,19.93,19.55,19.79,2163800,KDH
2021-03-01,19.98,20.17,19.79,20.17,1398800,KDH
2021-03-02,20.48,20.48,20.17,20.36,1354400,KDH
2021-03-03,20.48,20.48,20.26,20.36,1721500,KDH
2021-03-04,20.36,20.45,19.43,19.83,1164500,KDH
2021-03-05,19.68,19.68,19.15,19.52,2104000,KDH
2021-03-08,19.55,19.79,19.15,19.3,2586100,KDH
2021-03-09,19.24,19.27,18.75,19.12,1904700,KDH
2021-03-10,19.15,20.17,18.99,19.68,1965600,KDH
2021-03-11,19.98,19.98,19.3,19.58,1192000,KDH
2021-03-12,19.58,19.68,19.27,19.33,1911700,KDH
2021-03-15,19.37,19.58,19.3,19.46,1416300,KDH
2021-03-16,19.49,19.49,19.18,19.4,1203000,KDH
2021-03-17,19.49,19.74,19.37,19.55,1904400,KDH
2021-03-18,19.68,20.05,19.55,19.98,1755000,KDH
2021-03-19,20.05,20.33,19.79,20.14,2289800,KDH
2021-03-22,20.21,20.21,19.86,19.86,1251800,KDH
2021-03-23,19.86,19.86,19.37,19.49,1387800,KDH
2021-03-24,19.3,19.43,18.94,19.18,1651900,KDH
2021-03-25,19.18,19.27,18.55,19.18,1804200,KDH
2021-03-26,18.99,19.05,18.5,18.62,1308100,KDH
2021-03-29,18.75,18.94,18.65,18.86,779900,KDH
2021-03-30,18.86,19.15,18.8,18.86,1256700,KDH
2021-03-31,18.86,19.03,18.75,18.9,1324500,KDH
2021-04-01,18.94,19.3,18.9,19.24,2047300,KDH
2021-04-02,19.46,19.55,19.37,19.43,1086800,KDH
2021-04-05,19.49,19.58,18.96,19.05,2108200,KDH
2021-04-06,18.94,19.37,18.9,19.22,1620200,KDH
2021-04-07,19.24,19.3,19.05,19.15,1649900,KDH
2021-04-08,19.43,20.17,19.43,19.49,3222500,KDH
2021-04-09,19.86,19.93,19.68,19.77,1600800,KDH
2021-04-12,19.86,20.02,19.74,19.93,1776500,KDH
2021-04-13,19.98,19.98,19.46,19.52,2402600,KDH
2021-04-14,19.49,19.77,19.24,19.68,1345900,KDH
2021-04-15,19.74,19.79,19.24,19.3,3427100,KDH
2021-04-16,19.27,19.62,19.12,19.49,2106100,KDH
2021-04-19,19.62,20.83,19.37,20.54,7732600,KDH
2021-04-20,20.58,21.6,20.58,21.2,5564200,KDH
2021-04-22,21.29,21.54,20.48,20.48,5113700,KDH
2021-04-23,20.48,21.91,20.12,21.91,7512000,KDH
2021-04-26,22.23,22.35,21.35,21.41,3947900,KDH
2021-04-27,21.16,21.96,21.16,21.45,4093800,KDH
2021-04-28,21.35,22.15,21.25,21.63,8048000,KDH
2021-04-29,21.78,22.23,21.69,21.82,11026900,KDH
2021-05-04,21.72,23.31,21.41,22.94,6013700,KDH
2021-05-05,23.03,23.15,22.59,22.68,4372700,KDH
2021-05-06,22.59,23.22,22.5,22.62,4334300,KDH
2021-05-07,22.56,22.72,22.1,22.53,6818700,KDH
2021-05-10,22.47,22.85,22.23,22.62,4548300,KDH
2021-05-11,22.62,23.34,22.47,22.85,5788900,KDH
2021-05-12,22.85,23.05,22.47,23.03,3297900,KDH
2021-05-13,22.96,23.12,22.68,22.77,3389100,KDH
2021-05-14,22.96,23.59,22.75,23.12,4937300,KDH
2021-05-17,23.12,23.22,22.53,22.65,4412900,KDH
2021-05-18,22.41,22.59,22.23,22.35,3940900,KDH
2021-05-19,22.28,22.32,21.72,22.23,5583700,KDH
2021-05-20,22.15,22.94,22.15,22.65,2729000,KDH
2021-05-21,22.72,23.4,22.68,23.22,4509300,KDH
2021-05-24,23.22,23.59,23.22,23.25,4367300,KDH
2021-05-25,23.09,23.31,22.9,23.0,2689600,KDH
2021-05-26,22.9,23.25,22.65,23.03,2885400,KDH
2021-05-27,23.12,24.51,23.03,24.21,8750800,KDH
2021-05-28,24.36,24.36,23.95,24.21,2688400,KDH
2021-05-31,24.17,24.58,23.77,24.49,3991900,KDH
2021-06-01,24.65,24.95,24.21,24.55,4518700,KDH
2021-06-02,24.45,24.84,24.33,24.51,3754500,KDH
2021-06-03,24.45,24.89,24.4,24.7,3257900,KDH
2021-06-04,24.58,24.76,24.15,24.3,4720600,KDH
2021-06-07,24.33,24.58,23.77,24.08,4367100,KDH
2021-06-08,24.08,24.4,23.8,23.93,5436800,KDH
2021-06-09,23.93,24.33,23.59,24.15,3497200,KDH
2021-06-10,24.15,24.51,23.9,24.15,2712800,KDH
2021-06-11,24.52,25.27,24.38,25.14,3920600,KDH
2021-06-14,25.14,25.34,25.1,25.21,2935200,KDH
2021-06-15,24.93,25.27,24.9,25.21,1810400,KDH
2021-06-16,25.0,25.48,24.93,25.21,2246400,KDH
2021-06-17,24.86,25.31,24.73,25.21,1586500,KDH
2021-06-18,25.27,25.88,25.27,25.5,2723300,KDH
2021-06-21,25.41,25.68,25.21,25.5,2181300,KDH
2021-06-22,25.61,25.78,25.41,25.48,1930000,KDH
2021-06-23,25.61,25.61,25.14,25.16,1976000,KDH
2021-06-24,25.1,25.16,24.66,24.73,1771200,KDH
2021-06-25,24.73,25.34,24.66,25.34,2112000,KDH
2021-06-28,25.34,25.44,25.24,25.37,1515900,KDH
2021-06-29,25.37,26.03,25.37,25.61,3357100,KDH
2021-06-30,25.61,26.03,25.55,25.65,2263600,KDH
2021-07-01,25.65,25.82,25.41,25.75,2175700,KDH
2021-07-02,25.75,25.88,25.61,25.68,2099800,KDH
2021-07-05,25.55,25.55,25.14,25.14,1918500,KDH
2021-07-06,25.1,25.44,24.66,24.66,2091200,KDH
2021-07-07,24.59,25.1,23.77,25.06,4087900,KDH
2021-07-08,25.06,25.21,24.52,25.1,2712000,KDH
2021-07-09,25.14,25.31,24.9,25.0,3217600,KDH
2021-07-12,25.0,25.06,23.97,24.73,3714200,KDH
2021-07-13,24.55,24.9,24.49,24.79,1547200,KDH
2021-07-14,24.79,25.34,24.25,25.16,2884200,KDH
2021-07-15,25.21,25.21,24.66,24.84,1480500,KDH
2021-07-16,24.93,25.27,24.84,25.24,1400500,KDH
2021-07-19,25.0,26.98,24.93,25.48,8637800,KDH
2021-07-20,25.61,26.09,25.04,25.21,3284000,KDH
2021-07-21,25.14,25.34,25.0,25.04,1705800,KDH
2021-07-22,24.96,26.77,24.79,26.77,14906700,KDH
2021-07-23,26.81,27.66,26.23,26.23,6386300,KDH
2021-07-26,26.64,27.39,26.25,26.74,6047800,KDH
2021-07-27,26.98,27.23,26.57,26.81,4687300,KDH
2021-07-28,26.64,26.81,26.33,26.47,3765700,KDH
2021-07-29,26.5,27.18,26.09,27.18,5049500,KDH
2021-07-30,27.05,28.28,26.91,27.8,7711700,KDH
2021-08-02,27.66,28.17,27.29,27.53,3901100,KDH
2021-08-03,27.39,28.35,27.35,27.97,4934300,KDH
2021-08-04,27.94,28.24,27.46,27.73,4626700,KDH
2021-08-05,27.63,28.14,27.46,28.0,3501500,KDH
2021-08-06,28.17,28.96,28.06,28.28,5705300,KDH
2021-08-09,28.28,28.93,28.28,28.93,3679000,KDH
2021-08-10,28.96,28.96,28.59,28.62,5592600,KDH
2021-08-11,28.55,28.65,27.25,27.35,9691200,KDH
2021-08-12,27.18,28.05,27.18,27.59,4357800,KDH
2021-08-13,27.56,28.55,27.32,28.55,4242300,KDH
2021-08-16,28.55,28.79,28.35,28.48,3772400,KDH
2021-08-17,28.35,28.35,27.9,28.14,2505500,KDH
2021-08-18,28.0,28.75,27.9,28.35,2857300,KDH
2021-08-19,28.35,28.48,28.11,28.38,2045700,KDH
2021-08-20,28.28,28.59,26.57,26.91,4095500,KDH
2021-08-23,26.64,26.95,25.88,25.95,4191300,KDH
2021-08-24,25.95,26.23,25.61,25.95,2139000,KDH
2021-08-25,25.95,26.23,25.75,26.23,1174600,KDH
2021-08-26,26.3,26.36,25.88,26.05,1860600,KDH
2021-08-27,25.95,26.74,25.88,26.74,2906900,KDH
2021-08-30,26.77,27.25,26.6,26.98,1269900,KDH
2021-08-31,26.98,27.39,26.85,27.15,2709700,KDH
2021-09-01,26.95,27.15,26.71,26.85,1135900,KDH
2021-09-06,27.25,28.24,26.98,27.97,4883300,KDH
2021-09-07,28.11,28.11,27.53,27.73,1888700,KDH
2021-09-08,27.69,27.69,27.23,27.32,1523800,KDH
2021-09-09,27.59,27.86,27.32,27.66,1593100,KDH
2021-09-10,27.8,27.84,27.59,27.69,1703900,KDH
2021-09-13,27.69,28.45,27.69,28.17,5306000,KDH
2021-09-14,28.14,28.31,28.05,28.17,2187800,KDH
2021-09-15,28.11,28.22,27.86,28.14,1497600,KDH
2021-09-16,28.22,29.41,28.22,29.16,6127500,KDH
2021-09-17,29.23,29.37,28.68,28.68,5393700,KDH
2021-09-20,28.68,29.04,28.48,28.82,3503900,KDH
2021-09-21,28.35,28.68,28.0,28.51,2785500,KDH
2021-09-22,28.51,29.34,28.35,28.68,2719700,KDH
2021-09-23,28.68,29.04,28.68,28.68,1713300,KDH
2021-09-24,28.68,28.93,28.51,28.68,2021400,KDH
2021-09-27,28.68,28.75,28.22,28.24,2547500,KDH
2021-09-28,27.86,28.62,27.86,28.41,2359700,KDH
2021-09-29,28.41,28.55,28.11,28.41,960800,KDH
2021-09-30,28.31,28.62,28.31,28.41,965400,KDH
2021-10-01,28.38,28.41,28.22,28.22,930400,KDH
2021-10-04,28.31,28.31,27.9,28.06,1306400,KDH
2021-10-05,28.06,28.38,28.05,28.38,1672300,KDH
2021-10-06,28.55,28.93,28.48,28.68,1838100,KDH
2021-10-07,28.82,29.04,28.72,28.93,3196600,KDH
2021-10-08,28.99,29.92,28.99,29.75,6213400,KDH
2021-10-11,29.78,29.92,29.5,29.81,2157200,KDH
2021-10-12,29.81,30.02,29.44,29.75,2048000,KDH
2021-10-13,29.78,29.92,29.68,29.75,2498600,KDH
2021-10-14,29.78,30.32,29.75,29.92,4336000,KDH
2021-10-15,29.87,30.15,29.81,29.95,2788100,KDH
2021-10-18,29.95,30.6,29.92,30.25,3917300,KDH
2021-10-19,30.46,30.95,30.25,30.43,4009400,KDH
2021-10-20,30.43,30.67,29.71,30.25,2598000,KDH
2021-10-21,30.32,31.07,30.29,30.67,4208600,KDH
2021-10-22,30.74,31.18,30.67,31.12,2578300,KDH
2021-10-25,31.42,32.55,31.22,31.83,4292100,KDH
2021-10-26,31.66,31.83,31.07,31.45,2930500,KDH
2021-10-27,31.76,32.82,31.66,32.78,4492900,KDH
2021-10-28,32.82,34.23,32.72,33.81,4235700,KDH
2021-10-29,33.95,34.84,33.64,34.84,4833500,KDH
2021-11-01,34.15,34.23,33.19,33.47,5908400,KDH
2021-11-02,33.36,34.9,33.26,34.42,3894500,KDH
2021-11-03,34.84,34.84,32.06,32.24,5024500,KDH
2021-11-04,31.96,33.13,31.86,32.41,3271200,KDH
2021-11-05,32.72,33.23,32.48,32.93,2358300,KDH
2021-11-08,32.82,33.05,32.44,32.82,2914200,KDH
2021-11-09,33.05,33.54,32.78,33.05,3453100,KDH
2021-11-10,33.1,33.26,32.72,32.99,2941900,KDH
2021-11-11,33.13,34.35,33.13,34.01,6171300,KDH
2021-11-12,34.01,34.29,33.4,33.81,2167600,KDH
2021-11-15,34.15,34.15,33.57,33.68,2758400,KDH
2021-11-16,33.13,33.54,32.37,32.95,2812600,KDH
2021-11-17,32.78,33.13,32.72,32.99,1030200,KDH
2021-11-18,32.93,33.05,32.51,32.51,2089100,KDH
2021-11-19,32.55,32.65,31.01,31.35,3664400,KDH
2021-11-22,31.22,31.76,29.37,29.37,2618700,KDH
2021-11-23,29.37,31.07,29.37,31.07,1269600,KDH
2021-11-24,31.14,32.04,30.95,32.04,1461200,KDH
2021-11-25,32.11,32.31,31.89,31.89,1595000,KDH
2021-11-26,32.04,32.04,31.59,31.66,1389800,KDH
2021-11-29,31.07,31.62,30.74,31.22,1374300,KDH
2021-11-30,31.38,31.96,31.35,31.73,1589300,KDH
2021-12-01,31.76,31.76,31.38,31.42,1075200,KDH
2021-12-02,31.69,32.04,31.38,31.62,1353100,KDH
2021-12-03,31.76,32.0,31.45,31.45,1304400,KDH
2021-12-06,31.42,31.52,29.37,29.57,1075700,KDH
2021-12-07,29.75,31.01,29.75,30.95,1108700,KDH
2021-12-08,30.95,31.38,30.86,31.28,989100,KDH
2021-12-09,31.28,32.88,31.22,32.85,2830800,KDH
2021-12-10,32.82,33.26,32.48,32.65,1759600,KDH
2021-12-13,33.26,34.15,32.82,33.87,2491100,KDH
2021-12-14,33.85,34.01,33.05,33.13,1928400,KDH
2021-12-15,33.19,33.47,32.82,32.93,1405200,KDH
2021-12-16,32.82,33.33,32.82,33.05,1208700,KDH
2021-12-17,33.33,34.56,33.13,34.42,6014600,KDH
2021-12-20,34.5,34.5,33.57,34.15,1745700,KDH
2021-12-21,34.01,34.63,33.68,34.29,1767600,KDH
2021-12-22,33.95,36.33,33.95,35.32,4010100,KDH
2021-12-23,35.51,36.26,34.9,35.32,4170800,KDH
2021-12-24,35.51,35.79,34.5,34.84,1106700,KDH
2021-12-27,34.84,36.33,34.23,36.2,3508500,KDH
2021-12-28,36.26,36.68,35.51,35.86,1635800,KDH
2021-12-29,35.93,37.43,35.93,36.2,4299500,KDH
2021-12-30,36.55,36.61,35.51,35.58,2210000,KDH
2021-12-31,35.79,35.79,34.84,34.84,1812500,KDH
2022-01-04,35.38,37.15,35.17,37.15,3045800,KDH
2022-01-05,37.3,39.27,36.88,38.05,3718200,KDH
2022-01-06,38.12,39.0,37.36,38.8,3195500,KDH
2022-01-07,38.94,38.94,38.05,38.65,2063600,KDH
2022-01-10,38.25,38.45,36.61,36.95,2656000,KDH
2022-01-11,36.88,37.5,36.2,36.2,3459900,KDH
2022-01-12,35.11,36.88,34.56,36.68,4388900,KDH
2022-01-13,37.02,37.36,35.99,36.55,3651300,KDH
2022-01-14,36.2,36.95,35.79,36.55,1200300,KDH
2022-01-17,36.26,36.55,34.01,34.01,2508100,KDH
2022-01-18,33.54,34.84,33.54,34.5,1918100,KDH
2022-01-19,34.23,35.45,34.23,35.45,1145400,KDH
2022-01-20,35.51,35.86,34.97,35.32,1078000,KDH
2022-01-21,35.58,35.58,34.35,34.69,1540200,KDH
2022-01-24,34.9,34.9,33.47,33.54,1344000,KDH
2022-01-25,33.19,34.35,32.51,34.08,1688500,KDH
2022-01-26,34.42,34.84,33.95,34.42,1357000,KDH
2022-01-27,34.15,34.9,34.15,34.23,587300,KDH
2022-01-28,34.15,34.69,33.95,34.15,767200,KDH
2022-02-07,34.69,34.84,34.35,34.56,641400,KDH
2022-02-08,34.63,34.69,34.29,34.42,749500,KDH
2022-02-09,34.56,36.55,34.42,36.26,2094400,KDH
2022-02-10,36.2,36.55,35.58,36.06,1182100,KDH
2022-02-11,36.06,36.2,35.73,36.06,694600,KDH
2022-02-14,35.86,36.14,35.25,35.99,1148000,KDH
2022-02-15,35.93,36.61,35.79,36.55,1621100,KDH
2022-02-16,36.75,36.95,36.48,36.75,776000,KDH
2022-02-17,36.82,37.5,36.41,37.5,2016000,KDH
2022-02-18,37.15,37.43,36.88,36.88,939600,KDH
2022-02-21,36.88,37.43,36.88,37.02,789600,KDH
2022-02-22,36.75,37.02,35.65,36.82,1597200,KDH
2022-02-23,36.82,37.36,36.48,36.95,1019700,KDH
2022-02-24,36.95,36.95,35.17,36.06,1949900,KDH
2022-02-25,36.2,36.75,36.2,36.41,790700,KDH
2022-02-28,36.41,36.68,35.93,36.14,629500,KDH
2022-03-01,36.2,37.08,35.99,36.95,1999200,KDH
2022-03-02,37.02,37.36,36.68,36.68,1369300,KDH
2022-03-03,37.08,37.43,36.75,37.3,1261000,KDH
2022-03-04,37.5,37.84,37.15,37.3,1601600,KDH
2022-03-07,36.88,37.08,36.14,36.75,1348300,KDH
2022-03-08,36.2,36.48,35.58,35.58,1741700,KDH
2022-03-09,35.32,35.86,34.63,34.97,1402500,KDH
2022-03-10,35.25,35.65,35.17,35.17,635900,KDH
2022-03-11,35.11,35.25,34.69,34.84,1354700,KDH
2022-03-14,34.76,34.97,33.6,34.29,1213700,KDH
2022-03-15,34.76,34.76,33.81,34.15,1005200,KDH
2022-03-16,34.35,34.84,34.12,34.56,701100,KDH
2022-03-17,34.76,35.73,34.5,35.11,1101700,KDH
2022-03-18,35.25,35.58,34.84,34.84,1361100,KDH
2022-03-21,35.25,36.41,35.05,36.41,2032200,KDH
2022-03-22,36.48,36.75,36.06,36.06,1390400,KDH
2022-03-23,36.26,36.75,35.86,36.2,1330500,KDH
2022-03-24,36.2,36.61,35.99,36.26,832700,KDH
2022-03-25,36.48,36.82,36.26,36.41,1108300,KDH
2022-03-28,35.93,36.55,35.86,36.14,1267100,KDH
2022-03-29,36.14,36.61,35.99,36.48,1327800,KDH
2022-03-30,36.14,36.55,35.51,35.93,1206900,KDH
2022-03-31,35.93,36.41,35.93,36.06,795500,KDH
2022-04-01,35.79,36.68,35.17,36.61,1640000,KDH
2022-04-04,36.68,36.68,35.99,36.06,1086000,KDH
2022-04-05,36.06,36.06,35.25,35.51,1521900,KDH
2022-04-06,35.25,35.51,34.69,34.84,1921900,KDH
2022-04-07,35.05,35.25,34.84,34.9,611400,KDH
2022-04-08,35.11,35.17,34.69,34.76,1043700,KDH
2022-04-12,34.76,34.9,34.23,34.23,706700,KDH
2022-04-13,34.15,34.76,34.15,34.56,904400,KDH
2022-04-14,34.56,34.63,34.01,34.23,1010400,KDH
2022-04-15,34.35,34.35,33.75,33.81,1029900,KDH
2022-04-18,33.75,33.98,33.4,33.68,1182300,KDH
2022-04-19,33.95,34.97,33.87,34.23,1329700,KDH
2022-04-20,34.76,34.76,34.08,34.08,1206300,KDH
2022-04-21,33.85,34.42,32.44,32.78,1656300,KDH
2022-04-22,32.44,33.85,32.44,33.47,2084000,KDH
2022-04-25,33.4,33.81,31.22,31.42,1041600,KDH
2022-04-26,30.86,32.17,30.6,32.06,1513300,KDH
2022-04-27,31.38,32.51,31.07,32.11,976500,KDH
2022-04-28,32.11,32.17,31.89,32.11,532800,KDH
2022-04-29,32.11,32.85,31.76,32.72,1808500,KDH
2022-05-04,32.24,32.37,31.76,31.76,420000,KDH
2022-05-05,31.89,31.89,30.43,31.49,788200,KDH
2022-05-06,31.22,31.49,30.6,31.49,1285100,KDH
2022-05-09,31.07,31.28,29.3,29.3,1264000,KDH
2022-05-10,29.16,29.64,28.35,29.64,1439400,KDH
2022-05-11,29.64,29.95,28.96,29.78,1603700,KDH
2022-05-12,29.44,29.71,28.48,28.86,951900,KDH
2022-05-13,28.86,28.86,26.85,26.85,1506300,KDH
2022-05-16,27.12,27.39,26.15,26.85,1057400,KDH
2022-05-17,26.85,28.62,26.43,28.48,1143400,KDH
2022-05-18,28.48,28.55,28.05,28.35,1273400,KDH
2022-05-19,28.0,28.48,27.8,28.35,973200,KDH
2022-05-20,28.35,28.48,28.11,28.28,1235300,KDH
2022-05-23,28.48,28.48,27.39,27.94,529100,KDH
2022-05-24,27.86,27.94,26.57,27.39,723100,KDH
2022-05-25,27.39,28.0,27.35,27.94,1516700,KDH
2022-05-26,28.28,28.62,28.0,28.31,836200,KDH
2022-05-27,28.35,29.23,28.35,29.05,1442300,KDH
2022-05-30,29.05,29.1,28.55,28.96,971800,KDH
2022-05-31,28.93,28.93,28.41,28.72,732000,KDH
2022-06-01,28.62,28.88,28.41,28.68,819300,KDH
2022-06-02,28.65,28.65,27.8,28.0,745800,KDH
2022-06-03,27.94,27.94,27.53,27.86,644000,KDH
2022-06-06,27.86,27.94,27.32,27.76,631700,KDH
2022-06-07,27.39,27.59,27.25,27.59,652900,KDH
2022-06-08,27.59,28.68,27.59,28.22,825000,KDH
2022-06-09,28.22,28.35,27.73,28.05,878200,KDH
2022-06-10,27.97,28.35,27.86,27.97,629400,KDH
2022-06-13,27.59,27.8,27.25,27.25,792700,KDH
2022-06-14,27.39,27.39,26.6,26.64,1225100,KDH
2022-06-15,26.57,26.64,25.48,26.03,1117100,KDH
2022-06-16,25.99,26.91,25.99,26.71,638600,KDH
2022-06-17,26.23,26.85,25.55,26.64,836900,KDH
2022-06-20,26.57,26.77,25.95,26.33,1020200,KDH
2022-06-21,26.3,26.64,26.03,26.41,824100,KDH
2022-06-22,26.3,26.6,25.95,26.3,656400,KDH
2022-06-23,26.23,26.3,25.95,26.03,471500,KDH
2022-06-24,25.88,26.43,25.88,26.25,645400,KDH
2022-06-27,26.23,26.77,26.23,26.67,879300,KDH
2022-06-28,26.77,27.12,26.71,26.81,712200,KDH
2022-06-29,26.71,27.05,26.64,26.85,626400,KDH
2022-06-30,26.77,26.91,26.57,26.57,514300,KDH
2022-07-01,26.57,26.98,25.95,26.54,830400,KDH
2022-07-04,26.97,27.01,26.75,26.9,432600,KDH
2022-07-05,26.9,27.05,26.45,26.45,536000,KDH
2022-07-06,26.23,26.67,25.92,26.33,1045000,KDH
2022-07-07,26.3,26.75,26.23,26.75,828700,KDH
2022-07-08,26.78,27.57,26.71,27.08,1076200,KDH
2022-07-11,27.05,27.2,26.3,26.3,734900,KDH
2022-07-12,26.33,26.75,26.3,26.75,615700,KDH
2022-07-13,26.75,26.78,26.49,26.56,670700,KDH
2022-07-14,26.52,27.65,26.3,27.65,1659300,KDH
2022-07-15,27.8,28.05,27.27,27.32,724100,KDH
2022-07-18,27.35,27.35,27.08,27.2,515300,KDH
2022-07-19,27.2,27.2,26.78,27.05,673700,KDH
2022-07-20,27.27,27.65,27.15,27.57,871200,KDH
2022-07-21,27.57,27.87,27.27,27.76,967100,KDH
2022-07-22,27.65,27.73,27.35,27.42,637800,KDH
2022-07-25,27.27,27.68,27.27,27.27,530000,KDH
2022-07-26,27.27,27.87,27.23,27.84,1158500,KDH
2022-07-27,27.76,28.25,27.68,28.03,649500,KDH
2022-07-28,28.03,28.7,27.98,28.55,692800,KDH
2022-07-29,28.66,29.0,28.14,28.17,959300,KDH
2022-08-01,28.25,29.15,28.17,28.93,763300,KDH
2022-08-02,28.85,29.15,28.47,29.15,1025700,KDH
2022-08-03,28.7,29.26,28.7,29.26,933000,KDH
2022-08-04,29.26,29.38,29.05,29.3,980100,KDH
2022-08-05,29.23,29.23,28.88,29.07,635500,KDH
2022-08-08,29.07,29.3,28.7,29.0,657100,KDH
2022-08-09,29.0,29.05,28.77,28.81,733100,KDH
2022-08-10,28.85,29.19,28.77,29.12,740600,KDH
2022-08-11,29.3,29.45,29.23,29.3,853100,KDH
2022-08-12,29.15,29.26,29.0,29.15,714700,KDH
2022-08-15,29.19,29.23,29.0,29.15,1005200,KDH
2022-08-16,29.15,29.53,29.05,29.19,699600,KDH
2022-08-17,29.23,29.53,29.19,29.53,1150500,KDH
2022-08-18,29.53,29.79,29.49,29.53,1082900,KDH
2022-08-19,29.53,29.6,28.93,29.07,790200,KDH
2022-08-22,29.0,29.0,28.32,28.32,946500,KDH
2022-08-23,28.17,28.32,27.76,28.32,1371400,KDH
2022-08-24,28.4,28.55,28.25,28.36,1025600,KDH
2022-08-25,28.36,28.77,28.36,28.7,660700,KDH
2022-08-26,28.51,28.96,28.51,28.81,676700,KDH
2022-08-29,28.55,28.59,28.1,28.25,996400,KDH
2022-08-30,28.25,28.59,28.25,28.32,606400,KDH
2022-08-31,28.32,28.36,27.8,27.8,1026700,KDH
2022-09-05,27.91,28.14,27.5,27.65,927700,KDH
2022-09-06,27.65,27.8,27.08,27.2,1503400,KDH
2022-09-07,27.2,27.27,26.49,26.52,1257400,KDH
2022-09-08,26.67,26.82,26.52,26.67,652700,KDH
2022-09-09,26.67,26.71,26.56,26.67,962100,KDH
2022-09-12,26.75,26.97,26.75,26.9,735000,KDH
2022-09-13,26.97,27.05,26.78,26.9,968600,KDH
2022-09-14,26.59,26.94,26.59,26.82,869500,KDH
2022-09-15,26.82,26.9,26.37,26.67,758800,KDH
2022-09-16,26.71,26.71,25.47,25.47,4361400,KDH
2022-09-19,25.55,25.92,25.05,25.28,1230200,KDH
2022-09-20,25.32,25.43,24.72,25.09,1023200,KDH
2022-09-21,25.05,25.05,23.55,23.63,1688500,KDH
2022-09-22,23.48,23.93,22.68,23.63,4042900,KDH
2022-09-23,23.96,24.08,23.14,23.51,2782300,KDH
2022-09-26,23.06,23.06,21.9,22.24,6888200,KDH
2022-09-27,22.46,22.46,21.07,22.09,3045500,KDH
2022-09-28,22.02,22.73,21.64,22.09,1665500,KDH
2022-09-29,22.54,23.18,21.75,21.75,3953500,KDH
2022-09-30,21.6,21.97,20.25,21.07,4391200,KDH
2022-10-03,20.66,21.04,19.61,19.61,3851100,KDH
2022-10-04,19.54,20.29,19.38,19.65,3042100,KDH
2022-10-05,20.25,20.95,20.05,20.66,2711700,KDH
2022-10-06,20.66,20.66,19.31,19.72,2310200,KDH
2022-10-07,18.78,19.38,18.37,18.78,3114300,KDH
2022-10-10,18.55,19.91,18.55,19.46,2539100,KDH
2022-10-11,19.61,19.61,18.11,18.33,2265900,KDH
2022-10-12,18.55,19.61,18.33,19.61,2143600,KDH
2022-10-13,19.61,19.98,19.54,19.91,1449100,KDH
2022-10-14,20.29,20.32,19.57,19.91,2591300,KDH
2022-10-17,19.79,19.79,18.75,19.23,1980300,KDH
2022-10-18,19.42,20.14,19.38,19.76,1556000,KDH
2022-10-19,19.72,19.84,19.15,19.42,1010700,KDH
2022-10-20,19.38,19.42,18.86,19.15,1389400,KDH
2022-10-21,19.08,19.15,17.85,17.92,3271800,KDH
2022-10-24,17.92,18.11,16.68,16.68,1223700,KDH
2022-10-25,16.38,16.9,15.51,15.77,3442700,KDH
2022-10-26,15.85,16.86,15.85,16.31,2967900,KDH
2022-10-27,16.6,17.43,16.53,17.28,1666000,KDH
2022-10-28,17.58,17.88,17.21,17.28,1681000,KDH
2022-10-31,17.28,17.28,16.34,17.05,1503000,KDH
2022-11-01,17.21,17.58,16.75,17.14,1567500,KDH
2022-11-02,17.14,17.4,16.83,17.28,1554300,KDH
2022-11-03,17.14,17.32,17.05,17.32,1194200,KDH
2022-11-04,17.16,17.16,16.12,16.12,2120300,KDH
2022-11-07,15.44,15.55,14.99,14.99,1865300,KDH
2022-11-08,14.2,15.93,14.05,15.25,2206800,KDH
2022-11-09,15.17,15.75,15.1,15.25,2203500,KDH
2022-11-10,14.24,14.8,14.2,14.27,1751200,KDH
2022-11-11,14.42,15.25,14.42,15.17,3558000,KDH
2022-11-14,15.14,15.55,14.87,15.25,2813200,KDH
2022-11-15,15.25,15.29,14.35,14.58,2099200,KDH
2022-11-16,14.2,15.59,13.56,15.22,3950700,KDH
2022-11-17,15.36,16.23,15.22,16.19,6040300,KDH
2022-11-18,16.23,16.83,16.15,16.6,4560900,KDH
2022-11-21,16.9,16.98,16.49,16.83,2963200,KDH
2022-11-22,16.83,17.73,16.53,16.86,4370700,KDH
2022-11-23,16.75,16.86,16.15,16.41,2312500,KDH
2022-11-24,16.26,16.6,15.29,15.77,3817700,KDH
2022-11-25,16.15,16.86,16.12,16.86,4957400,KDH
2022-11-28,17.24,18.04,17.16,18.04,5668100,KDH
2022-11-29,18.55,19.27,18.41,19.27,8516200,KDH
2022-11-30,19.68,20.59,19.15,20.59,2715400,KDH
2022-12-01,21.95,22.02,19.68,20.44,6110400,KDH
2022-12-02,20.44,21.86,20.14,21.86,2560000,KDH
2022-12-05,22.92,23.36,22.32,23.36,3500900,KDH
2022-12-06,22.95,23.25,22.2,22.2,3309000,KDH
2022-12-07,22.2,23.22,21.95,22.46,3292600,KDH
2022-12-08,22.39,22.87,21.71,22.77,4646300,KDH
2022-12-09,22.68,22.68,21.95,22.58,2462800,KDH
2022-12-12,22.54,22.54,21.0,21.0,3708400,KDH
2022-12-13,20.59,21.0,19.54,20.95,2343600,KDH
2022-12-14,21.64,21.64,20.74,21.04,1397600,KDH
2022-12-15,21.0,21.37,20.85,21.19,1051900,KDH
2022-12-16,21.12,22.02,20.66,20.66,4008400,KDH
2022-12-19,20.66,20.66,20.05,20.05,2347000,KDH
2022-12-20,20.05,20.51,18.71,19.38,1975200,KDH
2022-12-21,19.42,19.54,18.59,18.86,1299700,KDH
2022-12-22,19.01,20.17,18.94,20.17,1514900,KDH
2022-12-23,20.29,20.29,19.61,19.72,1106400,KDH
2022-12-26,19.68,19.76,18.52,18.52,1389700,KDH
2022-12-27,18.86,19.31,18.82,19.27,356200,KDH
2022-12-27,19.27,19.79,19.27,19.79,1083300,KDH
2022-12-28,20.17,21.0,19.79,20.32,1123200,KDH
2022-12-29,20.36,21.15,20.05,21.0,1415400,KDH
2022-12-30,21.26,21.26,19.91,19.91,784000,KDH
2023-01-03,20.21,21.19,19.98,21.04,1783300,KDH
2023-01-04,21.19,21.19,20.7,20.93,1528300,KDH
2023-01-05,20.93,21.07,20.77,20.81,1108500,KDH
2023-01-06,20.95,21.45,20.81,20.88,3116700,KDH
2023-01-09,20.93,21.41,20.93,21.0,2627400,KDH
2023-01-10,21.04,21.12,20.66,20.95,1522900,KDH
2023-01-11,21.04,21.3,21.0,21.12,1262300,KDH
2023-01-12,21.19,21.26,20.14,20.14,1935200,KDH
2023-01-13,20.36,20.51,19.38,19.68,1532600,KDH
2023-01-16,19.68,19.95,19.68,19.79,1044800,KDH
2023-01-17,19.84,20.17,19.72,20.14,882200,KDH
2023-01-18,20.14,20.95,20.05,20.88,817600,KDH
2023-01-19,20.85,21.04,20.74,20.74,1443900,KDH
2023-01-27,20.77,21.12,20.62,20.77,1104400,KDH
2023-01-30,20.77,21.41,20.51,20.85,1299300,KDH
2023-01-31,20.85,21.15,20.85,21.04,2429000,KDH
2023-02-01,21.41,21.49,19.57,19.91,2835300,KDH
2023-02-02,19.95,20.59,19.91,19.98,1347700,KDH
2023-02-03,20.14,20.29,19.87,20.25,2075200,KDH
2023-02-06,20.21,20.59,20.05,20.55,1615200,KDH
2023-02-07,20.66,21.12,20.44,20.44,1773200,KDH
2023-02-08,20.44,20.47,20.05,20.29,1501200,KDH
2023-02-09,20.29,20.4,20.21,20.25,1181900,KDH
2023-02-10,20.32,20.93,20.32,20.66,3018300,KDH
2023-02-13,20.59,20.66,19.35,19.54,2904600,KDH
2023-02-14,19.95,20.21,19.68,19.98,1101800,KDH
2023-02-15,19.98,20.7,19.98,20.66,1757300,KDH
2023-02-16,20.7,20.88,20.44,20.88,1161200,KDH
2023-02-17,20.95,21.56,20.88,20.88,1838900,KDH
2023-02-20,20.95,21.26,20.93,21.26,2333900,KDH
2023-02-21,21.41,21.64,21.07,21.12,2003100,KDH
2023-02-22,21.04,21.04,20.14,20.14,1595600,KDH
2023-02-23,20.17,20.4,19.35,20.03,1852300,KDH
2023-02-24,20.03,20.21,19.31,19.54,1058000,KDH
2023-02-27,19.23,19.46,18.86,19.13,1126400,KDH
2023-02-28,19.31,19.38,18.48,19.13,943200,KDH
2023-03-01,18.94,18.94,18.37,18.52,3048800,KDH
2023-03-02,18.55,19.13,18.55,18.71,770300,KDH
2023-03-03,18.78,19.01,18.04,18.3,1095100,KDH
2023-03-06,18.89,19.46,18.48,19.46,2049600,KDH
2023-03-07,19.46,19.57,19.35,19.38,691300,KDH
2023-03-08,19.23,19.46,18.04,19.46,654600,KDH
2023-03-09,19.46,19.76,19.38,19.54,1322800,KDH
2023-03-10,19.42,20.03,19.42,19.91,763800,KDH
2023-03-13,19.76,20.21,19.46,19.91,1012200,KDH
2023-03-14,19.91,19.98,19.08,19.38,819000,KDH
2023-03-15,19.84,20.14,18.96,19.95,662000,KDH
2023-03-16,19.95,19.95,19.61,19.72,439900,KDH
2023-03-17,19.84,20.1,19.72,20.1,1340900,KDH
2023-03-20,19.84,19.91,18.75,19.35,870500,KDH
2023-03-21,19.54,19.68,19.01,19.68,1173400,KDH
2023-03-22,19.76,19.91,19.5,19.84,1026000,KDH
2023-03-23,19.54,19.76,19.54,19.54,676200,KDH
2023-03-24,19.65,20.05,19.61,20.03,1048100,KDH
2023-03-27,20.03,20.17,19.91,19.98,843600,KDH
2023-03-28,20.29,20.66,19.91,19.91,1117500,KDH
2023-03-29,20.4,20.44,20.1,20.29,601900,KDH
2023-03-30,20.44,20.44,20.29,20.32,334600,KDH
2023-03-31,20.29,20.88,20.29,20.85,1212500,KDH
2023-04-03,21.04,21.78,20.88,21.78,2216700,KDH
2023-04-04,22.16,22.16,21.56,21.86,1313200,KDH
2023-04-05,21.83,22.16,21.68,21.86,1326800,KDH
2023-04-06,21.86,21.86,21.04,21.34,2476800,KDH
2023-04-07,21.19,21.56,21.0,21.07,2451200,KDH
2023-04-10,21.41,21.71,21.04,21.26,3425800,KDH
2023-04-11,21.3,21.41,21.0,21.41,638400,KDH
2023-04-12,21.49,22.58,21.41,22.43,3512800,KDH
2023-04-13,22.43,22.46,21.9,22.43,1390400,KDH
2023-04-14,22.24,22.35,21.41,21.78,1326400,KDH
2023-04-17,21.49,21.95,21.41,21.86,856100,KDH
2023-04-18,21.95,21.95,21.49,21.78,687200,KDH
2023-04-19,21.86,21.86,21.37,21.37,721000,KDH
2023-04-20,21.26,21.45,21.26,21.34,564700,KDH
2023-04-21,21.37,21.49,21.07,21.3,815900,KDH
2023-04-24,21.34,21.41,20.81,21.23,912300,KDH
2023-04-25,21.26,21.64,21.23,21.26,1062200,KDH
2023-04-26,21.3,21.3,20.74,21.12,1221900,KDH
2023-04-27,21.3,21.71,21.26,21.64,1809100,KDH
2023-04-28,21.71,22.27,21.6,22.2,1306500,KDH
2023-05-04,22.39,23.06,22.32,22.8,2973500,KDH
2023-05-05,22.68,22.73,22.46,22.65,960100,KDH
2023-05-08,22.68,22.8,22.43,22.54,1531800,KDH
2023-05-09,22.5,22.5,22.09,22.13,700900,KDH
2023-05-10,22.2,22.5,22.16,22.35,1643200,KDH
2023-05-11,22.39,22.65,22.39,22.54,1375200,KDH
2023-05-12,22.5,22.85,22.39,22.77,1873400,KDH
2023-05-15,22.85,22.85,22.32,22.32,1377400,KDH
2023-05-16,22.39,22.43,21.95,22.05,1523800,KDH
2023-05-17,22.13,22.13,21.37,21.45,1744700,KDH
2023-05-18,21.45,22.16,21.45,22.16,2196600,KDH
2023-05-19,22.02,22.24,21.83,22.2,1056400,KDH
2023-05-22,22.13,22.2,21.95,22.2,1123700,KDH
2023-05-23,22.24,22.24,21.86,21.86,1613900,KDH
2023-05-24,22.02,22.02,21.83,21.97,1677200,KDH
2023-05-25,21.95,22.09,21.75,22.09,1800600,KDH
2023-05-26,22.16,22.65,22.16,22.39,3206700,KDH
2023-05-29,22.54,22.58,22.43,22.5,1419800,KDH
2023-05-30,22.54,22.95,22.46,22.61,2561500,KDH
2023-05-31,22.61,22.68,22.27,22.32,1441600,KDH
2023-06-01,22.32,22.39,21.95,22.09,1601000,KDH
2023-06-02,22.16,22.24,21.95,22.09,2183900,KDH
2023-06-05,22.16,22.5,22.05,22.43,2217400,KDH
2023-06-06,22.43,22.46,22.27,22.39,2119400,KDH
2023-06-07,22.39,22.95,22.39,22.87,4710300,KDH
2023-06-08,22.92,23.51,22.85,22.85,3587500,KDH
2023-06-09,22.8,22.99,22.46,22.87,2561600,KDH
2023-06-12,22.92,22.95,22.2,22.95,2875700,KDH
2023-06-13,22.92,23.06,22.61,23.03,2938800,KDH
2023-06-14,23.03,23.33,22.99,23.18,3646600,KDH
2023-06-15,23.03,23.14,22.95,23.03,2168000,KDH
2023-06-16,23.06,23.22,22.85,23.06,3320600,KDH
2023-06-19,23.03,23.06,22.61,22.85,1802200,KDH
2023-06-20,22.68,23.06,22.68,22.99,1736700,KDH
2023-06-21,22.99,23.18,22.92,22.99,2169700,KDH
2023-06-22,23.03,24.08,22.99,23.55,4820400,KDH
2023-06-23,23.7,23.85,23.59,23.77,2143900,KDH
2023-06-26,23.67,23.77,23.29,23.63,2872400,KDH
2023-06-27,23.67,23.82,23.36,23.67,1606400,KDH
2023-06-28,23.7,23.77,23.44,23.63,1502800,KDH
2023-06-29,23.36,23.63,22.99,23.1,1836500,KDH
2023-06-30,23.14,23.14,22.65,23.14,1399300,KDH
2023-07-03,23.03,23.06,22.77,22.85,812600,KDH
2023-07-04,22.77,22.87,22.73,22.85,1069700,KDH
2023-07-05,22.85,23.29,22.8,23.1,1709100,KDH
2023-07-06,23.1,23.1,22.61,22.68,1202900,KDH
2023-07-07,22.68,22.77,22.32,22.68,1525500,KDH
2023-07-10,22.77,23.03,22.65,22.77,2044900,KDH
2023-07-11,22.85,22.95,22.77,22.85,1824100,KDH
2023-07-12,22.87,23.14,22.87,22.95,1416600,KDH
2023-07-13,23.06,23.89,22.99,23.82,3155100,KDH
2023-07-14,23.96,23.96,23.29,23.67,1931500,KDH
2023-07-17,23.82,24.72,23.82,24.42,4448500,KDH
2023-07-18,24.19,24.86,24.12,24.45,2144500,KDH
2023-07-19,24.6,24.6,24.08,24.19,2405200,KDH
2023-07-20,24.05,24.31,23.77,24.12,1768500,KDH
2023-07-21,24.08,24.68,24.08,24.68,2161000,KDH
2023-07-24,24.72,25.81,24.72,25.74,3741400,KDH
2023-07-25,24.84,25.85,24.84,25.66,2059500,KDH
2023-07-26,25.5,26.3,25.4,26.3,3039100,KDH
2023-07-27,26.25,26.82,26.15,26.67,3221600,KDH
2023-07-28,26.75,28.51,26.67,27.61,3407400,KDH
2023-07-31,27.61,28.17,26.94,28.17,2846900,KDH
2023-08-01,28.1,28.1,26.97,26.97,1416300,KDH
2023-08-02,26.97,27.32,26.56,26.9,1788400,KDH
2023-08-03,26.9,27.01,26.49,26.49,2131100,KDH
2023-08-04,26.71,27.13,26.52,27.05,2650500,KDH
2023-08-07,27.13,27.73,26.78,27.05,2379300,KDH
2023-08-08,26.9,27.05,26.41,26.49,2256100,KDH
2023-08-09,26.59,26.71,26.45,26.67,1934800,KDH
2023-08-10,26.67,26.86,26.23,26.23,1876300,KDH
2023-08-11,26.33,27.57,26.18,27.39,3355400,KDH
2023-08-14,27.32,27.73,27.32,27.42,1738400,KDH
2023-08-15,27.68,27.68,27.01,27.05,1263500,KDH
2023-08-16,27.05,27.08,26.56,26.71,1511200,KDH
2023-08-17,27.01,27.01,26.3,26.67,2268100,KDH
2023-08-18,26.3,26.45,24.84,24.91,3578300,KDH
2023-08-21,24.68,25.88,24.57,25.5,1989100,KDH
2023-08-22,25.55,25.69,24.95,25.58,927300,KDH
2023-08-23,25.85,25.92,24.65,25.16,2000600,KDH
2023-08-24,25.16,26.52,25.16,25.92,1782700,KDH
2023-08-25,25.92,26.3,25.81,25.95,1291300,KDH
2023-08-28,26.23,26.67,26.04,26.67,1332400,KDH
2023-08-29,26.75,27.05,26.49,26.67,1589900,KDH
2023-08-30,26.71,27.05,26.67,26.94,1205600,KDH
2023-08-31,27.13,27.8,27.13,27.8,2198900,KDH
2023-09-05,27.8,27.8,27.05,27.27,2597200,KDH
2023-09-06,27.23,27.8,26.97,27.39,1032500,KDH
2023-09-07,27.5,27.84,27.32,27.39,2214400,KDH
2023-09-08,27.42,27.42,27.13,27.2,2145700,KDH
2023-09-11,27.35,27.42,26.15,26.15,1881100,KDH
2023-09-12,26.15,26.67,26.11,26.45,1891900,KDH
2023-09-13,26.75,27.2,26.45,26.52,1995300,KDH
2023-09-14,26.52,26.59,25.85,25.99,903200,KDH
2023-09-15,26.23,26.45,25.99,25.99,1172700,KDH
2023-09-18,26.07,26.18,25.81,25.92,892500,KDH
2023-09-19,25.99,26.07,25.35,25.55,941900,KDH
2023-09-20,25.69,26.67,25.55,26.67,1655900,KDH
2023-09-21,26.67,26.75,26.07,26.15,947900,KDH
2023-09-22,25.77,25.92,24.65,24.79,1827900,KDH
2023-09-25,24.79,25.14,23.14,23.67,1957800,KDH
2023-09-26,23.67,24.05,23.36,23.67,1304600,KDH
2023-09-27,23.67,24.34,23.55,24.34,994400,KDH
2023-09-28,24.12,24.79,23.67,24.6,1073900,KDH
2023-09-29,24.6,24.84,24.53,24.53,652400,KDH
2023-10-02,24.57,24.6,24.23,24.42,450400,KDH
2023-10-03,24.5,24.79,23.55,23.72,999700,KDH
2023-10-04,23.31,24.05,23.31,23.96,600500,KDH
2023-10-05,23.96,24.05,23.31,23.47,893600,KDH
2023-10-06,23.43,24.38,22.48,24.38,1901700,KDH
2023-10-09,23.96,24.38,23.59,24.38,1348100,KDH
2023-10-10,24.55,24.71,23.96,24.3,1246600,KDH
2023-10-11,24.01,24.25,23.72,24.14,1145000,KDH
2023-10-12,24.34,24.79,24.14,24.75,1543000,KDH
2023-10-13,24.79,26.45,24.71,26.45,3063300,KDH
2023-10-16,26.45,26.45,25.95,26.2,1182500,KDH
2023-10-17,26.41,26.41,24.46,24.46,2211900,KDH
2023-10-18,24.63,24.63,23.14,24.14,1236300,KDH
2023-10-19,24.14,24.22,23.55,24.09,1040600,KDH
2023-10-20,23.96,24.95,23.55,24.95,1213500,KDH
2023-10-23,24.79,25.16,24.55,24.92,1015500,KDH
2023-10-24,24.92,25.45,24.63,25.29,784500,KDH
2023-10-25,25.29,25.54,24.95,25.0,787800,KDH
2023-10-26,24.38,24.71,23.59,24.63,1342600,KDH
2023-10-27,24.79,24.79,23.96,24.46,1664400,KDH
2023-10-30,24.3,24.3,23.64,23.64,1027500,KDH
2023-10-31,23.64,23.8,23.18,23.64,1493100,KDH
2023-11-01,23.64,23.64,22.48,23.64,905400,KDH
2023-11-02,23.88,25.05,23.47,24.79,1435600,KDH
2023-11-03,24.79,24.79,24.14,24.14,1536200,KDH
2023-11-06,24.63,24.63,24.25,24.59,1281900,KDH
2023-11-07,24.38,24.59,24.05,24.22,822900,KDH
2023-11-08,24.25,25.75,24.22,25.66,1612500,KDH
2023-11-09,25.78,27.11,25.45,26.36,3804000,KDH
2023-11-10,25.86,26.69,25.75,25.91,2374600,KDH
2023-11-13,25.95,27.11,25.86,26.28,1806400,KDH
2023-11-14,26.36,26.61,26.07,26.41,1586200,KDH
2023-11-15,26.86,26.9,26.24,26.41,2107800,KDH
2023-11-16,26.36,26.45,25.99,26.45,955200,KDH
2023-11-17,26.82,26.82,25.75,26.04,2104700,KDH
2023-11-20,25.45,26.2,25.37,26.12,1054400,KDH
2023-11-21,26.32,26.65,26.04,26.45,1276700,KDH
2023-11-22,26.41,26.86,26.32,26.69,1493100,KDH
2023-11-23,26.86,27.06,25.86,25.86,1822400,KDH
2023-11-24,25.99,25.99,24.95,25.95,1445400,KDH
2023-11-27,25.99,26.32,25.54,25.86,673100,KDH
2023-11-28,25.78,25.91,25.08,25.86,1110100,KDH
2023-11-29,25.91,26.07,25.7,26.07,747800,KDH
2023-11-30,26.12,26.15,25.78,25.78,1869700,KDH
2023-12-01,26.28,26.28,25.75,26.07,794900,KDH
2023-12-04,26.28,27.19,26.24,26.95,4225100,KDH
2023-12-05,27.06,27.06,26.45,26.53,1910900,KDH
2023-12-06,26.74,26.74,26.36,26.49,3062500,KDH
2023-12-07,26.69,26.69,25.78,26.2,2028600,KDH
2023-12-08,26.2,26.32,26.04,26.24,1000300,KDH
2023-12-11,26.24,26.28,25.75,25.95,767300,KDH
2023-12-12,25.99,26.04,25.75,25.95,1279400,KDH
2023-12-13,25.99,26.07,25.75,25.78,1713000,KDH
2023-12-14,25.86,25.91,24.84,25.33,1547400,KDH
2023-12-15,25.21,25.33,24.87,25.08,1320500,KDH
2023-12-18,25.08,25.08,24.55,25.05,1631400,KDH
2023-12-19,24.95,25.0,24.63,24.87,1617100,KDH
2023-12-20,24.87,24.92,24.63,24.63,978600,KDH
2023-12-21,24.63,24.87,24.34,24.84,1699000,KDH
2023-12-22,24.84,24.95,24.71,24.84,947500,KDH
2023-12-25,24.84,25.16,24.84,25.05,883000,KDH
2023-12-26,25.16,25.37,24.87,25.37,2067900,KDH
2023-12-27,25.33,25.41,25.21,25.33,1367000,KDH
2023-12-28,25.33,25.62,25.29,25.33,1150700,KDH
2023-12-29,25.37,25.95,25.33,25.95,1677500,KDH
2024-01-02,25.95,25.99,25.29,25.5,1249000,KDH
2024-01-03,25.5,25.5,25.25,25.45,1181700,KDH
2024-01-04,25.45,25.7,25.41,25.58,1815400,KDH
2024-01-05,25.58,25.83,25.54,25.62,1671900,KDH
2024-01-08,25.91,25.99,25.7,25.78,2178100,KDH
2024-01-09,25.86,26.04,25.41,25.41,2769600,KDH
2024-01-10,25.45,25.45,24.79,24.84,2133500,KDH
2024-01-11,24.87,25.05,24.84,25.0,1526600,KDH
2024-01-12,24.87,24.87,24.59,24.71,2859900,KDH
2024-01-15,24.84,24.87,24.67,24.67,717600,KDH
2024-01-16,24.55,24.67,24.14,24.46,1951300,KDH
2024-01-17,24.55,25.05,24.46,24.92,1598700,KDH
2024-01-18,24.95,26.12,24.95,25.86,3498800,KDH
2024-01-19,25.91,26.12,25.91,25.95,2158900,KDH
2024-01-22,25.95,25.95,25.45,25.78,2108200,KDH
2024-01-23,25.78,25.83,25.54,25.66,1162400,KDH
2024-01-24,25.66,25.7,25.54,25.54,932600,KDH
2024-01-25,25.54,25.78,25.37,25.78,1483000,KDH
2024-01-26,25.91,25.91,25.66,25.75,1230100,KDH
2024-01-29,25.83,25.83,25.62,25.75,977800,KDH
2024-01-30,25.66,25.75,25.45,25.62,1065900,KDH
2024-01-31,25.7,25.78,25.45,25.54,1176700,KDH
2024-02-01,25.37,25.54,25.13,25.21,1776700,KDH
2024-02-02,25.21,25.99,25.21,25.21,2099600,KDH
2024-02-05,25.33,25.62,25.21,25.5,1037400,KDH
2024-02-06,25.5,25.78,25.45,25.7,919100,KDH
2024-02-07,25.86,25.86,25.62,25.78,1065600,KDH
2024-02-15,25.86,26.07,25.78,25.99,1539000,KDH
2024-02-16,25.99,26.24,25.91,25.95,1201300,KDH
2024-02-19,25.95,26.04,25.58,25.86,1586400,KDH
2024-02-20,25.95,26.28,25.83,26.2,2356500,KDH
2024-02-21,26.28,27.68,26.2,27.11,6967200,KDH
2024-02-22,26.86,27.11,26.77,26.77,1659200,KDH
2024-02-23,26.95,26.95,26.15,26.24,3853800,KDH
2024-02-26,26.24,26.36,25.91,26.24,2268300,KDH
2024-02-27,26.41,27.11,26.2,26.95,3756500,KDH
2024-02-28,27.15,27.15,26.61,26.77,1789100,KDH
2024-02-29,26.9,28.64,26.74,28.64,13925900,KDH
2024-03-01,28.85,29.09,28.51,28.88,4662900,KDH
2024-03-04,29.09,30.33,29.01,29.71,8779300,KDH
2024-03-05,29.71,29.95,29.42,29.75,4622100,KDH
2024-03-06,29.71,29.95,29.09,29.71,4638700,KDH
2024-03-07,29.67,30.37,29.5,30.16,4747500,KDH
2024-03-08,30.16,30.25,29.5,30.13,5973100,KDH
2024-03-11,30.13,30.58,29.95,30.13,5155000,KDH
2024-03-12,30.08,30.58,30.05,30.25,3831600,KDH
2024-03-13,30.33,31.24,30.29,31.07,6838300,KDH
2024-03-14,31.07,31.36,30.83,30.99,4581000,KDH
2024-03-15,30.91,31.69,30.62,30.75,4146100,KDH
2024-03-18,30.83,31.36,28.59,30.75,9112000,KDH
2024-03-19,30.95,30.99,30.13,30.25,2640300,KDH
2024-03-20,30.16,30.5,29.92,30.21,3462900,KDH
2024-03-21,30.41,30.91,30.21,30.75,4354000,KDH
2024-03-22,30.99,31.07,30.45,30.66,3413800,KDH
2024-03-25,30.66,31.49,30.33,30.5,3512300,KDH
2024-03-26,30.5,32.19,30.16,31.9,5454300,KDH
2024-03-27,31.9,32.03,31.45,31.74,2235400,KDH
2024-03-28,31.77,31.9,31.32,31.32,2093300,KDH
2024-03-29,31.32,31.53,30.99,31.24,2925900,KDH
2024-04-01,31.24,31.57,31.04,31.41,4734000,KDH
2024-04-02,31.32,31.45,30.91,31.45,4227900,KDH
2024-04-03,31.45,31.98,31.15,31.2,6061900,KDH
2024-04-04,30.78,31.32,30.62,30.86,3137100,KDH
2024-04-05,30.58,30.91,30.13,30.16,4085300,KDH
2024-04-08,30.08,30.16,29.42,29.63,3132400,KDH
2024-04-09,29.63,29.84,29.22,29.75,3431300,KDH
2024-04-10,29.87,30.41,29.75,29.75,3062800,KDH
2024-04-11,29.25,30.16,29.25,29.95,2746100,KDH
2024-04-12,30.05,30.21,29.87,30.13,2247800,KDH
2024-04-15,30.0,30.25,28.02,28.02,4062400,KDH
2024-04-16,28.02,28.35,27.27,28.31,4882200,KDH
2024-04-17,28.43,28.43,28.1,28.1,1880100,KDH
2024-04-19,28.02,28.02,26.45,27.27,4253700,KDH
2024-04-22,27.6,27.65,26.86,27.65,3408100,KDH
2024-04-23,27.68,27.85,27.27,27.65,2792000,KDH
2024-04-24,27.94,28.85,27.81,28.55,3040700,KDH
2024-04-25,28.35,28.59,27.89,28.59,2052500,KDH
2024-04-26,28.1,29.3,28.05,28.93,3717500,KDH
2024-05-02,28.93,28.93,28.1,28.93,1506200,KDH
2024-05-03,29.25,29.67,28.64,29.67,3634400,KDH
2024-05-06,29.67,29.75,29.34,29.5,2486400,KDH
2024-05-07,29.63,29.92,29.46,29.84,2990500,KDH
2024-05-08,29.46,29.79,29.22,29.75,2292200,KDH
2024-05-09,29.75,30.05,29.38,29.75,3070200,KDH
2024-05-10,29.71,29.87,29.34,29.75,2145200,KDH
2024-05-13,29.87,30.37,29.84,30.0,4319500,KDH
2024-05-14,30.08,30.08,29.63,29.67,969800,KDH
2024-05-15,29.75,30.37,29.63,30.08,4473400,KDH
2024-05-16,30.33,30.58,30.08,30.41,3640500,KDH
2024-05-17,30.41,30.5,30.21,30.5,3146100,KDH
2024-05-20,30.75,30.78,30.29,30.5,3005800,KDH
2024-05-21,30.33,30.45,29.95,30.16,2996100,KDH
2024-05-22,30.21,30.66,30.08,30.25,4342500,KDH
2024-05-23,30.16,30.54,30.05,30.54,2719200,KDH
2024-05-24,30.41,30.66,28.93,29.42,6015400,KDH
2024-05-27,29.55,29.59,28.93,29.59,2314500,KDH
2024-05-28,29.71,29.95,29.5,29.95,2763100,KDH
2024-05-29,29.87,29.92,29.5,29.5,3036900,KDH
2024-05-30,29.25,29.79,28.96,29.79,3370000,KDH
2024-05-31,29.75,29.92,29.55,29.92,2717900,KDH
2024-06-03,30.05,31.82,29.95,31.41,8207700,KDH
2024-06-04,31.36,31.36,30.95,30.99,2696000,KDH
2024-06-05,31.28,31.28,30.62,30.62,4622900,KDH
2024-06-06,30.83,30.83,30.05,30.16,4547700,KDH
2024-06-07,30.33,30.99,30.13,30.83,3087100,KDH
2024-06-10,30.86,31.24,30.58,30.83,2514400,KDH
2024-06-11,30.83,30.91,30.29,30.75,2550700,KDH
2024-06-12,30.75,31.53,30.66,31.36,4626000,KDH
2024-06-13,31.49,32.52,31.41,31.9,7228600,KDH
2024-06-14,31.98,32.06,30.99,30.99,3969100,KDH
2024-06-17,30.78,31.2,30.75,31.04,3113200,KDH
2024-06-18,31.2,31.69,30.83,31.24,1581100,KDH
2024-06-19,31.32,31.32,30.7,31.15,2073200,KDH
2024-06-20,30.95,31.12,30.58,31.04,2147500,KDH
2024-06-21,31.12,31.15,30.5,30.99,2478100,KDH
2024-06-24,30.99,30.99,29.34,30.29,3284200,KDH
2024-06-25,30.16,30.66,29.92,30.66,1843300,KDH
2024-06-26,30.54,30.58,29.92,30.58,1983300,KDH
2024-06-27,30.45,30.99,30.0,30.99,2277900,KDH
2024-06-28,30.7,30.75,30.13,30.5,2296800,KDH
2024-07-01,30.5,30.58,30.16,30.58,1237100,KDH
2024-07-02,30.58,31.36,30.41,31.32,3263100,KDH
2024-07-03,31.36,31.41,31.04,31.28,1511800,KDH
2024-07-04,31.28,31.36,31.04,31.36,1555700,KDH
2024-07-05,31.41,31.95,31.15,31.65,4021000,KDH
2024-07-08,31.65,31.86,30.7,30.75,5106900,KDH
2024-07-09,30.66,30.99,30.5,30.99,2656300,KDH
2024-07-10,31.07,31.36,30.78,31.32,3538300,KDH
2024-07-11,31.49,33.05,31.45,31.86,13615500,KDH
2024-07-12,31.86,32.23,31.24,31.41,2716100,KDH
2024-07-15,31.41,31.61,30.83,31.24,3552000,KDH
2024-07-16,31.24,31.36,30.83,31.24,2895000,KDH
2024-07-17,31.41,31.41,29.34,30.5,6616900,KDH
2024-07-18,30.5,30.5,29.59,30.41,3137800,KDH
2024-07-19,30.33,30.5,29.79,30.25,2078300,KDH
2024-07-22,29.92,30.16,29.34,29.84,2274600,KDH
2024-07-23,29.79,29.92,29.17,29.34,2079700,KDH
2024-07-24,29.09,29.92,28.85,29.75,2237200,KDH
2024-07-25,29.59,29.75,29.25,29.75,994900,KDH
2024-07-26,29.67,29.84,29.63,29.75,1009500,KDH
2024-07-29,30.0,30.0,29.67,29.92,1032200,KDH
2024-07-30,29.92,30.05,29.63,29.75,1167500,KDH
2024-07-31,29.79,30.13,29.75,29.95,1430900,KDH
2024-08-01,29.95,29.95,28.59,28.76,2273700,KDH
2024-08-02,28.26,28.93,28.1,28.93,2251800,KDH
2024-08-05,28.18,28.68,27.68,28.51,2317300,KDH
2024-08-06,28.85,29.17,28.26,29.17,1404600,KDH
2024-08-07,29.14,29.5,29.01,29.5,1161700,KDH
2024-08-08,29.38,29.38,29.05,29.14,1319500,KDH
2024-08-09,29.34,29.55,29.05,29.46,1059300,KDH
2024-08-12,29.34,29.55,29.22,29.5,687700,KDH
2024-08-13,29.46,29.67,29.25,29.59,893700,KDH
2024-08-14,29.59,29.63,29.17,29.5,877300,KDH
2024-08-15,29.34,29.5,28.93,29.34,830500,KDH
2024-08-16,29.34,30.99,29.25,30.7,6300400,KDH
2024-08-19,30.83,30.86,30.54,30.66,1974400,KDH
2024-08-20,30.62,31.45,30.54,31.2,4059400,KDH
2024-08-21,31.04,31.28,30.66,31.15,1791600,KDH
2024-08-22,31.15,31.15,30.75,31.07,1613300,KDH
2024-08-23,31.04,31.04,30.62,30.91,2206600,KDH
2024-08-26,31.12,31.28,30.75,31.15,1884000,KDH
2024-08-27,30.99,32.03,30.99,30.99,3743900,KDH
2024-08-28,30.99,31.07,30.37,30.95,1943500,KDH
2024-08-29,30.95,31.32,30.75,31.15,1775900,KDH
2024-08-30,31.24,31.24,30.83,31.15,1282400,KDH
2024-09-04,30.91,31.74,30.86,31.41,3805600,KDH
2024-09-05,31.41,31.57,30.95,31.36,2600000,KDH
2024-09-06,31.07,31.24,30.86,31.24,1751600,KDH
2024-09-09,31.24,31.53,30.99,31.07,3178000,KDH
2024-09-10,31.15,31.2,30.58,30.83,3655500,KDH
2024-09-11,30.83,30.95,30.25,30.83,1844200,KDH
2024-09-12,30.91,30.91,30.62,30.7,1132700,KDH
2024-09-13,30.58,30.91,30.58,30.78,1461000,KDH
2024-09-16,30.75,31.36,30.75,31.12,2263100,KDH
2024-09-17,31.36,31.82,31.07,31.65,5793400,KDH
2024-09-18,31.69,31.69,31.32,31.41,5043700,KDH
2024-09-19,31.41,31.57,31.2,31.41,4043200,KDH
2024-09-20,31.61,31.61,31.24,31.28,7831100,KDH
2024-09-23,31.28,31.65,31.12,31.32,2249600,KDH
2024-09-24,31.41,31.82,31.32,31.82,3758100,KDH
2024-09-25,31.95,32.81,31.9,32.4,5414400,KDH
2024-09-26,32.65,32.65,32.06,32.52,3581100,KDH
2024-09-27,32.65,32.65,32.06,32.19,2701800,KDH
2024-09-30,31.95,32.23,31.9,32.15,2996800,KDH
2024-10-01,32.23,32.97,32.11,32.48,5012900,KDH
2024-10-02,32.19,32.44,31.9,31.9,3126400,KDH
2024-10-03,31.9,31.95,30.7,30.91,6723900,KDH
2024-10-04,30.91,31.15,30.78,30.95,1866200,KDH
2024-10-07,30.95,31.2,30.75,31.2,2097800,KDH
2024-10-08,30.91,31.28,30.75,30.99,1813100,KDH
2024-10-09,31.24,31.24,30.99,31.15,1162000,KDH
2024-10-10,31.2,31.28,30.99,30.99,1405000,KDH
2024-10-11,30.99,31.36,30.91,30.99,1596000,KDH
2024-10-14,30.99,31.24,30.66,30.86,2579100,KDH
2024-10-15,30.91,30.91,30.33,30.45,4004700,KDH
2024-10-16,30.41,30.45,29.84,30.08,2359400,KDH
2024-10-17,30.41,30.73,29.59,30.32,4803300,KDH
2024-10-18,30.32,30.36,29.82,29.82,1825000,KDH
2024-10-21,29.82,29.86,29.45,29.55,3085400,KDH
2024-10-22,29.59,30.32,29.32,29.73,4393500,KDH
2024-10-23,30.09,30.64,29.95,30.27,3611600,KDH
2024-10-24,30.5,31.0,30.23,30.59,3209500,KDH
2024-10-25,30.59,30.68,30.14,30.14,2212100,KDH
2024-10-28,30.09,30.5,30.09,30.45,1522300,KDH
2024-10-29,30.64,30.68,30.14,30.45,2236100,KDH
2024-10-30,30.45,30.45,30.23,30.45,1562900,KDH
2024-10-31,30.45,30.59,30.27,30.45,3204700,KDH
2024-11-01,30.27,30.55,30.14,30.14,2005200,KDH
2024-11-04,30.27,30.27,29.59,30.0,2603400,KDH
2024-11-05,30.0,30.05,29.68,29.95,1452100,KDH
2024-11-06,30.18,30.36,29.82,30.36,1659000,KDH
2024-11-07,30.5,30.95,30.36,30.55,2148100,KDH
2024-11-08,30.64,30.64,30.23,30.5,1276200,KDH
2024-11-11,30.5,30.5,30.09,30.45,1148900,KDH
2024-11-12,30.32,30.45,30.0,30.41,1648400,KDH
2024-11-13,30.05,30.55,30.05,30.45,1744900,KDH
2024-11-14,30.36,30.55,30.0,30.32,1608200,KDH
2024-11-15,29.86,29.95,29.0,29.68,3474100,KDH
2024-11-18,29.68,29.68,28.95,29.64,1414500,KDH
2024-11-19,29.45,29.64,28.77,29.09,2426600,KDH
2024-11-20,28.82,30.0,28.64,29.59,2182300,KDH
2024-11-21,29.45,29.86,29.41,29.82,1643900,KDH
2024-11-22,29.64,29.68,29.18,29.64,2003300,KDH
2024-11-25,29.64,29.82,29.55,29.82,1655500,KDH
2024-11-26,29.82,30.27,29.64,30.18,2267100,KDH
2024-11-27,30.18,30.18,29.91,30.14,1509100,KDH
2024-11-28,30.14,30.18,29.91,30.05,1642300,KDH
2024-11-29,30.0,30.14,29.73,30.14,1423900,KDH
2024-12-02,30.14,30.14,29.5,29.86,2671900,KDH
2024-12-03,29.64,29.91,29.64,29.91,1383200,KDH
2024-12-04,29.91,29.95,29.68,29.86,1504600,KDH
2024-12-05,29.86,30.77,29.77,30.27,3812000,KDH
2024-12-06,30.41,30.73,30.36,30.73,2269300,KDH
2024-12-09,30.64,31.05,30.64,30.95,959200,KDH
2024-12-10,31.27,31.36,31.14,31.36,2356700,KDH
2024-12-11,31.64,31.64,31.14,31.36,2364400,KDH
2024-12-12,31.36,31.41,31.14,31.41,1835500,KDH
2024-12-13,31.18,31.32,31.0,31.32,1408700,KDH
2024-12-16,31.32,31.64,31.23,31.45,2000300,KDH
2024-12-17,31.45,32.09,31.45,31.82,4368800,KDH
2024-12-18,32.05,32.05,31.59,31.82,1958400,KDH
2024-12-19,31.45,32.36,31.36,32.36,4800100,KDH
2024-12-20,32.32,32.68,32.23,32.59,5112500,KDH
2024-12-23,32.64,32.68,32.32,32.64,1911300,KDH
2024-12-24,32.59,32.68,31.95,32.68,2556900,KDH
2024-12-25,32.68,32.68,32.14,32.64,2258500,KDH
2024-12-26,32.41,32.64,32.27,32.59,2449900,KDH
2024-12-27,32.64,32.64,32.32,32.55,2505200,KDH
2024-12-30,32.36,32.86,32.27,32.86,2774000,KDH
2024-12-31,32.91,32.91,32.14,32.82,2588100,KDH
2025-01-02,32.36,32.55,31.59,31.95,2535400,KDH
2025-01-03,31.77,31.91,31.55,31.64,1607100,KDH
2025-01-06,31.5,32.0,31.5,31.64,1638900,KDH
2025-01-07,31.45,31.73,30.77,30.77,2148000,KDH
2025-01-08,30.91,30.91,30.45,30.73,1752700,KDH
2025-01-09,30.86,31.14,30.77,30.86,722300,KDH
2025-01-10,30.77,31.14,30.77,30.91,918100,KDH
2025-01-13,30.86,31.45,30.5,31.32,1272600,KDH
2025-01-14,31.18,31.36,30.91,31.05,831800,KDH
2025-01-15,31.23,31.41,31.05,31.09,1116600,KDH
2025-01-16,30.95,31.32,30.68,31.23,1846700,KDH
2025-01-17,31.0,31.32,30.91,31.27,1152500,KDH
2025-01-20,31.27,31.41,31.18,31.41,963100,KDH
2025-01-21,31.41,31.41,31.09,31.27,619200,KDH
2025-01-22,31.27,31.27,30.95,31.18,911000,KDH
2025-01-23,31.32,31.41,31.05,31.41,1472700,KDH
2025-01-24,31.55,31.59,31.32,31.59,1954100,KDH
2025-02-03,31.36,31.41,31.14,31.41,1247100,KDH
2025-02-04,31.41,31.59,31.23,31.59,1985200,KDH
2025-02-05,31.64,32.05,31.64,31.68,2720000,KDH
2025-02-06,31.68,31.73,31.09,31.45,2190200,KDH
2025-02-07,31.45,31.45,31.05,31.41,1668700,KDH
2025-02-10,31.18,31.41,30.91,30.91,1730300,KDH
2025-02-11,30.91,31.05,30.68,31.05,1802000,KDH
2025-02-12,31.18,31.18,30.68,30.91,1506300,KDH
2025-02-13,30.91,30.91,30.27,30.73,2486000,KDH
2025-02-14,30.73,30.91,30.59,30.77,1067300,KDH
2025-02-17,30.77,30.91,30.59,30.77,1002500,KDH
2025-02-18,30.77,31.0,30.68,30.77,844500,KDH
2025-02-19,30.82,31.09,30.64,31.09,1990700,KDH
2025-02-20,31.18,31.32,30.91,31.09,2722800,KDH
2025-02-21,31.09,31.09,30.55,30.59,3108100,KDH
2025-02-24,30.59,30.64,30.36,30.59,1297700,KDH
2025-02-25,30.73,30.82,30.32,30.32,2461400,KDH
2025-02-26,30.32,30.45,30.0,30.18,2661000,KDH
2025-02-27,30.23,30.45,30.09,30.45,1787000,KDH
2025-02-28,30.55,30.77,30.36,30.45,1942400,KDH
2025-03-03,30.5,30.77,30.45,30.55,1577200,KDH
2025-03-04,30.55,30.91,30.45,30.68,2161000,KDH
2025-03-05,30.73,30.91,30.45,30.45,2222300,KDH
2025-03-06,30.55,30.59,30.23,30.5,1647500,KDH
2025-03-07,30.55,31.09,30.5,30.5,3904400,KDH
2025-03-10,30.77,30.77,30.09,30.14,3241800,KDH
2025-03-11,30.05,30.23,29.45,29.86,4327300,KDH
2025-03-12,30.0,30.0,28.95,29.45,5390500,KDH
2025-03-13,29.09,29.41,29.09,29.41,2273500,KDH
2025-03-14,29.18,29.73,29.05,29.23,3042000,KDH
2025-03-17,29.45,30.18,29.09,30.18,4357500,KDH
2025-03-18,30.32,30.32,29.64,29.64,3018400,KDH
2025-03-19,29.59,29.64,29.09,29.64,3087500,KDH
2025-03-20,29.77,29.77,29.0,29.45,3146100,KDH
2025-03-21,29.18,29.5,29.18,29.45,2157000,KDH
2025-03-24,29.36,29.64,29.05,29.64,1755700,KDH
2025-03-25,29.73,29.82,29.36,29.77,2967900,KDH
2025-03-26,29.77,29.82,29.09,29.09,3544500,KDH
2025-03-27,29.27,29.64,29.27,29.5,1817700,KDH
2025-03-28,29.59,29.59,29.36,29.59,2142700,KDH
2025-03-31,29.55,30.0,29.36,29.64,4335500,KDH
2025-04-01,29.73,29.77,28.95,29.64,4842400,KDH
2025-04-02,29.59,29.59,29.05,29.05,3626100,KDH
2025-04-03,27.36,28.27,27.05,27.05,3714900,KDH
2025-04-04,25.18,25.91,25.18,25.45,9814300,KDH
2025-04-08,23.73,23.91,23.68,23.68,1710300,KDH
2025-04-09,22.05,22.05,22.05,22.05,1112800,KDH
2025-04-10,23.55,23.55,23.55,23.55,4334600,KDH
2025-04-11,23.5,25.18,22.09,25.0,8115000,KDH
2025-04-14,25.0,25.5,24.0,25.27,5241700,KDH
2025-04-15,24.73,24.95,24.14,24.59,3748500,KDH
2025-04-16,24.55,24.55,23.82,24.36,3384900,KDH
2025-04-17,23.77,24.45,23.64,24.45,2861900,KDH
2025-04-18,24.55,24.86,24.32,24.41,2416900,KDH
2025-04-21,24.36,24.59,24.05,24.55,1980100,KDH
2025-04-22,24.36,24.55,22.86,23.82,5091000,KDH
2025-04-23,24.18,24.64,23.73,24.41,3137700,KDH
2025-04-24,24.59,24.95,24.41,24.64,2754100,KDH
2025-04-25,24.45,24.73,24.09,24.73,3619900,KDH
2025-04-28,24.73,24.73,24.14,24.27,1395800,KDH
2025-04-29,24.27,24.41,23.95,23.95,2319800,KDH
2025-05-05,24.86,24.91,24.68,24.68,2151600,KDH
2025-05-06,24.68,25.0,24.64,24.64,2261000,KDH
2025-05-07,24.64,26.27,24.64,26.0,5397400,KDH
2025-05-08,26.18,26.18,25.55,26.18,3568900,KDH
2025-05-09,26.09,26.18,25.82,25.86,1860600,KDH
2025-05-12,25.86,26.0,25.5,25.73,1552300,KDH
2025-05-13,26.0,26.55,25.73,26.55,3631100,KDH
2025-05-14,26.55,26.64,26.27,26.64,2238800,KDH
2025-05-15,26.73,26.73,26.36,26.68,1856900,KDH
2025-05-16,26.68,26.73,26.09,26.09,1562200,KDH
2025-05-19,25.91,26.64,25.73,26.32,2064900,KDH
2025-05-20,26.18,26.45,26.18,26.45,1522300,KDH
2025-05-21,26.45,26.55,25.95,26.27,2007800,KDH
2025-05-22,26.27,26.27,25.59,25.68,1938400,KDH
2025-05-23,25.68,25.82,25.32,25.59,2149700,KDH
2025-05-26,25.68,26.41,24.95,26.41,2862100,KDH
2025-05-27,26.64,27.41,26.41,27.27,4107100,KDH
2025-05-28,27.27,27.27,26.77,26.77,1945800,KDH
2025-05-29,27.64,27.64,26.73,27.0,4526300,KDH
2025-05-30,27.09,27.09,26.41,26.73,2242400,KDH
2025-06-02,26.73,28.55,26.73,27.82,7198100,KDH
2025-06-03,28.09,28.14,27.64,27.73,3350700,KDH
2025-06-04,27.82,28.05,27.59,27.73,3116500,KDH
2025-06-05,28.0,28.0,27.27,27.5,2576100,KDH
2025-06-06,27.5,27.64,26.73,26.91,3519700,KDH
2025-06-09,26.91,27.45,26.91,27.14,2753900,KDH
2025-06-10,27.23,27.23,26.82,27.0,2076200,KDH
2025-06-11,27.09,27.09,26.41,26.64,1903200,KDH
2025-06-12,26.64,27.18,26.64,27.0,1775200,KDH
2025-06-13,26.64,26.95,26.18,26.59,3319100,KDH
2025-06-16,26.59,26.77,26.32,26.73,1342700,KDH
2025-06-17,26.77,27.14,26.73,27.0,2509300,KDH
2025-06-18,27.05,27.45,27.05,27.27,3161300,KDH
2025-06-19,27.27,27.27,27.0,27.27,1925200,KDH
2025-06-20,27.27,27.45,27.09,27.45,2004700,KDH
2025-06-23,27.14,27.18,26.73,26.82,1948100,KDH
2025-06-24,27.09,27.14,26.86,26.86,2797500,KDH
2025-06-25,26.91,27.14,26.68,26.86,2256700,KDH
2025-06-26,26.91,26.91,26.09,26.18,3827700,KDH
2025-06-27,26.41,26.64,26.23,26.36,1831900,KDH
2025-06-30,26.41,26.73,26.23,26.73,4051200,KDH
2025-07-01,26.73,26.95,26.36,26.77,1646600,KDH
2025-07-02,26.77,26.77,26.5,26.55,1685900,KDH
2025-07-03,26.55,27.0,26.55,26.68,2214500,KDH
2025-07-04,26.73,27.36,26.73,27.0,3704000,KDH
2025-07-07,27.23,27.32,27.0,27.27,2847200,KDH
2025-07-08,27.36,27.55,26.82,27.55,5169500,KDH
2025-07-09,27.82,28.18,27.59,28.18,6330800,KDH
2025-07-10,28.27,28.82,28.0,28.05,4175600,KDH
2025-07-11,28.14,28.14,27.55,27.55,5626300,KDH
2025-07-14,27.73,28.55,27.09,28.41,8514600,KDH
2025-07-15,28.5,28.86,28.23,28.36,6387900,KDH
2025-07-16,28.27,28.64,28.18,28.27,5521400,KDH
2025-07-17,29.0,29.45,28.5,28.95,6708300,KDH
2025-07-18,29.15,29.7,28.95,29.0,5412600,KDH
2025-07-21,29.1,29.2,28.1,28.25,5547900,KDH
2025-07-22,28.25,28.45,28.05,28.4,3805000,KDH
2025-07-23,28.7,28.7,28.3,28.5,3062000,KDH
2025-07-24,28.6,28.9,28.4,28.8,6155200,KDH
2025-07-25,29.0,29.0,28.6,28.7,3687800,KDH
2025-07-28,29.0,29.8,28.95,29.3,7440100,KDH
2025-07-29,29.5,29.55,27.5,27.5,8226600,KDH
2025-07-30,27.8,28.05,27.1,27.6,3836400,KDH
2025-07-31,27.75,27.75,26.8,27.4,5593000,KDH
2025-08-01,27.5,28.15,27.15,27.7,3291700,KDH
2025-08-04,27.7,28.35,27.65,27.9,2841800,KDH
2025-08-05,28.1,28.5,27.5,27.9,8495800,KDH
2025-08-06,27.95,28.35,27.95,28.1,7131500,KDH
2025-08-07,28.6,29.9,28.5,29.9,10535300,KDH
2025-08-08,30.8,31.9,30.35,31.7,10765600,KDH
2025-08-11,32.5,33.0,32.0,32.0,8499300,KDH
2025-08-12,32.2,34.2,31.85,34.2,10570600,KDH
2025-08-13,35.05,36.55,35.0,36.2,12039400,KDH
2025-08-14,36.35,36.6,35.45,36.1,7428400,KDH
2025-08-15,36.15,36.2,34.75,35.5,10968200,KDH
2025-08-18,35.4,37.4,35.05,37.0,9990700,KDH
2025-08-19,37.0,37.3,36.35,36.8,9366600,KDH
2025-08-20,36.8,36.8,34.3,36.5,9419400,KDH
2025-08-21,36.2,36.4,35.0,35.9,12621400,KDH
2025-08-22,35.25,35.8,33.6,34.0,8559400,KDH
2025-08-25,34.45,34.5,32.9,33.65,6227800,KDH
2025-08-26,33.6,35.5,33.45,35.5,4910200,KDH
2025-08-27,35.5,37.6,35.15,36.0,10329500,KDH
2025-08-28,36.1,36.15,35.1,35.9,4963000,KDH
2025-08-29,36.0,37.25,35.6,36.5,9336700,KDH
2025-09-03,36.6,38.1,36.55,37.0,7773600,KDH
2025-09-04,37.1,37.6,36.55,36.75,5226700,KDH
2025-09-05,36.95,37.5,35.45,35.45,12748300,KDH
2025-09-08,35.15,36.1,34.3,34.8,7426000,KDH
2025-09-09,35.0,35.15,34.6,34.8,4220800,KDH
2025-09-10,34.9,35.05,34.5,34.7,3199300,KDH
2025-09-11,34.4,35.0,33.3,35.0,6149900,KDH
2025-09-12,35.0,35.5,34.7,34.8,3361100,KDH
2025-09-15,34.6,35.1,34.6,34.85,3294200,KDH
2025-09-16,35.1,35.1,34.2,34.3,4366500,KDH
2025-09-17,34.35,34.4,33.5,33.5,3920100,KDH
2025-09-18,33.7,33.75,33.05,33.4,3318900,KDH
2025-09-19,33.6,34.3,33.3,34.3,3270600,KDH
2025-09-22,34.1,34.65,33.1,34.0,5622300,KDH
2025-09-23,34.3,34.3,33.4,33.4,2941200,KDH
2025-09-24,33.55,34.15,33.35,33.95,4292500,KDH
2025-09-25,34.05,34.35,33.55,33.7,6273200,KDH
2025-09-26,33.65,35.0,33.65,34.5,10125300,KDH
2025-09-29,34.65,34.95,34.0,34.25,2799400,KDH
2025-09-30,34.3,34.9,33.55,33.8,8398800,KDH
2025-10-01,34.0,34.0,33.35,33.7,3011300,KDH
2025-10-02,33.7,33.9,32.95,33.0,4391000,KDH
2025-10-03,33.0,33.0,31.45,31.75,6795900,KDH
2025-10-06,31.9,33.0,31.7,33.0,3922700,KDH
2025-10-07,33.3,33.3,32.25,32.25,3144100,KDH
2025-10-08,32.9,32.9,31.7,32.4,5045000,KDH
2025-10-09,32.6,33.05,32.0,32.45,4571600,KDH
2025-10-10,32.75,33.0,32.25,32.45,5841600,KDH
2025-10-13,32.05,33.0,31.95,32.55,8191200,KDH
2025-10-14,33.0,33.05,31.8,31.9,10322700,KDH
2025-10-15,31.9,34.1,31.2,34.1,21160400,KDH
2025-10-16,34.95,35.0,34.0,34.2,10297400,KDH
2025-10-17,34.4,35.2,33.85,33.9,12420700,KDH
2025-10-20,33.85,34.15,31.55,31.55,13397700,KDH
2025-10-21,31.0,32.2,30.0,31.75,9776400,KDH
2025-10-22,31.9,32.3,31.05,32.2,6630800,KDH
2025-10-23,32.2,34.1,32.2,33.55,13833800,KDH
2025-10-24,33.25,34.0,32.65,33.8,5128500,KDH
2025-10-27,33.75,33.9,32.5,32.5,3937800,KDH
2025-10-28,32.2,33.5,31.4,33.5,6038100,KDH
2025-10-29,33.65,35.3,33.6,34.4,16159700,KDH
2025-10-30,34.6,36.45,34.5,35.85,11419700,KDH
2025-10-31,35.5,36.3,34.9,35.85,11395100,KDH
2025-11-03,35.3,35.45,34.0,34.0,9662000,KDH
2025-11-04,33.95,35.95,32.25,35.6,12204600,KDH
2025-11-05,35.35,35.35,34.25,34.95,6401200,KDH
2025-11-06,34.95,34.95,34.0,34.1,4490600,KDH
2025-11-07,34.0,34.0,32.5,32.5,6728100,KDH
2025-11-10,32.1,32.45,31.6,32.0,6613000,KDH
2025-11-11,32.1,33.05,32.1,33.0,2965900,KDH
2025-11-12,33.3,34.45,33.0,34.1,5154100,KDH
2025-11-13,34.2,35.2,33.85,34.45,6884900,KDH
2025-11-14,34.3,34.95,34.15,34.65,3625700,KDH
2025-11-17,34.75,35.35,34.65,35.1,7830000,KDH
2025-11-18,35.0,35.45,34.4,35.4,6433600,KDH
2025-11-19,35.4,35.45,34.3,34.6,4310900,KDH
2025-11-20,34.6,34.8,34.3,34.65,3319400,KDH
2025-11-21,34.4,35.3,34.1,34.85,7257300,KDH
2025-11-24,35.0,35.15,34.85,34.85,3086900,KDH
2025-11-25,34.9,35.75,34.15,34.5,7825000,KDH
2025-11-26,34.55,35.4,34.35,35.4,5847000,KDH
2025-11-27,35.4,36.2,34.8,35.4,8524700,KDH
2025-11-28,35.15,35.35,34.5,35.0,4441800,KDH
2025-12-01,35.0,35.0,34.15,34.15,4153100,KDH
2025-12-02,34.25,34.25,33.05,33.55,7782800,KDH
2025-12-03,33.75,34.2,33.6,34.2,3391900,KDH
2025-12-04,34.45,35.0,34.2,34.45,3714000,KDH
2025-12-05,34.6,34.6,33.95,33.95,2633000,KDH
2025-12-08,34.0,34.0,33.2,33.4,2829300,KDH
2025-12-09,33.4,33.6,32.3,33.3,5026000,KDH
2025-12-10,33.3,33.6,32.5,32.5,2479500,KDH
2025-12-11,32.6,32.8,32.5,32.5,3661000,KDH
2025-12-12,32.3,32.5,30.5,30.5,6117000,KDH
2025-12-15,30.3,30.6,29.4,29.6,6034000,KDH
2025-12-16,29.65,31.65,29.45,31.6,7010500,KDH
2025-12-17,31.6,32.25,31.35,31.7,5315000,KDH
2025-12-18,31.7,32.25,31.5,32.1,3552200,KDH
2025-12-19,32.1,32.7,31.85,32.65,4196200,KDH
2025-12-22,32.55,33.15,32.55,33.15,3293800,KDH
2025-12-23,33.2,33.2,32.55,33.0,3199500,KDH
2025-12-24,32.8,33.05,32.6,32.95,1880500,KDH
2025-12-25,32.95,32.95,32.15,32.15,2877000,KDH
2025-12-26,31.7,32.05,30.65,32.05,4535100,KDH
2025-12-29,32.0,32.05,31.7,31.7,1693100,KDH
2025-12-30,31.8,31.85,31.2,31.5,2361200,KDH
2025-12-31,31.5,31.6,31.1,31.5,2300200,KDH
2026-01-05,31.5,32.5,30.85,31.9,6288800,KDH
2026-01-06,32.05,32.05,31.45,31.85,4376900,KDH
2026-01-07,31.85,31.85,31.05,31.35,5218500,KDH
2026-01-08,31.4,31.6,30.2,30.5,8390100,KDH
2026-01-09,30.5,30.6,28.5,28.6,14633500,KDH
2026-01-12,28.7,29.85,28.25,29.2,6489400,KDH
2026-01-13,30.0,30.35,29.9,30.0,5735900,KDH
2026-01-14,29.95,30.05,28.75,29.05,8278700,KDH
2026-01-15,28.75,30.3,28.65,30.1,9028300,KDH
2026-01-16,30.4,30.85,29.65,29.75,6436700,KDH
2026-01-19,29.9,29.95,29.3,29.3,5483700,KDH
2026-01-20,29.3,29.65,28.95,29.3,5270000,KDH
2026-01-21,29.2,29.55,28.5,28.7,6517100,KDH
2026-01-22,28.7,30.3,28.1,29.3,10156500,KDH
2026-01-23,29.55,29.55,28.7,28.9,2905900,KDH
2026-01-26,29.1,29.1,27.5,27.65,5461600,KDH
2026-01-27,27.7,27.8,26.55,26.7,7971400,KDH
2026-01-28,26.9,27.4,25.9,26.9,8258500,KDH
2026-01-29,27.0,27.35,26.5,26.9,3483500,KDH
2026-01-30,27.1,28.0,26.85,27.5,11299600,KDH
2026-02-02,27.6,27.6,26.5,27.2,5167100,KDH
2026-02-03,27.4,27.4,26.5,26.85,6314100,KDH
2026-02-04,26.9,27.1,26.45,26.85,5915200,KDH
2026-02-05,27.1,27.2,26.6,26.6,3311800,KDH
2026-02-06,26.4,26.4,25.4,25.4,7494700,KDH
2026-02-09,25.9,26.95,25.75,26.55,6905800,KDH
2026-02-10,26.55,27.6,26.55,27.6,8868300,KDH
2026-02-11,27.65,28.75,27.6,28.55,9648800,KDH
2026-02-12,28.45,28.7,27.95,28.5,3821800,KDH
2026-02-13,28.1,28.4,28.0,28.3,3358900,KDH
2026-02-23,28.3,28.3,27.45,28.0,3189000,KDH
2026-02-24,27.75,28.4,27.75,28.25,3703000,KDH
2026-02-25,28.35,28.35,27.6,27.95,4614100,KDH
2026-02-26,28.0,28.15,27.8,28.0,2916900,KDH
2026-02-27,28.1,28.25,27.2,27.25,4380200,KDH
2026-03-02,26.15,27.45,26.15,27.15,8036700,KDH
2026-03-03,27.2,27.5,27.0,27.3,4705900,KDH
2026-03-04,27.1,27.2,25.5,26.25,6483800,KDH
2026-03-05,26.7,27.45,26.5,26.75,9013400,KDH
2026-03-06,26.8,27.0,25.65,25.7,4142300,KDH
2026-03-09,23.95,24.4,23.95,23.95,3789600,KDH
2026-03-10,24.5,25.35,24.0,25.05,7378700,KDH
2026-03-11,25.1,26.5,24.9,25.75,6061900,KDH
2026-03-12,25.7,25.8,25.05,25.6,2316000,KDH
2026-03-13,25.3,26.7,25.15,26.0,5708700,KDH
2026-03-16,26.2,26.75,25.9,26.2,3573400,KDH
2026-03-17,26.5,26.5,26.1,26.2,2792700,KDH
2026-03-18,26.2,26.25,25.8,26.2,2166500,KDH
2026-03-19,25.7,26.65,25.55,26.25,3792700,KDH
2026-03-20,26.15,26.4,25.5,25.5,3900700,KDH
2026-03-23,25.6,25.6,23.85,24.0,4659400,KDH
2026-03-24,24.5,25.45,24.35,25.0,5635600,KDH
2026-03-25,25.4,26.2,25.15,25.85,5073300,KDH
2026-03-26,26.05,26.1,25.35,25.45,2692100,KDH
2026-03-27,25.45,26.5,25.3,26.4,4704200,KDH
2026-03-30,25.7,26.25,25.65,26.05,4370900,KDH
2026-03-31,26.4,26.4,25.75,26.0,4193600,KDH
2026-04-01,26.45,26.8,26.25,26.5,4925000,KDH
2026-04-02,26.3,26.45,26.0,26.15,3032100,KDH
2026-04-03,26.15,26.3,25.3,25.3,4464600,KDH
2026-04-06,25.3,25.5,24.7,25.0,3122700,KDH
2026-04-07,25.0,25.05,24.2,25.0,3107500,KDH
2026-04-08,25.85,26.4,25.5,26.15,4399100,KDH
2026-04-09,26.05,26.95,25.95,26.2,6210500,KDH
2026-04-10,26.35,26.85,26.15,26.2,5239200,KDH
2026-04-13,25.9,26.6,25.9,26.2,3887500,KDH
2026-04-14,26.45,26.6,26.15,26.2,3193000,KDH
2026-04-15,26.3,26.95,26.3,26.55,7877300,KDH
2026-04-16,26.65,26.65,26.1,26.3,3476600,KDH
2026-04-17,26.45,26.45,26.05,26.05,2955900,KDH
2026-04-20,26.05,26.25,25.9,26.0,2271300,KDH
