ID,Year_Birth,Education,Marital_Status,Income,Kidhome,Teenhome,Dt_Customer,Recency,NumStorePurchases,NumWebVisitsMonth
5524,1957,Graduation,Single,58138,0,0,04-09-2012,58,4,7
2174,1954,Graduation,Single,46344,1,1,08-03-2014,38,2,5
4141,1965,Graduation,Together,71613,0,0,21-08-2013,26,10,4
6182,1984,Graduation,Together,26646,1,0,10-02-2014,26,4,6
5324,1981,PhD,Married,58293,1,0,19-01-2014,94,6,5
7446,1967,Master,Together,62513,0,1,09-09-2013,16,10,6
965,1971,Graduation,Divorced,55635,0,1,13-11-2012,34,7,6
6177,1985,PhD,Married,33454,1,0,08-05-2013,32,4,8
4855,1974,PhD,Together,30351,1,0,06-06-2013,19,2,9
5899,1950,PhD,Together,5648,1,1,13-03-2014,68,0,20
1994,1983,Graduation,Married,,1,0,15-11-2013,11,2,7
387,1976,Basic,Married,7500,0,0,13-11-2012,59,3,8
2125,1959,Graduation,Divorced,63033,0,0,15-11-2013,82,8,2
8180,1952,Master,Divorced,59354,1,1,15-11-2013,53,5,6
2569,1987,Graduation,Married,17323,0,0,10-10-2012,38,3,8
2114,1946,PhD,Single,82800,0,0,24-11-2012,23,12,3
9736,1980,Graduation,Married,41850,1,1,24-12-2012,51,3,8
4939,1946,Graduation,Together,37760,0,0,31-08-2012,20,6,7
6565,1949,Master,Married,76995,0,1,28-03-2013,91,9,5
2278,1985,2n Cycle,Single,33812,1,0,03-11-2012,86,3,6
9360,1982,Graduation,Married,37040,0,0,08-08-2012,41,5,8
5376,1979,Graduation,Married,2447,1,0,06-01-2013,42,0,1
1993,1949,PhD,Married,58607,0,1,23-12-2012,63,9,8
4047,1954,PhD,Married,65324,0,1,11-01-2014,0,9,4
1409,1951,Graduation,Together,40689,0,1,18-03-2013,69,5,8
7892,1969,Graduation,Single,18589,0,0,02-01-2013,89,3,7
2404,1976,Graduation,Married,53359,1,1,27-05-2013,4,4,7
5255,1986,Graduation,Single,,1,0,20-02-2013,19,0,1
9422,1989,Graduation,Married,38360,1,0,31-05-2013,26,4,3
1966,1965,PhD,Married,84618,0,0,22-11-2013,96,10,2
6864,1989,Master,Divorced,10979,0,0,22-05-2014,34,3,5
3033,1963,Master,Together,38620,0,0,11-05-2013,56,3,3
5710,1970,Graduation,Together,40548,0,1,10-10-2012,31,4,5
7373,1952,PhD,Divorced,46610,0,2,29-10-2012,8,6,6
8755,1946,Master,Married,68657,0,0,20-02-2013,4,9,7
10738,1951,Master,Single,49389,1,1,29-08-2013,55,3,7
4339,1970,PhD,Married,67353,0,1,31-12-2013,37,12,2
10755,1976,2n Cycle,Married,23718,1,0,02-09-2013,76,2,7
8595,1973,Graduation,Widow,42429,0,1,11-02-2014,99,3,5
2968,1943,PhD,Divorced,48948,0,0,01-02-2013,53,5,6
8601,1980,Graduation,Married,80011,0,1,29-04-2013,3,5,4
503,1985,Master,Married,20559,1,0,12-03-2013,88,3,8
8430,1957,Graduation,Together,21994,0,1,24-12-2012,4,3,5
7281,1959,PhD,Single,,0,0,05-11-2013,80,4,2
2139,1975,Master,Married,7500,1,0,02-10-2013,19,3,5
1371,1976,Graduation,Single,79941,0,0,28-06-2014,72,9,1
9909,1996,2n Cycle,Married,7500,0,0,09-11-2012,24,3,9
7286,1968,Graduation,Together,41728,1,0,24-05-2013,92,2,10
7244,1951,Graduation,Single,,2,1,01-01-2014,96,4,6
6566,1954,PhD,Married,72550,1,1,08-11-2012,39,12,8
8614,1957,Graduation,Widow,65486,0,1,12-05-2014,29,10,2
4114,1964,Master,Married,79143,0,0,11-08-2012,2,13,3
1331,1977,Graduation,Single,35790,1,0,02-01-2013,54,3,7
2225,1977,Graduation,Divorced,82582,0,0,07-06-2014,54,7,1
9381,1978,Graduation,Married,66373,1,1,12-06-2013,57,10,3
6260,1955,Master,Together,82384,0,0,19-11-2012,55,13,1
10383,1966,Graduation,Divorced,70287,0,0,02-04-2013,30,10,3
7437,1988,Graduation,Single,27938,1,0,28-04-2014,31,4,3
8557,1982,Graduation,Single,,1,0,17-06-2013,57,3,6
8375,1968,PhD,Married,55954,0,1,03-03-2014,63,6,7
6853,1982,Master,Single,75777,0,0,04-07-2013,12,11,1
3076,1975,Graduation,Together,66653,1,1,07-09-2012,18,12,3
1012,1952,Graduation,Single,61823,0,1,18-02-2013,26,10,7
6518,1951,PhD,Widow,67680,0,1,11-06-2013,8,8,5
4137,1948,Graduation,Together,70666,0,0,06-12-2013,29,4,4
8082,1971,Graduation,Married,25721,1,0,21-05-2013,75,2,7
1386,1967,Graduation,Together,32474,1,1,11-05-2014,0,2,7
9369,1979,2n Cycle,Single,88194,0,1,19-03-2014,19,10,5
4477,1958,Graduation,Together,69096,0,1,27-09-2013,4,10,4
1357,1970,Graduation,Together,74854,1,2,08-04-2013,90,5,5
1402,1954,Master,Married,66991,0,0,11-09-2012,1,6,3
10629,1973,2n Cycle,Married,,1,0,14-09-2012,25,3,8
6312,1959,Graduation,Married,65031,0,1,17-03-2013,29,13,7
8132,1975,PhD,Married,60631,1,1,05-04-2013,88,8,7
1050,1952,Graduation,Married,28332,0,0,30-04-2014,58,4,2
5846,1977,Graduation,Divorced,40246,1,0,19-12-2012,68,2,6
1859,1972,Master,Married,75251,0,0,27-08-2012,34,5,5
7503,1976,Graduation,Single,75825,0,0,12-10-2012,40,9,4
10401,1976,2n Cycle,Together,26326,0,0,04-09-2013,12,3,3
1618,1965,Graduation,Together,56046,0,0,02-01-2013,9,8,8
3332,1985,Graduation,Single,29760,1,0,29-08-2012,87,4,8
2261,1969,Graduation,Married,26304,1,0,23-06-2013,5,2,7
5346,1973,2n Cycle,Married,23559,1,0,03-07-2013,87,3,7
4119,1963,Master,Together,38620,0,0,11-05-2013,56,3,3
535,1987,Graduation,Divorced,81361,0,0,25-02-2014,18,13,1
5268,1960,Graduation,Married,29440,1,1,11-08-2013,95,4,7
273,1970,Master,Married,36138,1,1,16-07-2013,48,4,7
4452,1957,Graduation,Single,50388,0,1,28-05-2014,3,6,7
8504,1973,Graduation,Married,79593,0,0,12-05-2014,70,7,2
771,1967,Graduation,Together,54178,0,1,21-01-2014,79,5,2
8996,1957,PhD,Married,,2,1,19-11-2012,4,8,9
9235,1957,Graduation,Single,,1,1,27-05-2014,45,2,7
5798,1973,Master,Together,,0,0,23-11-2013,87,8,1
11178,1972,Master,Single,42394,1,0,23-03-2014,69,3,7
2230,1970,PhD,Married,23626,1,0,24-05-2014,84,3,5
7516,1983,Graduation,Married,30096,1,0,22-05-2014,30,3,6
7247,1960,Graduation,Widow,47916,0,1,22-11-2012,72,6,6
11100,1972,Graduation,Divorced,51813,1,1,11-04-2013,37,3,7
4646,1951,2n Cycle,Married,78497,0,0,01-12-2013,44,12,2
3037,1983,PhD,Married,50150,0,0,20-06-2013,32,7,5
1473,1960,2n Cycle,Single,47823,0,1,23-07-2013,0,3,8
1016,1959,PhD,Single,34554,0,1,30-03-2014,43,3,6
4518,1979,Graduation,Together,85693,0,1,20-04-2013,59,11,5
9370,1945,PhD,Married,65846,0,0,17-05-2013,68,6,4
8908,1959,Graduation,Married,87195,0,0,08-05-2014,35,5,1
8373,1979,Basic,Together,24594,1,0,10-12-2013,94,3,5
7533,1964,Graduation,Married,49096,1,1,24-09-2013,15,4,7
2683,1969,Graduation,Married,52413,0,2,02-02-2013,56,12,6
3629,1978,Graduation,Single,38557,1,0,19-12-2012,17,3,7
10991,1960,Master,Married,89058,0,0,07-12-2012,18,4,2
5077,1979,Graduation,Together,77298,0,1,02-11-2013,46,11,3
7431,1991,PhD,Single,68126,0,0,10-11-2012,40,5,9
3267,1963,Master,Together,57288,0,1,25-06-2014,27,8,6
999,1991,Graduation,Single,86037,0,0,02-01-2013,95,11,3
9215,1980,PhD,Married,43974,1,0,12-12-2012,19,6,7
2286,1962,Graduation,Single,50785,1,1,10-09-2013,27,3,6
1592,1970,Graduation,Married,90765,0,0,24-01-2014,25,5,1
367,1978,2n Cycle,Married,36550,1,0,19-02-2013,74,5,9
5234,1967,2n Cycle,Together,30753,1,1,11-07-2013,85,3,5
9862,1969,Graduation,Together,21918,1,0,14-11-2013,37,3,6
9805,1953,Master,Together,56129,0,1,20-06-2013,65,10,4
6205,1967,Master,Single,32557,1,0,24-02-2014,13,3,5
8442,1985,Master,Married,19510,2,0,04-09-2013,63,3,7
7386,1976,Graduation,Divorced,30992,1,0,22-04-2013,83,3,7
7215,1983,Graduation,Single,101970,0,0,12-03-2013,69,13,2
1491,1965,2n Cycle,Together,71488,0,0,18-02-2013,87,7,1
11071,1984,Graduation,Single,79607,0,0,21-04-2013,37,6,1
3381,1953,Master,Married,54348,1,1,08-06-2014,51,4,6
8268,1961,PhD,Married,,0,1,11-07-2013,23,7,6
11051,1956,PhD,Together,77376,1,1,10-05-2014,72,10,4
8026,1952,Graduation,Married,62998,0,1,30-09-2013,10,5,5
433,1958,Master,Alone,61331,1,1,10-03-2013,42,6,8
9597,1969,Graduation,Married,73448,0,0,10-02-2014,10,9,4
1295,1963,Graduation,Married,,0,1,11-08-2013,96,7,4
5290,1964,PhD,Married,41551,1,1,14-08-2013,51,5,8
1685,1967,PhD,Together,62981,0,0,17-03-2013,21,13,3
5342,1976,Basic,Divorced,9548,1,0,08-08-2012,31,3,8
9579,1959,PhD,Married,33762,2,1,07-07-2013,61,2,8
7660,1973,PhD,Alone,35860,1,1,19-05-2014,37,2,5
1461,1965,PhD,Divorced,36921,1,1,28-07-2013,74,3,7
821,1992,Master,Single,92859,0,0,19-10-2012,46,12,2
11084,1976,Master,Together,65104,0,1,14-11-2013,4,7,7
8690,1962,Graduation,Married,86111,0,0,19-04-2013,73,10,2
2937,1974,PhD,Single,68352,0,1,28-08-2013,47,9,6
9701,1988,Graduation,Together,41883,1,0,19-03-2013,13,3,7
9949,1976,Graduation,Married,59809,0,2,18-10-2012,36,6,8
10837,1975,Graduation,Married,23957,1,0,28-10-2012,47,3,6
3120,1981,Graduation,Together,38547,1,0,28-08-2013,49,2,8
5885,1973,2n Cycle,Married,35688,2,1,22-08-2012,94,4,8
4050,1966,Master,Married,49605,0,0,21-06-2014,65,4,3
3830,1953,Master,Married,59354,0,2,24-04-2014,59,7,3
7987,1969,Graduation,Married,65747,0,1,07-03-2014,96,6,6
7798,1972,2n Cycle,Together,46344,0,1,14-12-2012,28,5,7
92,1988,Graduation,Alone,34176,1,0,12-05-2014,12,4,6
7055,1952,PhD,Together,61010,0,1,09-10-2012,57,11,5
10240,1949,Graduation,Together,69372,0,0,19-02-2013,10,6,4
3025,1958,Graduation,Single,49967,0,1,08-07-2013,4,5,7
9283,1978,Graduation,Single,60199,1,2,12-09-2013,49,3,4
9970,1977,Graduation,Together,55375,0,1,17-10-2013,3,6,2
2730,1955,Graduation,Single,80317,0,0,20-08-2013,64,10,1
2795,1958,Master,Single,30523,2,1,01-07-2013,0,2,7
9260,1945,PhD,Married,70356,0,0,05-11-2012,20,9,6
8182,1984,Graduation,Married,23228,1,0,05-01-2014,91,4,8
10095,1975,PhD,Divorced,74165,0,0,01-05-2013,9,10,2
8475,1973,PhD,Married,157243,0,1,01-03-2014,98,0,0
4370,1966,Graduation,Together,43482,2,1,13-11-2013,83,4,6
10573,1953,Graduation,Divorced,62551,0,0,18-11-2013,27,4,3
3712,1959,Graduation,Divorced,52332,0,0,28-08-2013,63,6,4
6637,1988,Graduation,Single,66951,0,0,02-11-2013,46,7,1
3152,1957,Graduation,Together,26091,1,1,25-02-2014,84,3,5
5610,1965,Graduation,Together,33456,1,1,21-04-2014,58,3,7
6460,1982,Graduation,Married,28718,1,0,13-07-2013,78,3,8
1349,1970,Graduation,Married,50447,2,0,21-04-2014,4,3,6
1880,1959,PhD,Together,53537,1,1,30-01-2014,17,3,5
641,1967,Graduation,Single,52074,0,1,04-04-2014,77,2,4
8717,1975,PhD,Married,80427,0,1,12-09-2012,56,8,5
10314,1948,PhD,Married,83837,0,0,16-12-2012,79,5,4
10854,1970,PhD,Married,38853,1,1,23-05-2014,90,3,7
10492,1959,Graduation,Together,38285,2,1,24-06-2014,96,3,2
6935,1951,2n Cycle,Married,78497,0,0,01-12-2013,44,12,2
7698,1976,PhD,Married,51650,0,1,11-05-2014,81,4,5
3559,1988,2n Cycle,Married,16248,1,0,10-05-2014,77,3,6
10562,1946,Master,Married,66835,0,0,28-09-2013,21,13,2
10796,1984,Master,Married,30477,1,0,22-01-2014,16,3,6
2563,1961,Basic,Married,28249,0,0,15-06-2014,80,3,6
3518,1983,Graduation,Married,25271,1,0,05-12-2012,45,2,9
5823,1970,PhD,Single,32303,0,1,08-03-2014,63,4,5
3934,1966,Graduation,Married,61286,0,1,02-08-2013,34,8,5
6982,1976,Graduation,Married,74068,0,0,19-03-2013,14,9,2
6431,1964,PhD,Married,45759,1,1,23-02-2013,13,3,7
9733,1978,Basic,Together,24882,1,0,09-09-2012,52,2,6
5602,1989,PhD,Together,66973,0,0,17-05-2013,98,12,3
7829,1900,2n Cycle,Divorced,36640,1,0,26-09-2013,99,2,5
1324,1988,Graduation,Married,38872,1,0,30-05-2013,93,3,8
326,1973,Graduation,Married,51148,1,1,18-02-2013,38,6,6
7224,1977,Graduation,Married,31353,1,1,29-12-2013,24,2,8
6999,1980,Master,Married,69661,0,0,13-05-2014,80,12,3
9938,1954,Graduation,Married,80067,0,0,19-09-2013,82,6,2
6422,1954,Graduation,Married,86718,0,0,17-01-2013,20,5,2
3182,1973,PhD,Single,46854,1,1,31-03-2014,81,3,8
7300,1952,Graduation,Divorced,69142,0,1,29-06-2014,50,7,5
10424,1968,Graduation,Single,75922,0,0,09-12-2013,60,9,1
8727,1978,Graduation,Divorced,63693,0,1,14-10-2013,63,9,6
2798,1977,PhD,Together,102160,0,0,02-11-2012,54,10,4
1030,1965,PhD,Single,40637,1,1,17-07-2013,72,3,7
624,1984,Master,Single,18890,0,0,10-11-2012,5,2,6
5176,1988,Graduation,Together,29604,1,0,08-12-2013,88,3,9
5552,1963,Master,Divorced,48721,1,1,13-05-2013,50,5,6
868,1966,Graduation,Married,44794,0,1,08-06-2014,99,3,6
380,1954,Graduation,Divorced,64497,0,1,10-09-2012,17,9,8
2677,1956,Graduation,Together,46097,0,1,31-03-2013,11,6,4
6521,1954,Graduation,Together,77972,0,0,18-03-2014,18,9,1
6927,1968,PhD,Married,44377,1,1,05-10-2012,70,5,8
2877,1974,Master,Together,46014,1,1,21-01-2013,21,8,7
0,1985,Graduation,Married,70951,0,0,04-05-2013,66,9,1
1584,1977,Graduation,Married,41443,1,0,01-04-2014,79,5,8
7264,1978,2n Cycle,Single,52195,2,1,12-05-2014,2,2,8
6274,1948,Master,Married,83790,0,0,15-11-2013,81,6,3
1377,1954,Master,Widow,44551,0,1,31-08-2013,24,5,7
454,1980,Graduation,Together,69508,1,0,14-11-2012,48,11,6
1755,1988,2n Cycle,Together,45204,1,0,11-04-2014,93,4,3
2075,1969,Graduation,Married,72460,0,0,14-11-2013,56,7,1
4785,1970,PhD,Together,77622,0,2,14-04-2014,3,11,3
9076,1980,PhD,Married,30732,1,0,05-01-2013,44,4,8
7079,1962,Graduation,Divorced,63887,0,1,08-09-2012,38,12,6
4653,1978,Graduation,Together,42011,1,0,26-03-2013,46,4,8
7375,1976,Graduation,Together,51369,0,1,25-10-2012,84,4,8
709,1952,Graduation,Divorced,51537,0,1,09-12-2012,27,11,8
460,1972,PhD,Married,79930,0,0,08-08-2012,72,8,2
3726,1986,PhD,Together,34320,1,0,16-02-2014,66,2,8
6798,1966,Graduation,Single,37070,1,1,20-03-2013,30,8,7
5341,1962,2n Cycle,Divorced,81975,0,1,05-01-2013,2,4,7
1606,1971,Graduation,Together,38590,1,0,15-05-2013,65,2,8
9617,1951,Graduation,Single,15033,0,0,16-04-2014,37,3,3
3233,1965,PhD,Married,62745,0,1,23-03-2013,89,11,5
89,1975,2n Cycle,Married,22212,1,0,09-12-2013,49,4,6
2936,1982,Master,Together,23661,1,0,04-12-2013,46,3,7
9449,1958,PhD,Single,79761,0,1,04-10-2013,32,11,3
7297,1973,Graduation,Single,7500,1,0,26-12-2013,54,3,7
11004,1893,2n Cycle,Single,60182,0,1,17-05-2014,23,2,4
313,1968,Graduation,Widow,73455,0,0,28-10-2013,98,10,3
9940,1958,Graduation,Together,64961,0,1,23-12-2012,97,4,3
10735,1971,Graduation,Single,22804,1,0,31-07-2013,75,2,9
9529,1990,Graduation,Married,73687,0,0,28-11-2013,8,9,2
6439,1958,Graduation,Married,61074,0,1,17-08-2012,37,8,7
7411,1964,PhD,Married,31686,1,1,05-06-2014,31,3,6
2176,1972,Graduation,Married,80134,1,0,20-05-2013,40,6,6
9265,1953,Graduation,Married,75027,0,1,09-01-2013,74,6,5
8867,1988,PhD,Married,67546,0,0,31-08-2012,90,5,3
8932,1969,Master,Together,65176,0,1,29-10-2012,57,6,6
10236,1975,Master,Single,31160,1,0,16-09-2013,59,3,8
6340,1985,Graduation,Single,29938,1,0,27-10-2013,52,3,6
10089,1974,Graduation,Divorced,102692,0,0,05-04-2013,5,13,2
2227,1958,2n Cycle,Together,26490,0,0,22-09-2012,92,5,6
10992,1967,Graduation,Together,75702,1,1,29-08-2012,77,11,8
5304,1974,PhD,Single,30899,1,0,13-10-2012,35,3,6
309,1961,PhD,Together,63342,0,1,16-10-2012,48,5,6
3406,1964,Graduation,Single,45989,0,1,22-10-2012,97,7,3
2661,1964,Graduation,Single,18701,1,1,04-06-2013,95,4,5
3153,1957,PhD,Single,40737,2,1,08-12-2013,24,2,8
10264,1979,Graduation,Divorced,15287,1,0,10-10-2012,60,2,7
1184,1968,PhD,Divorced,69674,0,2,22-05-2013,46,10,5
4200,1970,Master,Married,44159,1,0,17-06-2014,85,6,5
9396,1978,PhD,Married,37717,1,0,23-11-2012,31,2,9
2387,1952,Master,Together,43776,1,1,03-02-2013,9,4,8
6690,1966,Master,Married,38179,1,1,14-03-2013,30,3,7
1225,1963,Graduation,Married,80124,0,0,26-06-2014,47,8,1
9703,1970,PhD,Married,38097,1,1,15-10-2012,70,2,7
291,1970,Graduation,Married,72940,0,0,19-06-2013,13,6,1
4557,1970,Graduation,Together,22070,1,0,04-10-2013,11,2,6
2379,1953,Graduation,Single,69267,0,0,22-09-2012,31,5,7
5726,1983,Master,Single,31788,1,0,20-03-2014,15,4,5
3066,1975,PhD,Together,61905,0,1,04-02-2014,2,4,5
6336,1960,Graduation,Married,29315,1,1,06-04-2014,55,4,6
10967,1963,Graduation,Divorced,33378,1,1,06-02-2013,38,4,7
2304,1963,PhD,Together,66313,0,1,16-09-2013,86,12,4
3445,1956,Graduation,Single,60714,0,0,17-01-2013,56,10,5
7828,1981,Master,Together,77882,0,0,30-04-2014,29,5,1
3762,1986,PhD,Single,69867,0,0,02-04-2013,30,8,1
4391,1968,Master,Divorced,63841,0,1,21-04-2013,64,9,6
4669,1981,Basic,Married,24480,1,0,11-02-2013,46,4,7
10144,1976,Graduation,Together,51369,0,1,25-10-2012,84,4,8
8652,1946,Graduation,Together,37760,0,0,31-08-2012,20,6,7
1672,1974,PhD,Together,65640,0,1,01-03-2014,74,8,2
8962,1975,Master,Married,44319,1,1,17-04-2014,18,3,5
9974,1974,Graduation,Married,30631,1,0,12-07-2013,75,2,7
10983,1952,Graduation,Together,75278,0,0,29-01-2013,17,13,3
8148,1956,Master,Together,50898,1,1,08-01-2013,88,12,5
10102,1966,Graduation,Widow,79946,0,0,12-05-2014,19,5,3
4697,1949,Master,Divorced,35416,0,0,13-06-2013,62,5,8
9262,1984,2n Cycle,Together,32414,0,0,04-07-2013,11,3,7
7254,1969,Graduation,Together,38361,1,0,27-12-2013,74,3,7
4543,1980,Graduation,Married,82497,0,0,31-10-2012,32,9,4
4927,1971,Graduation,Together,16626,2,0,15-01-2014,76,3,9
10451,1965,Graduation,Together,29672,1,1,12-03-2013,6,3,6
2926,1952,Master,Together,55951,0,1,23-08-2012,62,11,8
2874,1988,2n Cycle,Divorced,35388,1,0,07-03-2013,20,3,7
9738,1986,Master,Together,42386,1,0,13-01-2013,43,3,8
7119,1982,Graduation,Single,68627,0,0,12-01-2013,45,6,1
3924,1965,PhD,Divorced,57912,0,1,17-03-2014,34,12,5
5827,1958,Graduation,Divorced,35246,1,1,16-04-2014,53,3,5
5596,1956,2n Cycle,Together,58821,0,1,12-10-2013,44,9,6
10812,1978,PhD,Married,46377,1,0,01-03-2014,89,3,4
1717,1988,Graduation,Single,39747,1,0,13-04-2014,43,4,8
9491,1984,Graduation,Together,23976,1,0,27-12-2013,68,3,7
9274,1961,Master,Married,80950,0,0,28-03-2013,44,9,2
6609,1966,Graduation,Widow,27038,0,0,18-09-2012,64,3,9
6963,1947,Graduation,Single,77457,0,0,05-03-2014,85,10,1
4440,1964,Master,Married,64100,0,1,10-09-2013,93,6,7
1379,1992,Master,Together,42670,0,0,27-04-2013,12,4,4
10032,1976,Graduation,Divorced,12571,1,0,18-01-2014,86,3,6
2826,1967,Graduation,Married,22574,2,1,28-10-2013,28,3,7
2437,1989,Graduation,Married,,0,0,03-06-2013,69,12,3
6320,1976,Master,Single,70893,0,0,06-02-2013,42,10,3
3050,1966,Graduation,Married,54198,1,1,17-12-2013,13,6,4
231,1956,Master,Together,28839,1,1,11-03-2014,86,3,5
2392,1972,Graduation,Married,40321,1,1,29-07-2013,59,3,7
9478,1985,Graduation,Single,66503,1,0,14-08-2012,30,6,3
113,1951,Graduation,Married,30833,1,1,16-07-2013,33,3,5
2863,1970,Graduation,Single,,1,2,23-08-2013,67,10,7
1802,1971,Graduation,Married,64795,0,1,17-01-2013,23,12,2
520,1974,Graduation,Married,34421,1,0,01-07-2013,81,2,7
8275,1965,PhD,Divorced,47025,1,1,09-02-2014,6,2,7
9750,1961,PhD,Divorced,64325,0,1,07-02-2013,41,5,7
2607,1953,Graduation,Single,40464,0,1,11-01-2013,78,8,8
7214,1957,Graduation,Married,62187,0,0,05-07-2013,49,5,3
5835,1976,PhD,Divorced,14849,1,0,02-07-2013,39,4,8
3896,1984,Graduation,Married,27255,1,0,07-11-2013,3,3,7
10350,1950,PhD,Married,54432,2,1,09-05-2013,37,3,4
7786,1986,PhD,Single,29999,1,0,13-02-2013,22,4,8
2861,1983,Graduation,Single,24072,1,0,16-04-2013,79,2,8
663,1989,PhD,Single,33996,0,0,11-09-2013,46,3,4
10675,1956,PhD,Married,66334,0,1,03-04-2013,82,5,5
2521,1971,Master,Married,35178,1,0,10-01-2013,10,2,7
9592,1983,Graduation,Together,22010,1,0,30-06-2013,51,3,8
10151,1960,Graduation,Divorced,62204,0,2,12-09-2012,38,12,3
7381,1968,Graduation,Divorced,75693,0,0,06-12-2012,10,6,4
4099,1972,Graduation,Married,30675,1,0,12-11-2012,14,3,8
9560,1965,Graduation,Together,83003,0,0,03-03-2013,18,8,3
1150,1899,PhD,Together,83532,0,0,26-09-2013,36,4,1
10172,1988,Graduation,Single,68655,0,0,10-08-2012,95,11,3
11191,1986,Graduation,Divorced,41411,0,0,07-12-2013,11,4,6
9707,1969,PhD,Married,55212,0,1,23-11-2012,65,11,8
6245,1950,PhD,Together,59292,0,1,13-06-2013,71,8,3
8234,1973,Basic,Together,27190,1,0,15-08-2013,13,2,8
1411,1952,Graduation,Divorced,82623,0,0,10-11-2013,58,4,1
8553,1965,Graduation,Married,44300,1,1,23-06-2013,65,3,6
1826,1970,Graduation,Divorced,84835,0,0,16-06-2014,0,6,1
8842,1971,Graduation,Widow,30372,1,1,25-12-2012,33,3,7
11030,1976,Master,Married,33181,1,0,03-01-2014,90,2,6
2579,1957,Graduation,Married,71113,0,1,17-12-2013,95,9,4
175,1986,Graduation,Married,71952,1,0,10-01-2013,93,8,4
9185,1966,PhD,Single,69759,0,0,28-10-2013,38,5,3
11056,1974,Graduation,Married,72099,0,0,27-10-2012,18,10,1
9365,1976,PhD,Single,60000,0,1,22-12-2012,57,5,6
6201,1978,Graduation,Single,38643,1,1,29-11-2013,45,3,7
2061,1955,Graduation,Married,50737,0,1,11-05-2013,61,4,6
6184,1969,PhD,Married,68462,0,0,12-12-2012,6,8,1
6142,1943,Master,Married,65073,0,0,20-08-2013,65,5,2
4107,1948,PhD,Together,46681,0,2,08-10-2013,52,4,5
7274,1957,Graduation,Married,78618,0,0,28-09-2012,87,10,2
9336,1969,PhD,Widow,62187,0,1,22-03-2014,38,10,4
2958,1978,Graduation,Married,28442,2,0,24-02-2014,53,4,4
933,1978,PhD,Married,37717,1,0,23-11-2012,31,2,9
5837,1967,Graduation,Married,51479,1,1,28-12-2012,67,6,7
10704,1969,Graduation,Single,54803,0,1,21-08-2012,65,9,4
5125,1960,Graduation,Married,79530,0,0,17-05-2013,64,11,2
4432,1976,Graduation,Divorced,31615,1,0,16-03-2013,82,3,7
5955,1962,Graduation,Together,72025,0,0,17-11-2012,27,8,3
2928,1975,PhD,Single,52614,0,1,01-12-2012,63,8,8
5680,1984,2n Cycle,Married,35684,1,0,22-04-2014,66,3,6
10313,1975,Graduation,Married,48178,1,1,28-10-2012,69,4,8
2557,1970,Master,Single,29548,1,0,29-08-2013,52,2,4
1245,1966,Graduation,Single,63810,0,1,11-11-2012,45,12,8
1519,1972,PhD,Single,38578,1,1,22-06-2013,2,3,8
10703,1975,Master,Single,46098,1,1,18-08-2012,86,2,8
1726,1970,Graduation,Single,22585,0,0,18-03-2013,23,2,9
4459,1989,Graduation,Single,30279,1,0,30-12-2012,13,3,8
1729,1961,PhD,Together,66426,0,1,02-10-2013,14,10,6
1517,1969,Graduation,Single,30822,1,0,14-06-2013,92,3,7
2098,1969,PhD,Married,33581,2,0,08-01-2013,38,2,8
9543,1985,Graduation,Married,19986,1,0,14-11-2013,74,3,7
6878,1954,Graduation,Widow,27421,0,0,12-12-2012,14,6,7
3310,1973,2n Cycle,Married,35688,2,1,22-08-2012,94,4,8
2724,1981,Master,Single,36143,1,0,30-03-2014,33,2,3
948,1971,Graduation,Single,10245,1,0,15-05-2013,32,2,5
6720,1968,Master,Together,43795,0,1,16-10-2013,11,4,7
6202,1960,Graduation,Together,63381,0,1,05-10-2012,78,13,2
2066,1949,Graduation,Together,38823,0,1,30-08-2012,56,3,6
9799,1968,PhD,Divorced,83664,1,1,08-05-2013,57,12,5
8318,1979,Graduation,Together,90300,0,0,03-01-2014,7,8,1
5642,1979,Master,Together,62499,1,0,09-12-2013,0,6,4
2669,1993,Graduation,Single,74293,0,0,04-05-2014,66,6,2
455,1946,PhD,Married,51012,0,0,18-04-2013,86,4,6
7683,1968,Master,Married,70777,0,1,25-02-2014,80,12,3
3428,1991,PhD,Together,68682,0,0,06-10-2013,56,10,2
7414,1971,Graduation,Married,43824,1,1,15-09-2012,18,4,8
6354,1984,Graduation,Together,15345,1,0,31-08-2012,51,2,8
798,1987,Graduation,Single,23442,1,0,24-12-2012,71,3,7
8213,1980,2n Cycle,Together,14515,1,0,09-11-2012,71,3,7
2488,1956,2n Cycle,Divorced,31395,1,1,23-03-2013,80,3,6
9999,1965,Graduation,Together,75276,0,0,27-09-2012,2,9,5
7617,1974,Graduation,Single,42373,1,1,15-08-2013,83,5,5
615,1960,Graduation,Together,30507,0,0,11-03-2013,29,4,7
2552,1955,PhD,Single,55521,1,2,22-10-2013,11,6,7
194,1965,Graduation,Married,48006,1,1,09-06-2014,55,3,6
3645,1972,PhD,Single,27213,1,0,30-08-2012,19,4,8
8890,1971,PhD,Divorced,65808,1,1,30-05-2014,1,5,6
5049,1974,PhD,Together,30351,1,0,06-06-2013,19,2,9
9973,1963,Graduation,Married,50437,0,2,17-10-2012,28,8,7
7301,1982,2n Cycle,Single,23616,1,0,17-11-2012,76,3,8
10882,1976,Graduation,Married,53858,0,1,09-11-2012,50,6,4
7030,1955,PhD,Married,66465,0,1,30-03-2013,1,12,6
7422,1987,Graduation,Single,46923,1,0,22-08-2012,90,7,7
3523,1962,Graduation,Together,75072,0,1,23-01-2013,83,8,3
7106,1943,PhD,Married,75865,0,0,31-03-2014,73,10,1
6504,1975,2n Cycle,Together,19789,1,0,20-11-2013,24,3,5
5067,1994,Graduation,Together,80134,0,0,14-02-2014,11,11,5
4216,1981,Graduation,Single,91065,0,0,22-02-2013,33,9,3
8581,1971,Master,Married,49505,1,1,05-03-2013,4,8,8
5929,1973,PhD,Married,37401,1,0,06-05-2014,14,3,7
3129,1983,Graduation,Married,30096,1,0,22-05-2014,30,3,6
6528,1982,Master,Together,18492,1,0,05-06-2014,75,2,8
1361,1974,Master,Married,82584,0,0,04-06-2013,26,8,1
6932,1941,PhD,Married,93027,0,0,13-04-2013,77,5,2
7284,1953,Graduation,Married,48686,1,2,04-12-2013,8,2,8
1340,1986,Graduation,Married,92910,0,0,24-04-2014,42,13,1
8746,1989,Graduation,Married,75433,1,0,05-04-2014,28,10,6
5987,1989,2n Cycle,Together,10404,1,0,04-05-2014,52,4,5
3767,1968,Graduation,Married,61314,0,1,25-04-2013,1,12,3
3725,1961,PhD,Single,84865,0,0,09-05-2013,1,9,4
4324,1989,Graduation,Married,42387,1,0,29-10-2012,42,7,8
238,1967,2n Cycle,Together,67309,1,1,23-01-2013,76,9,7
6694,1964,Graduation,Married,75236,0,1,25-11-2013,27,13,4
498,1970,Graduation,Single,30015,1,0,02-02-2014,28,4,5
9347,1956,Master,Together,50943,0,1,21-06-2013,49,3,5
9699,1966,Graduation,Divorced,67272,0,1,21-12-2013,12,12,5
10664,1949,Master,Widow,51529,0,1,07-09-2013,14,5,8
5455,1971,PhD,Married,32011,1,0,22-08-2013,89,4,7
456,1986,2n Cycle,Married,7500,1,0,07-02-2013,96,3,8
5012,1989,Graduation,Married,28691,1,0,04-07-2013,56,3,8
7495,1948,PhD,Married,56223,0,1,20-12-2013,72,5,4
5029,1946,Graduation,Married,18100,0,0,06-08-2013,14,3,5
10642,1989,Graduation,Single,30279,1,0,30-12-2012,13,3,8
2106,1974,2n Cycle,Married,20130,0,0,17-03-2014,99,3,8
10364,1959,Graduation,Divorced,23295,0,0,13-07-2013,72,2,8
5954,1972,Master,Divorced,42618,1,0,09-10-2013,92,4,8
1137,1964,Graduation,Single,81246,0,0,29-12-2013,87,7,1
2541,1976,Graduation,Married,24027,1,0,09-06-2013,7,3,8
1142,1953,PhD,Married,55707,0,1,22-12-2013,91,9,3
2276,1955,Graduation,Single,57959,0,1,02-05-2013,71,11,3
2807,1969,Graduation,Married,56796,0,1,16-02-2013,24,7,7
6471,1971,Master,Single,36230,1,0,17-10-2013,17,4,5
6131,1980,2n Cycle,Married,70829,1,1,01-12-2013,87,8,3
6233,1976,Graduation,Married,65991,0,1,07-09-2012,21,10,7
4148,1972,Graduation,Married,38988,1,2,20-08-2012,90,6,8
4947,1966,2n Cycle,Single,89572,0,0,15-09-2012,44,9,4
3225,1984,Master,Married,42207,1,0,01-04-2013,71,5,6
7540,1952,Graduation,Married,50300,0,1,25-05-2014,52,8,2
10648,1982,2n Cycle,Together,66664,0,0,25-09-2012,78,6,3
1992,1964,Graduation,Married,60597,0,1,01-01-2014,2,8,7
7851,1949,Graduation,Widow,70165,0,0,22-09-2013,60,11,1
8594,1958,PhD,Widow,50520,0,1,28-01-2014,25,3,6
7059,1963,Graduation,Married,80124,0,0,26-06-2014,47,8,1
2815,1975,Graduation,Married,33183,1,0,24-02-2014,46,3,7
2416,1969,PhD,Single,66582,0,0,03-03-2014,83,9,1
7999,1955,PhD,Together,75261,0,0,23-04-2013,17,5,2
9213,1970,Graduation,Widow,31880,1,0,31-10-2012,13,2,8
9697,1951,Graduation,Married,53790,0,2,06-03-2014,86,8,6
3916,1971,PhD,Together,49269,1,0,15-08-2012,92,12,7
2021,1975,Graduation,Married,61456,0,1,27-03-2013,47,13,4
1581,1980,Graduation,Married,37406,1,0,10-10-2013,18,2,8
564,1981,PhD,Together,56937,1,0,04-08-2012,81,9,6
6619,1978,Graduation,Married,38415,1,1,02-01-2013,91,3,7
9081,1988,Graduation,Single,20518,1,0,18-05-2014,58,2,5
178,1956,Graduation,Married,62503,0,1,18-02-2013,40,11,5
916,1972,PhD,Single,41644,1,1,09-05-2014,67,3,3
5512,1977,Master,Married,55842,0,1,23-05-2014,19,8,5
8970,1972,PhD,Married,62010,0,1,23-10-2012,93,7,5
10581,1977,Graduation,Married,41124,1,0,31-10-2012,41,4,8
5300,1973,Master,Married,38961,1,0,30-12-2013,60,2,7
5154,1972,Master,Divorced,37760,1,0,11-08-2013,54,3,6
8346,1974,Graduation,Single,32233,1,0,19-08-2012,26,2,9
1676,1975,Graduation,Married,43057,0,1,30-10-2013,30,5,5
9286,1960,Master,Together,83151,0,0,10-10-2012,93,4,3
2426,1964,PhD,Divorced,78825,0,0,14-09-2012,35,13,3
5172,1976,Master,Together,65104,0,1,14-11-2013,4,7,7
5562,1974,Graduation,Married,60093,0,1,26-06-2013,92,10,6
3436,1969,Graduation,Married,14045,1,0,26-01-2014,24,3,7
3921,1952,2n Cycle,Widow,28457,0,0,28-10-2012,96,4,8
3403,1958,PhD,Together,78952,0,1,24-09-2012,11,12,6
22,1976,Graduation,Divorced,46310,1,0,03-12-2012,99,5,8
10965,1955,Graduation,Together,76005,0,0,22-02-2013,72,13,6
9426,1964,Master,Single,58308,0,1,12-01-2013,77,3,8
6605,1944,PhD,Divorced,55614,0,0,27-11-2013,85,6,7
3136,1962,Master,Divorced,59432,0,1,13-04-2013,88,11,5
8737,1978,Graduation,Divorced,55563,0,1,05-04-2014,22,3,3
11088,1971,PhD,Together,78642,0,1,21-04-2013,83,4,6
716,1949,PhD,Together,67911,0,1,22-05-2014,63,11,3
466,1944,Graduation,Married,65275,0,0,03-04-2013,9,13,2
9135,1950,Graduation,Together,27203,1,1,06-08-2012,92,2,8
10623,1961,Master,Together,48330,0,1,15-11-2013,2,3,5
8151,1990,Basic,Married,24279,0,0,29-12-2012,6,3,8
5140,1985,PhD,Married,64355,1,0,24-08-2012,66,12,8
10160,1956,Master,Together,50943,0,1,21-06-2013,49,3,5
4945,1953,Graduation,Widow,53653,0,0,07-11-2012,29,12,6
10584,1976,Graduation,Married,65665,0,1,02-12-2013,77,8,3
6071,1989,Graduation,Single,81217,0,0,19-07-2013,77,11,1
3386,1992,Graduation,Married,34935,0,0,21-06-2013,71,4,7
8939,1959,Graduation,Divorced,61250,0,1,16-12-2012,49,12,5
9925,1981,PhD,Together,39665,1,0,25-05-2013,97,3,7
4320,1979,Graduation,Single,60152,0,1,28-03-2013,6,12,3
5389,1964,Graduation,Married,48920,0,2,20-10-2013,93,5,7
6036,1959,Master,Together,89120,0,0,17-03-2014,78,7,1
182,1946,PhD,Together,44124,0,1,11-05-2013,62,5,8
203,1975,Master,Single,81169,0,0,14-04-2013,47,9,2
11025,1961,Graduation,Married,36443,1,1,03-02-2013,9,3,8
10203,1990,Graduation,Single,26095,1,0,30-06-2013,77,3,7
4607,1959,Graduation,Together,71367,0,0,23-08-2013,24,7,2
3711,1944,Master,Married,80184,0,0,01-03-2014,19,10,3
3696,1965,Graduation,Divorced,30630,1,1,27-01-2014,67,3,7
2532,1987,Master,Single,73454,0,0,01-03-2014,95,6,5
9214,1991,Graduation,Married,42691,0,0,16-08-2013,48,6,5
4943,1953,Graduation,Married,70503,0,0,30-09-2012,73,9,6
35,1987,Graduation,Married,25545,1,0,08-09-2012,35,3,6
2258,1986,Graduation,Married,32880,1,0,04-12-2012,76,3,8
4322,1958,PhD,Together,77863,0,0,27-11-2013,20,10,2
713,1977,Master,Married,50353,0,0,08-06-2014,72,6,3
4702,1964,Graduation,Single,61839,0,0,12-08-2012,20,4,8
3281,1960,PhD,Married,49154,1,1,03-11-2013,69,8,6
702,1975,2n Cycle,Widow,47682,0,1,15-02-2013,80,8,5
2004,1969,Graduation,Single,72679,0,1,18-09-2013,65,5,1
4769,1977,Master,Together,57954,1,1,18-06-2014,52,6,7
4437,1962,Graduation,Married,65316,1,1,24-04-2013,65,5,4
8724,1982,Graduation,Single,28567,1,0,17-06-2013,57,3,6
10741,1951,Master,Together,47352,0,1,11-04-2013,70,5,7
1991,1967,Graduation,Together,44931,0,1,18-01-2014,0,3,5
6931,1967,Graduation,Divorced,76982,0,0,15-02-2014,19,4,4
11096,1952,2n Cycle,Together,57247,0,1,08-08-2013,50,7,2
304,1981,Master,Single,22944,1,0,23-12-2013,67,3,7
3665,1977,2n Cycle,Together,25315,1,0,07-11-2013,46,3,8
10591,1969,Graduation,Widow,43638,0,1,06-08-2012,37,4,7
5036,1984,PhD,Single,42710,1,0,28-11-2012,38,3,6
5547,1982,PhD,Married,84169,0,0,07-08-2013,9,6,3
7822,1976,Graduation,Together,54058,0,1,04-06-2013,56,8,3
8541,1990,2n Cycle,Married,24683,1,0,08-03-2014,98,4,5
10955,1964,Graduation,Widow,85620,0,0,07-01-2014,68,4,1
4368,1980,Graduation,Married,47850,1,0,03-12-2013,72,4,6
9671,1968,Graduation,Married,19514,1,1,26-01-2014,47,2,8
2256,1973,Master,Married,27159,1,1,29-03-2014,33,3,6
4279,1963,2n Cycle,Single,39548,1,1,31-03-2014,87,3,3
5371,1989,Graduation,Single,21474,1,0,08-04-2014,0,2,7
9240,1971,PhD,Single,60504,0,1,07-02-2014,73,8,6
9460,1963,Graduation,Married,22419,0,0,18-04-2013,74,2,8
9504,1949,Master,Married,81698,0,0,06-11-2013,4,13,1
8692,1952,Graduation,Together,43462,1,1,12-09-2012,50,5,8
448,1978,PhD,Single,54880,1,0,01-03-2013,57,11,5
8314,1982,Graduation,Married,79908,0,0,05-04-2013,30,7,2
8420,1970,2n Cycle,Married,15315,0,0,03-08-2013,27,4,5
3174,1959,Graduation,Together,87771,0,1,22-05-2013,61,4,6
7685,1978,Graduation,Married,33039,1,0,09-09-2013,4,4,5
3179,1980,Graduation,Single,81741,0,0,16-06-2013,75,7,2
9780,1971,Master,Together,71499,0,1,25-06-2013,12,13,4
10681,1970,2n Cycle,Married,62466,0,1,15-01-2014,13,12,4
10232,1963,PhD,Divorced,48799,0,1,05-11-2013,9,7,3
4184,1950,PhD,Together,52157,0,1,07-06-2014,48,5,4
9120,1962,Graduation,Single,66565,0,1,05-12-2012,80,9,8
891,1951,Master,Together,29298,1,1,07-09-2013,60,2,5
10381,1979,Graduation,Single,47691,0,1,05-07-2013,43,2,6
3525,1970,Graduation,Together,38200,1,1,07-12-2012,19,2,7
6818,1974,Graduation,Married,44989,0,1,12-09-2012,26,5,6
3526,1968,PhD,Married,38443,1,1,27-01-2014,58,3,7
8181,1978,2n Cycle,Single,38593,1,0,13-09-2013,42,3,8
1029,1970,PhD,Together,64413,0,1,01-08-2013,27,5,5
7369,1981,Master,Married,36959,1,0,02-10-2013,56,3,8
2574,1977,PhD,Married,61996,0,1,31-01-2013,27,8,5
8159,1968,Graduation,Married,51287,1,1,01-04-2014,10,3,7
1160,1970,Graduation,Married,13260,1,1,23-08-2013,48,3,8
10242,1966,PhD,Together,47472,1,1,16-09-2013,39,4,5
5253,1956,Master,Together,54603,1,1,09-07-2013,85,4,7
5966,1974,PhD,Married,45207,1,1,10-11-2012,64,6,6
5314,1951,Graduation,Together,40689,0,1,18-03-2013,69,5,8
5081,1967,2n Cycle,Together,47821,1,1,20-10-2013,54,3,8
5123,1951,Master,Married,27450,0,0,15-04-2013,57,3,7
5756,1983,Graduation,Together,39453,1,0,03-04-2014,64,3,6
8036,1971,2n Cycle,Together,26850,1,1,18-04-2014,10,4,4
9058,1955,Graduation,Widow,79800,0,0,23-09-2012,65,5,3
5057,1961,Master,Married,61794,0,1,14-09-2013,74,10,2
254,1955,Graduation,Together,53863,0,1,17-05-2014,4,7,7
4179,1959,Graduation,Together,24221,0,0,20-08-2013,94,3,4
3710,1984,PhD,Single,39684,1,0,12-10-2012,41,2,7
7627,1975,Master,Married,92163,0,0,12-12-2012,25,5,2
4501,1965,Master,Single,69882,0,0,10-11-2013,94,9,1
6424,1977,Graduation,Together,33178,1,0,30-01-2014,9,3,4
3075,1972,PhD,Married,59973,0,0,11-09-2013,47,7,1
4992,1975,Master,Together,17459,1,0,19-09-2013,12,2,7
5252,1969,Graduation,Divorced,23910,1,0,26-10-2012,80,3,7
7444,1969,Master,Married,42169,1,1,19-10-2013,20,3,8
6919,1978,2n Cycle,Married,26224,1,0,04-06-2013,39,3,6
3537,1981,Graduation,Together,31089,1,0,17-08-2012,57,4,8
10277,1961,Graduation,Single,30081,0,1,21-02-2013,27,3,7
2453,1960,Graduation,Together,62807,0,1,31-08-2012,83,12,5
7972,1955,Graduation,Single,72906,0,0,17-09-2013,79,9,1
895,1948,PhD,Married,61467,0,2,09-12-2012,69,10,5
1177,1966,Master,Together,49618,1,1,26-01-2013,77,3,7
7141,1986,Master,Single,21888,1,0,29-12-2012,15,2,10
7232,1973,Graduation,Widow,42429,0,1,11-02-2014,99,3,5
8477,1956,Graduation,Divorced,26150,2,1,11-03-2013,61,3,7
2457,1975,Basic,Married,30801,0,1,26-10-2012,23,3,7
988,1965,Graduation,Married,81168,0,0,07-05-2014,84,7,3
7930,1969,Master,Single,26877,0,0,19-08-2013,74,6,6
4587,1944,Master,Widow,45006,0,0,18-07-2013,90,7,3
6682,1973,Basic,Married,18978,1,0,11-12-2012,41,3,8
6222,1967,Graduation,Married,22574,2,1,28-10-2013,28,3,7
10299,1969,PhD,Single,48240,0,0,09-11-2012,73,13,5
3083,1974,Graduation,Married,45837,1,1,26-07-2013,88,5,7
8953,1965,Master,Single,35791,2,1,06-05-2013,94,3,8
1503,1976,PhD,Together,162397,1,1,03-06-2013,31,1,1
8650,1978,Graduation,Widow,54162,1,1,18-03-2013,31,3,4
10862,1960,Master,Married,30522,0,1,17-08-2012,6,9,2
2782,1961,PhD,Married,54456,0,1,11-07-2013,23,7,6
6941,1971,Graduation,Single,31632,0,0,14-07-2013,92,2,7
10972,1949,Graduation,Widow,72298,0,0,10-03-2014,52,6,1
10708,1978,2n Cycle,Single,36975,1,0,28-12-2013,50,3,7
6583,1955,2n Cycle,Married,72635,0,0,03-06-2013,54,6,3
3641,1976,Graduation,Married,13624,1,0,20-01-2013,93,3,6
10156,1975,Graduation,Single,84196,0,1,03-06-2013,56,7,3
4299,1960,Graduation,Together,70971,0,1,21-09-2012,28,5,7
3469,1977,PhD,Divorced,34487,1,1,06-09-2012,94,3,9
5063,1977,Graduation,Single,28769,1,0,18-12-2012,76,4,9
10727,1970,PhD,Married,69084,1,0,19-11-2013,43,13,8
9624,1958,PhD,Together,65488,0,0,13-06-2014,46,6,1
5156,1970,2n Cycle,Married,62466,0,1,15-01-2014,13,12,4
4376,1960,2n Cycle,Single,32218,0,0,15-02-2014,27,3,7
8923,1973,Graduation,Single,83917,0,0,18-04-2013,12,7,3
8461,1962,Graduation,Divorced,46102,2,1,10-03-2014,3,2,7
6945,1952,Graduation,Single,84574,0,0,04-06-2013,72,11,5
944,1962,Graduation,Married,56181,0,1,08-01-2013,6,7,4
1907,1950,Master,Divorced,63120,0,1,28-09-2012,53,9,7
701,1971,Graduation,Married,73691,0,1,06-11-2013,58,8,2
3856,1960,Graduation,Together,63381,0,1,05-10-2012,78,13,2
4149,1948,PhD,Together,76140,0,0,13-05-2014,57,6,2
2131,1959,PhD,Divorced,62859,0,1,30-12-2012,37,6,6
2942,1964,Graduation,Single,45906,0,1,07-05-2013,20,4,5
1173,1947,Master,Together,77632,0,0,10-03-2013,73,6,2
4381,1971,PhD,Married,46463,1,1,18-08-2013,56,6,6
4611,1970,Graduation,Together,105471,0,0,21-01-2013,36,13,3
3376,1970,Master,Divorced,55282,1,0,13-12-2013,9,6,4
4679,1977,Master,Married,78710,0,1,23-05-2014,42,12,4
10928,1958,Graduation,Together,66886,0,1,16-09-2013,28,7,5
4248,1960,Master,Single,98777,0,0,17-02-2014,23,9,1
6728,1985,Graduation,Together,29103,1,0,27-08-2012,38,3,9
6661,1974,Graduation,Married,67445,0,1,12-08-2012,63,12,6
4725,1950,PhD,Together,50616,0,1,13-04-2014,71,4,2
3277,1955,Graduation,Divorced,49431,0,1,03-08-2012,9,5,8
5555,1975,Graduation,Divorced,153924,0,0,07-02-2014,81,0,0
2564,1953,Graduation,Together,61278,0,1,04-01-2014,87,4,6
946,1958,2n Cycle,Together,26490,0,0,22-09-2012,92,5,6
3867,1947,PhD,Together,73059,0,1,31-08-2013,36,13,4
6940,1966,PhD,Single,46734,1,2,21-10-2013,86,3,6
55,1963,Graduation,Together,56253,0,1,07-12-2012,83,9,6
7093,1985,Graduation,Married,19986,1,0,14-11-2013,74,3,7
5084,1975,Graduation,Widow,58330,0,1,25-12-2013,87,13,4
1777,1980,Basic,Married,25965,0,0,07-09-2012,29,3,8
8162,1956,Master,Together,14661,0,0,01-01-2013,88,3,6
10826,1959,Graduation,Married,18690,0,0,28-12-2012,77,2,8
8754,1974,PhD,Together,45068,0,1,16-05-2013,25,2,7
1987,1987,Basic,Single,21063,1,0,25-09-2013,34,3,6
11007,1968,PhD,Married,29187,1,0,09-05-2013,43,3,8
7426,1971,2n Cycle,Married,54690,1,1,07-11-2013,76,5,3
9153,1964,PhD,Married,59304,0,1,29-07-2013,81,10,5
10379,1962,Master,Single,59247,0,2,08-11-2013,87,9,6
9204,1970,Graduation,Widow,66731,0,1,12-09-2012,33,6,3
3197,1980,Graduation,Married,77353,0,1,16-12-2013,38,8,4
2920,1975,PhD,Single,52614,0,1,01-12-2012,63,8,8
6961,1974,Graduation,Married,26751,2,0,22-05-2014,26,2,8
4673,1963,PhD,Married,81300,0,1,30-10-2012,17,5,5
9937,1979,Graduation,Single,70337,0,0,02-01-2014,75,12,1
8779,1985,2n Cycle,Married,36145,1,0,16-06-2013,13,3,9
9596,1980,PhD,Single,65295,0,0,23-12-2013,19,13,2
2891,1963,Graduation,Divorced,68118,0,1,18-10-2013,51,4,6
4910,1967,Graduation,Divorced,68743,0,0,30-08-2012,81,13,7
75,1982,2n Cycle,Together,41039,0,0,25-07-2013,32,5,8
10120,1955,Graduation,Together,38946,0,1,24-10-2013,84,6,5
6327,1967,Graduation,Together,65777,0,0,19-12-2013,87,6,1
10142,1976,PhD,Divorced,66476,0,1,07-03-2013,99,11,4
9826,1972,PhD,Single,86857,0,0,12-09-2012,96,10,2
1501,1982,PhD,Married,160803,0,0,04-08-2012,21,1,0
10767,1989,PhD,Together,77845,0,0,16-05-2014,40,12,1
7279,1969,PhD,Together,69476,0,0,30-09-2013,3,4,2
7230,1960,PhD,Divorced,50611,0,1,04-10-2012,98,7,6
143,1970,Graduation,Single,61209,0,0,25-08-2013,73,4,2
450,1958,Master,Together,42315,0,1,12-07-2013,90,4,3
9316,1952,Basic,Together,13084,0,0,02-11-2013,29,3,6
6379,1949,Master,Widow,47570,1,1,29-05-2013,3,2,7
9239,1961,Master,Married,61923,0,2,26-07-2013,94,4,3
8315,1995,Graduation,Single,34824,0,0,26-03-2014,65,2,6
2868,1949,PhD,Single,26518,1,1,08-04-2013,33,3,8
10888,1961,Graduation,Single,45938,0,0,03-11-2013,46,6,6
1277,1960,Graduation,Together,78468,0,0,09-04-2014,29,10,4
9977,1973,Graduation,Divorced,78901,0,1,17-09-2013,99,5,4
10196,1978,Graduation,Married,71427,2,0,12-03-2014,26,8,4
6384,1978,Graduation,Divorced,71022,0,1,11-02-2014,30,11,8
8029,1988,Master,Single,90247,0,0,29-04-2014,27,7,1
968,1968,Master,Divorced,41335,1,0,26-12-2013,24,4,7
6988,1986,Graduation,Married,71952,1,0,10-01-2013,93,8,4
4472,1970,PhD,Divorced,35682,1,0,27-06-2014,34,3,2
6991,1951,Graduation,Divorced,43185,0,1,10-04-2013,88,6,8
3336,1948,PhD,Together,66375,0,1,21-11-2013,96,5,7
4301,1971,Master,Married,35178,1,0,10-01-2013,10,2,7
1940,1986,Graduation,Married,25252,1,0,12-07-2013,26,2,8
1272,1965,Master,Single,55250,0,1,21-10-2012,49,10,5
1388,1975,Graduation,Single,33249,1,0,20-02-2013,11,3,6
1044,1953,Graduation,Together,58398,0,0,14-05-2013,44,8,4
6969,1982,Graduation,Together,50272,1,0,07-08-2013,75,5,7
10479,1975,PhD,Married,76618,0,0,07-12-2012,64,5,1
3619,1960,2n Cycle,Divorced,87305,0,0,23-09-2012,19,8,2
1715,1978,Graduation,Together,25851,1,0,11-02-2013,45,3,7
10159,1970,Graduation,Divorced,58710,0,1,31-03-2013,77,9,6
1463,1958,Graduation,Single,45160,1,1,29-03-2014,9,2,7
5114,1965,Master,Married,74806,0,1,19-12-2012,1,5,4
4990,1954,Graduation,Married,59111,0,0,02-05-2013,90,8,7
4329,1984,PhD,Married,18988,1,0,23-05-2014,43,3,7
10936,1965,Graduation,Married,72190,0,0,13-02-2013,79,4,3
4692,1976,Graduation,Married,7500,1,0,01-08-2012,19,2,9
7212,1966,Graduation,Married,44794,0,1,08-06-2014,99,3,6
6086,1955,Graduation,Married,80395,0,0,23-11-2013,62,12,2
437,1976,Master,Divorced,75012,0,0,25-01-2014,41,11,1
11171,1965,Master,Married,56962,2,1,11-10-2013,60,5,7
11101,1991,Graduation,Together,89891,0,0,15-04-2013,17,8,4
5329,1949,PhD,Divorced,35946,1,1,27-09-2013,24,3,5
610,1953,PhD,Together,53593,1,1,07-08-2012,60,6,8
9384,1978,Graduation,Married,66373,1,1,12-06-2013,57,10,3
5956,1948,PhD,Divorced,45072,1,2,16-10-2013,74,4,8
10430,1973,Graduation,Divorced,89694,1,1,09-10-2013,22,4,5
7875,1949,Graduation,Married,72025,0,0,29-04-2014,46,13,2
7072,1973,Graduation,Married,67432,0,1,29-03-2013,69,4,4
6255,1952,Master,Together,70545,0,1,03-06-2014,29,7,2
6516,1989,Basic,Married,17487,1,0,18-03-2013,37,2,7
5564,1969,Graduation,Together,62882,0,1,09-08-2012,26,6,4
5682,1953,PhD,Single,64108,0,1,23-03-2013,8,11,5
7458,1956,Master,Together,34941,1,1,06-03-2013,26,3,8
5237,1950,PhD,Single,48767,1,2,01-01-2014,79,3,5
7761,1978,2n Cycle,Together,38702,1,0,01-08-2013,71,4,6
5278,1964,Graduation,Married,82224,0,0,25-01-2014,83,5,3
3560,1952,Graduation,Together,83844,0,0,12-05-2013,57,11,1
7235,1975,2n Cycle,Married,17003,1,0,09-12-2013,37,4,5
10548,1995,Graduation,Single,71163,0,0,09-03-2014,30,12,1
2281,1970,Graduation,Single,33697,1,0,15-09-2013,34,2,7
4073,1954,2n Cycle,Married,63564,0,0,29-01-2014,0,7,6
6974,1972,PhD,Together,83443,0,0,31-12-2013,89,5,2
7938,1958,PhD,Together,51518,0,1,03-10-2013,92,10,3
7094,1975,Graduation,Widow,58330,0,1,25-12-2013,87,13,4
3667,1969,Graduation,Married,80952,0,0,28-02-2013,20,11,8
7723,1979,Graduation,Together,75507,0,0,02-05-2014,56,6,3
3870,1978,2n Cycle,Together,63855,0,0,09-02-2013,28,13,4
4012,1972,PhD,Together,62220,0,1,11-08-2012,55,5,6
5909,1964,Graduation,Married,58512,0,1,19-09-2013,25,8,8
10470,1979,Master,Married,40662,1,0,15-03-2013,0,3,4
6488,1959,PhD,Married,38829,0,1,06-04-2014,86,2,5
10270,1981,2n Cycle,Married,35523,1,0,03-10-2013,8,3,7
6887,1967,Graduation,Single,79146,1,1,24-04-2014,33,8,6
6406,1988,Master,Married,78285,0,0,28-10-2013,13,10,3
7573,1978,PhD,Single,31626,1,0,10-05-2013,12,2,7
4508,1952,Graduation,Single,75127,0,0,22-05-2014,92,5,1
221,1955,Graduation,Married,48726,0,1,27-04-2013,90,4,6
5331,1977,Graduation,Married,74985,0,0,11-09-2012,8,7,2
1911,1987,Graduation,Together,67430,0,0,05-09-2012,6,12,6
20,1965,2n Cycle,Married,46891,0,1,01-09-2013,91,4,4
8786,1956,Master,Married,62058,0,1,26-05-2013,52,7,6
10582,1979,Graduation,Married,72063,0,1,03-07-2013,3,12,2
1915,1951,PhD,Married,78939,0,0,12-12-2013,57,6,3
8897,1965,Graduation,Single,42720,1,1,24-04-2013,9,7,8
2371,1972,Graduation,Married,33622,1,1,13-04-2013,22,4,7
4303,1957,PhD,Together,6835,0,1,08-12-2012,76,1,20
6825,1953,Graduation,Together,41452,1,1,06-03-2013,86,2,7
1072,1965,PhD,Single,40760,0,1,30-08-2013,64,3,6
4964,1958,PhD,Together,74250,0,0,26-01-2014,90,4,1
2461,1955,Master,Single,51124,1,1,18-12-2013,79,3,3
10736,1971,Graduation,Single,72258,0,1,12-09-2013,28,5,2
3194,1974,PhD,Single,71466,0,0,05-04-2014,86,10,1
10839,1976,Graduation,Together,36283,1,1,14-04-2014,42,3,4
49,1970,Graduation,Single,20587,1,0,11-05-2014,39,2,7
4290,1972,Graduation,Married,30467,1,0,19-03-2014,8,2,7
10219,1972,Graduation,Together,31590,1,0,18-06-2013,40,3,8
4211,1986,Basic,Married,20425,1,0,29-10-2012,5,3,7
1135,1960,Master,Together,17144,1,1,15-02-2014,96,4,7
6299,1968,PhD,Divorced,42564,0,1,02-01-2013,28,4,7
10846,1978,Master,Married,43783,1,0,29-05-2014,22,8,7
347,1976,Graduation,Divorced,40780,0,1,08-09-2012,30,5,9
6543,1945,Master,Together,62847,0,0,15-01-2013,45,4,2
10446,1957,PhD,Married,82017,0,0,07-11-2012,58,7,2
3479,1950,Graduation,Single,16813,0,0,19-07-2013,49,3,7
11075,1978,Graduation,Married,51267,1,1,29-10-2013,37,5,4
4442,1961,Graduation,Single,46524,0,1,05-04-2013,70,5,3
199,1962,Master,Single,45183,0,0,20-01-2013,33,7,7
6722,1954,PhD,Married,70421,0,1,28-06-2014,98,7,6
796,1965,2n Cycle,Divorced,60161,0,1,23-10-2012,17,8,8
3749,1973,Graduation,Together,73926,0,0,02-03-2013,54,12,3
8523,1968,Graduation,Married,19329,1,0,14-12-2013,39,3,8
310,1970,Master,Married,61872,0,1,13-12-2013,81,9,4
8629,1956,Graduation,Widow,46984,1,1,26-03-2013,71,3,5
236,1951,Graduation,Married,34838,1,1,19-01-2013,62,4,6
9930,1944,PhD,Single,82716,0,0,05-11-2013,8,13,2
3483,1958,Graduation,Married,48192,0,0,06-04-2013,76,12,8
4599,1976,Master,Married,49681,0,2,04-11-2013,66,7,7
7326,1971,Master,Married,56850,0,1,23-03-2014,83,3,2
7352,1957,Graduation,Married,55267,0,1,21-10-2013,28,6,3
2350,1972,Graduation,Married,59666,1,1,22-03-2013,87,8,8
9145,1972,Graduation,Single,72504,0,1,06-04-2013,43,6,2
2964,1981,Graduation,Married,26872,0,0,16-10-2013,0,2,6
5585,1972,Graduation,Single,21359,1,0,20-04-2013,1,3,8
9687,1975,Graduation,Single,73170,0,0,31-05-2014,1,6,2
3732,1955,Master,Married,52750,0,1,04-02-2013,72,9,4
6303,1986,PhD,Together,91820,0,0,23-11-2013,72,12,1
11176,1970,PhD,Together,65968,0,1,12-05-2014,12,7,3
2986,1976,Graduation,Married,30772,1,1,12-03-2014,89,2,6
7462,1954,Graduation,Single,22507,0,0,24-11-2012,67,4,9
3900,1972,Graduation,Married,65685,0,1,29-03-2014,54,9,5
7034,1978,2n Cycle,Married,25804,1,0,01-09-2013,34,3,8
9493,1980,PhD,Single,76412,0,0,05-05-2013,15,8,3
1143,1972,Graduation,Married,22063,1,0,08-08-2013,43,3,7
1,1961,Graduation,Single,57091,0,0,15-06-2014,0,7,5
3855,1963,Graduation,Married,22419,0,0,18-04-2013,74,2,8
5536,1959,Graduation,Together,87771,0,1,22-05-2013,61,4,6
5989,1959,2n Cycle,Divorced,78353,0,1,16-04-2013,51,11,8
9499,1954,Graduation,Married,93404,1,2,07-05-2013,97,7,5
6768,1962,Graduation,Divorced,37859,1,2,12-01-2013,75,3,8
2150,1958,PhD,Widow,80995,0,1,11-05-2013,83,4,4
6646,1984,Graduation,Together,16529,1,0,01-03-2014,23,3,6
4887,1976,PhD,Divorced,55412,1,1,22-11-2013,65,3,5
8560,1992,Graduation,Single,48789,0,0,10-09-2012,94,7,6
3321,1967,PhD,Together,56575,0,2,05-05-2013,42,7,5
11003,1980,2n Cycle,Together,25130,1,0,02-10-2013,10,3,7
10402,1967,Graduation,Married,35441,1,1,14-02-2013,94,3,8
9904,1956,Graduation,Married,71391,0,1,29-03-2013,50,12,3
6141,1972,Master,Single,49494,1,0,25-04-2013,46,5,7
5687,1980,Graduation,Divorced,81702,0,0,23-09-2012,98,12,3
10856,1980,2n Cycle,Single,45889,0,1,02-07-2013,42,3,6
5121,1977,Graduation,Single,56628,0,1,21-03-2014,30,5,5
4186,1950,Graduation,Together,34026,1,1,05-08-2013,11,3,5
368,1974,Graduation,Married,40049,0,1,29-11-2012,61,6,5
3312,1988,Graduation,Single,34176,1,0,12-05-2014,12,4,6
11121,1981,Graduation,Married,19419,1,0,10-11-2012,76,3,9
5332,1960,2n Cycle,Married,82504,0,0,27-07-2013,2,7,1
5848,1970,Graduation,Together,81205,0,0,13-01-2014,43,7,2
10343,1991,2n Cycle,Single,61618,0,0,29-09-2012,27,8,3
5935,1956,Master,Single,55284,0,1,24-12-2012,60,8,5
2895,1963,Graduation,Single,49980,0,1,23-10-2013,79,5,5
10262,1980,Graduation,Married,15072,2,0,10-05-2013,96,3,5
7848,1974,Graduation,Single,49166,0,1,13-06-2013,17,3,6
9477,1954,PhD,Married,65324,0,1,11-01-2014,0,9,4
4856,1957,2n Cycle,Married,82347,0,0,06-11-2012,38,10,3
7186,1966,PhD,Together,30843,1,1,26-05-2014,43,2,5
5794,1974,PhD,Married,46374,0,1,17-03-2014,1,7,8
1456,1979,Graduation,Single,60474,0,1,01-04-2013,25,12,7
4877,1973,Master,Married,38576,0,1,04-03-2014,2,3,7
425,1985,Graduation,Married,55357,2,0,19-02-2013,66,11,5
3007,1966,Graduation,Together,37758,1,1,04-10-2012,49,3,8
1031,1989,2n Cycle,Married,85710,0,0,05-05-2013,5,10,2
4297,1969,Graduation,Together,23228,1,0,26-01-2014,71,3,8
807,1969,Master,Together,44602,1,1,15-02-2014,35,4,8
9553,1987,Graduation,Married,7500,0,0,09-01-2013,94,3,6
4271,1989,2n Cycle,Together,38683,1,0,04-10-2012,80,6,7
4120,1975,2n Cycle,Single,49514,1,0,17-12-2013,61,4,7
2036,1973,PhD,Together,57906,0,1,11-06-2013,29,8,4
115,1966,Master,Single,43456,0,1,26-03-2013,0,8,5
4259,1986,Master,Single,19485,2,0,24-09-2013,80,2,7
8687,1978,Graduation,Together,53172,0,1,06-05-2013,54,8,3
2447,1979,Graduation,Together,30545,1,0,17-10-2012,71,3,7
10140,1983,PhD,Together,70123,0,0,28-09-2013,27,4,3
9353,1959,Graduation,Single,62450,0,1,06-01-2014,61,4,3
3623,1976,Graduation,Together,21675,1,0,11-06-2014,55,3,7
738,1981,2n Cycle,Single,42395,1,1,04-04-2014,35,4,7
7631,1978,Master,Together,61346,1,0,06-10-2013,34,10,3
4789,1953,Graduation,Together,80812,0,0,17-09-2013,95,5,2
773,1971,Master,Divorced,42835,1,1,30-06-2013,64,4,6
10602,1983,Graduation,Married,39922,1,0,14-02-2013,30,4,8
1446,1956,Master,Single,86424,0,0,05-04-2014,12,12,1
3270,1978,2n Cycle,Together,17117,1,0,17-01-2013,96,3,9
8443,1972,Graduation,Single,24762,1,0,10-02-2014,16,2,8
9653,1975,Graduation,Married,35797,0,1,16-10-2012,16,3,8
8916,1975,Graduation,Divorced,36627,2,0,23-07-2013,78,3,5
8017,1981,2n Cycle,Married,51111,1,1,19-06-2014,83,3,6
5830,1972,PhD,Single,86857,0,0,12-09-2012,96,10,2
4597,1970,PhD,Together,82072,0,0,02-07-2013,67,13,1
7023,1953,PhD,Single,46231,2,1,26-11-2012,87,4,9
8086,1959,Graduation,Married,42243,1,1,11-12-2013,34,3,7
8825,1962,Graduation,Together,51195,1,1,01-04-2013,46,5,8
2930,1978,Master,Single,68092,0,0,16-12-2013,7,10,5
1928,1973,Graduation,Married,31814,1,0,09-02-2013,73,3,9
7108,1965,Master,Widow,51390,1,1,08-09-2012,54,5,5
10925,1983,Graduation,Married,76630,0,0,14-01-2014,93,11,1
9960,1991,Basic,Single,26868,1,0,30-04-2014,52,2,7
8800,1943,PhD,Divorced,48948,0,0,01-02-2013,53,5,6
9224,1972,PhD,Single,55260,0,1,12-12-2012,81,5,6
5519,1956,Graduation,Together,64090,0,1,07-08-2013,8,4,5
5046,1958,Graduation,Divorced,78331,0,1,23-01-2014,97,7,4
7037,1974,PhD,Married,37087,1,0,11-08-2013,50,8,6
905,1986,Graduation,Divorced,21846,1,0,22-10-2013,38,3,8
8624,1958,Graduation,Married,81320,0,0,06-02-2013,61,10,2
8945,1970,Graduation,Divorced,54137,0,1,16-08-2013,46,4,6
6445,1967,Graduation,Together,66825,0,0,14-07-2013,73,6,2
2727,1973,Graduation,Together,57100,0,0,04-12-2013,19,6,3
6404,1969,Graduation,Together,58917,1,2,24-03-2013,10,6,5
11074,1977,Graduation,Single,85072,0,0,09-04-2014,94,10,0
10150,1961,Graduation,Single,86429,0,0,21-11-2013,10,7,2
1968,1971,Graduation,Widow,45684,1,0,02-12-2013,37,2,7
6534,1974,Graduation,Together,47889,1,0,04-01-2014,94,3,5
9485,1986,PhD,Married,45921,0,0,10-03-2014,23,6,4
7053,1966,PhD,Single,78420,0,0,29-06-2013,75,8,1
4654,1992,Graduation,Together,75114,0,0,07-11-2013,40,5,2
9760,1963,PhD,Widow,52278,0,1,25-01-2013,24,10,8
1048,1972,Master,Married,35641,1,0,14-07-2013,11,4,7
10619,1994,Graduation,Single,95529,0,0,03-12-2012,29,7,3
9308,1954,Graduation,Married,62820,0,0,11-05-2013,51,6,1
10505,1960,Master,Together,73113,0,0,26-12-2013,86,7,2
8362,1982,PhD,Married,84169,0,0,07-08-2013,9,6,3
2625,1954,2n Cycle,Single,42607,0,1,17-11-2013,30,7,3
4637,1954,PhD,Single,74637,0,0,18-05-2013,73,9,3
9972,1955,PhD,Together,46015,1,1,13-04-2014,25,3,7
4483,1993,Graduation,Single,72354,0,0,17-04-2013,67,6,1
4487,1969,Master,Single,39858,1,0,24-01-2013,67,4,6
4988,1948,PhD,Married,34469,1,1,04-05-2014,58,4,4
8931,1986,Graduation,Together,83033,1,0,18-05-2014,82,10,5
5871,1979,Master,Together,24401,0,0,31-08-2012,98,6,8
2008,1978,Graduation,Married,77583,0,0,10-02-2014,93,9,2
3139,1982,2n Cycle,Single,74116,0,0,30-12-2013,53,10,2
10037,1993,Graduation,Single,74293,0,0,04-05-2014,66,6,2
10673,1976,PhD,Married,68397,0,1,17-11-2013,6,5,3
5303,1974,PhD,Together,79632,0,0,08-04-2014,42,9,2
538,1989,Graduation,Single,46107,1,0,10-02-2014,78,4,3
7922,1951,PhD,Single,64950,0,1,12-08-2012,29,10,7
5692,1989,Basic,Married,25443,1,0,22-12-2012,82,3,8
4843,1952,Graduation,Single,75127,0,0,22-05-2014,92,5,1
6383,1971,PhD,Together,32892,1,0,25-05-2014,78,3,8
1628,1971,Graduation,Together,71796,0,0,24-10-2013,54,4,4
1204,1970,PhD,Married,67536,0,1,22-05-2013,45,11,8
3673,1971,Graduation,Single,55239,0,1,14-07-2013,59,11,5
760,1975,PhD,Divorced,60554,1,0,09-08-2013,8,9,6
8957,1952,2n Cycle,Single,64831,1,1,10-06-2013,51,5,6
4128,1962,PhD,Together,56067,0,1,20-07-2013,51,7,5
6810,1983,Graduation,Divorced,82025,0,0,28-05-2013,76,6,1
5386,1953,Graduation,Together,94384,0,0,04-03-2013,62,5,2
8700,1986,Basic,Single,14906,0,0,22-12-2012,86,3,7
3202,1987,PhD,Married,51563,0,0,01-10-2012,60,10,8
1328,1982,2n Cycle,Married,57937,0,1,16-02-2014,56,9,3
8405,1979,Graduation,Divorced,68274,1,1,30-09-2013,83,5,3
6515,1977,Graduation,Together,39771,1,0,06-12-2013,92,3,4
2882,1975,2n Cycle,Divorced,67893,0,1,01-10-2012,31,9,8
7574,1979,PhD,Together,27922,1,0,10-05-2014,80,3,4
6387,1976,PhD,Together,52190,1,1,08-05-2014,39,3,5
5320,1973,Master,Divorced,44051,1,1,29-01-2013,20,4,6
5048,1971,PhD,Single,42767,2,0,11-05-2013,53,2,8
8146,1976,Master,Together,46106,1,1,11-05-2014,84,2,6
10031,1976,PhD,Married,16927,1,1,10-02-2013,50,4,8
5748,1965,Graduation,Married,59754,0,1,01-12-2012,96,6,5
2134,1952,Graduation,Single,53700,0,1,17-08-2012,94,8,5
1523,1973,Graduation,Married,59041,1,1,07-05-2014,25,4,5
9665,1957,PhD,Divorced,54237,0,1,27-04-2013,48,5,6
4640,1967,Graduation,Divorced,70647,0,1,21-09-2012,65,13,2
3635,1962,PhD,Single,52597,0,1,07-05-2014,69,8,5
3547,1969,Master,Together,41021,1,0,30-12-2012,12,3,6
2456,1975,PhD,Married,40233,0,1,14-10-2013,84,5,6
5633,1980,Graduation,Married,50183,1,1,25-06-2014,47,6,5
7801,1959,Graduation,Together,54753,0,1,12-09-2013,87,11,4
10489,1973,Graduation,Married,92955,0,0,19-08-2013,35,9,2
7011,1973,Graduation,Married,33471,1,0,12-10-2012,47,4,7
2620,1974,PhD,Married,34596,1,0,13-04-2013,48,2,8
3933,1980,Graduation,Together,44010,1,0,13-10-2012,46,6,9
10981,1988,Graduation,Married,84219,0,0,02-02-2014,27,10,1
1734,1968,PhD,Together,40706,2,1,17-01-2013,37,4,7
10995,1988,2n Cycle,Married,15716,1,0,12-11-2012,8,4,8
6357,1959,2n Cycle,Divorced,59052,0,1,17-11-2013,29,7,5
9209,1971,Master,Together,80573,0,0,14-10-2012,85,13,2
10286,1962,Graduation,Married,83715,0,0,03-02-2014,2,13,0
2611,1959,Master,Together,82576,0,0,01-08-2012,66,12,1
1600,1965,Master,Married,56962,2,1,11-10-2013,60,5,7
3308,1952,Graduation,Married,35704,1,1,03-01-2014,54,4,4
5407,1954,Graduation,Together,53103,0,1,12-09-2013,70,7,7
2166,1960,2n Cycle,Widow,46779,1,1,12-07-2013,55,2,4
3955,1965,Graduation,Divorced,4861,0,0,22-06-2014,20,0,14
6634,1979,Master,Divorced,33462,1,0,07-08-2013,78,3,7
3056,1978,Graduation,Divorced,63693,0,1,14-10-2013,63,9,6
5718,1950,Graduation,Married,80763,0,0,15-08-2013,17,6,3
6872,1974,PhD,Married,65352,0,1,21-08-2013,43,8,4
8164,1978,PhD,Married,82170,0,0,25-11-2013,13,7,2
4580,1969,Graduation,Married,75759,0,0,25-10-2013,46,9,5
9305,1976,2n Cycle,Single,79689,0,0,12-05-2013,65,13,2
453,1956,PhD,Widow,35340,1,1,29-06-2014,1,3,5
8545,1954,Graduation,Divorced,85683,0,0,21-03-2014,6,10,1
9850,1972,2n Cycle,Married,24884,1,0,29-11-2012,32,3,7
7378,1981,Master,Together,42021,1,0,31-08-2012,34,6,9
7646,1989,Graduation,Single,64449,1,0,18-02-2014,70,12,4
1640,1954,Graduation,Divorced,64587,1,1,22-06-2014,49,4,3
5184,1995,Graduation,Single,34824,0,0,26-03-2014,65,2,6
8492,1978,Graduation,Together,75437,0,0,09-11-2013,25,10,6
11188,1957,Graduation,Together,26091,1,1,25-02-2014,84,3,5
1212,1973,Graduation,Married,52845,1,0,13-08-2013,7,6,6
9097,1956,Graduation,Divorced,46086,0,1,03-11-2013,34,8,4
10473,1956,PhD,Widow,78028,0,1,10-09-2012,38,9,7
7962,1987,PhD,Single,95169,0,0,09-10-2013,1,4,1
9984,1981,2n Cycle,Married,56337,1,1,27-03-2013,25,4,8
5527,1987,Graduation,Together,22434,1,0,13-02-2013,25,3,8
6374,1954,PhD,Married,36930,0,1,17-05-2013,50,4,8
7453,1954,Graduation,Single,36130,0,1,02-02-2013,46,4,4
8952,1953,Master,Married,65569,0,1,05-11-2012,96,10,3
241,1952,Graduation,Together,83844,0,0,12-05-2013,57,11,1
8975,1968,Graduation,Married,19514,1,1,26-01-2014,47,2,8
6119,1963,PhD,Single,36736,1,1,10-05-2013,52,2,6
5236,1979,Graduation,Together,77568,0,1,25-08-2012,30,8,5
5723,1976,PhD,Together,49187,0,1,11-01-2014,63,5,2
1710,1978,Graduation,Single,30168,1,0,07-03-2013,51,4,9
1970,1968,Master,Together,34053,0,1,10-09-2012,14,3,8
5313,1971,Master,Married,38196,1,1,18-04-2014,20,4,5
10634,1951,Master,Married,59412,0,0,19-04-2014,56,8,3
7010,1965,2n Cycle,Married,70924,0,0,07-04-2014,41,7,3
8562,1969,Graduation,Together,54165,0,0,28-05-2013,72,7,2
3158,1973,Graduation,Married,32300,1,0,03-01-2013,1,3,8
4436,1976,Graduation,Single,20180,0,0,20-02-2013,27,4,7
5287,1973,Graduation,Married,34961,1,0,19-06-2014,77,3,7
2445,1974,PhD,Together,28440,1,0,07-07-2013,87,3,8
6059,1953,PhD,Together,64504,1,2,04-03-2013,81,4,7
4550,1966,Master,Together,33564,0,1,24-06-2014,51,3,5
4240,1978,Graduation,Married,17345,1,0,03-11-2012,79,2,8
8911,1967,PhD,Married,56320,0,1,08-04-2013,11,9,4
3706,1978,Graduation,Single,28647,1,0,21-08-2013,54,2,7
3628,1987,Basic,Single,15038,1,0,29-01-2013,93,2,9
10175,1958,PhD,Divorced,32173,0,1,01-08-2013,0,3,4
8985,1964,2n Cycle,Together,68316,0,1,04-11-2012,54,10,6
5204,1971,Graduation,Together,74538,0,0,29-06-2013,21,5,3
9220,1971,Graduation,Single,91700,0,0,17-01-2013,58,5,3
9888,1969,Graduation,Together,68695,0,0,25-06-2014,3,7,2
5263,1977,2n Cycle,Married,31056,1,0,22-01-2013,99,3,8
1020,1973,Graduation,Married,79593,0,0,12-05-2014,70,7,2
9503,1980,Graduation,Single,28071,0,0,29-08-2012,65,5,8
10613,1958,PhD,Together,37334,1,1,26-02-2014,44,4,4
67,1972,Master,Single,46423,1,1,18-09-2013,6,4,7
6019,1971,PhD,Married,37126,1,0,30-03-2014,9,2,6
5863,1953,Graduation,Married,47703,0,1,29-05-2013,95,8,5
3717,1959,Graduation,Married,61180,0,1,23-04-2014,70,6,3
6730,1954,Graduation,Married,38998,1,1,03-11-2012,92,3,8
10749,1991,Graduation,Single,8028,0,0,18-09-2012,62,0,19
4998,1962,Graduation,Together,76081,0,0,23-05-2014,85,4,2
6287,1986,Graduation,Together,34728,1,0,30-07-2013,2,2,6
5985,1965,Master,Single,33168,0,1,13-10-2012,0,4,7
4754,1966,Master,Married,33585,0,1,25-09-2013,91,4,4
4002,1960,PhD,Married,77037,0,1,13-10-2013,3,12,3
8870,1984,Graduation,Together,35196,1,0,13-11-2012,68,5,8
966,1966,Graduation,Married,44529,0,1,05-07-2013,98,11,5
4767,1965,2n Cycle,Married,70924,0,0,07-04-2014,41,7,3
9725,1966,PhD,Together,28764,1,1,05-06-2014,16,2,8
4475,1949,PhD,Married,69098,0,0,16-02-2013,82,9,5
5740,1970,2n Cycle,Divorced,25959,1,1,14-02-2013,1,2,6
5731,1983,Master,Married,27100,1,0,05-04-2013,64,3,7
7290,1985,Graduation,Single,70596,0,0,05-10-2012,68,12,2
3846,1974,Graduation,Married,42557,0,1,29-08-2012,98,4,8
8104,1951,PhD,Married,53312,0,0,09-08-2013,32,5,7
4507,1952,Graduation,Single,72228,0,0,27-11-2012,87,8,3
11013,1987,Graduation,Together,67605,0,0,31-03-2013,84,6,1
4491,1949,Master,Married,62845,1,1,01-10-2012,3,10,8
3759,1958,Graduation,Together,65196,0,2,25-07-2013,34,11,5
1162,1987,PhD,Single,42000,0,0,10-01-2013,23,11,5
2055,1973,PhD,Divorced,35860,1,1,19-05-2014,37,2,5
10766,1964,PhD,Married,65526,0,1,11-04-2014,22,8,2
4415,1961,Graduation,Married,16860,1,1,12-09-2012,19,3,7
3005,1992,Graduation,Single,83528,0,0,01-05-2014,7,8,1
2223,1965,2n Cycle,Divorced,64176,0,1,03-08-2012,52,8,6
4817,1956,Graduation,Divorced,22304,0,0,04-08-2012,91,2,8
2875,1978,Graduation,Married,67023,0,0,04-03-2014,93,13,2
10536,1971,PhD,Together,32892,1,0,25-05-2014,78,3,8
11112,1966,Graduation,Together,70713,0,1,03-12-2012,23,8,3
3807,1955,Graduation,Together,59925,0,1,30-11-2012,83,9,6
9197,1953,Graduation,Married,39722,0,1,24-02-2014,92,3,5
10832,1958,Graduation,Together,46610,0,0,18-07-2013,4,6,6
6421,1961,Graduation,Together,88347,0,0,03-07-2013,32,9,1
4207,1981,PhD,Married,87171,0,0,01-05-2013,27,11,2
577,1976,2n Cycle,Together,26907,1,1,20-08-2013,10,3,7
10855,1968,Master,Single,50014,1,0,22-01-2014,9,8,5
3081,1978,PhD,Married,41014,1,0,22-04-2013,65,2,7
3535,1965,Graduation,Single,66294,0,0,17-03-2014,68,5,2
247,1971,Graduation,Married,36715,1,0,17-11-2012,16,4,9
8707,1956,Graduation,Married,79456,0,0,22-08-2012,12,4,3
9523,1982,Graduation,Together,40479,1,0,17-08-2013,95,3,4
6072,1970,Master,Single,75345,0,0,02-02-2013,16,6,3
6295,1977,Graduation,Married,54233,0,1,04-02-2013,46,5,8
10914,1970,Graduation,Single,24163,1,1,12-10-2013,3,3,4
1509,1958,PhD,Together,84460,0,0,04-01-2013,80,4,5
5577,1983,Graduation,Together,43776,1,0,03-05-2014,77,2,6
7348,1958,PhD,Single,71691,0,0,17-03-2014,0,5,2
1127,1973,PhD,Married,85844,0,0,29-05-2014,62,7,2
1833,1974,PhD,Single,39190,1,0,26-04-2014,91,4,5
4944,1959,Graduation,Together,71367,0,0,23-08-2013,24,7,2
9080,1972,PhD,Single,38578,1,1,22-06-2013,2,3,8
6466,1965,PhD,Married,57236,1,1,12-03-2014,22,4,3
9964,1979,Graduation,Single,61825,0,1,07-08-2013,56,8,4
4790,1958,Graduation,Divorced,79803,0,1,02-06-2014,54,5,1
10245,1986,2n Cycle,Single,80910,0,0,31-10-2012,71,8,1
1109,1982,Master,Together,27590,1,0,23-04-2013,38,2,7
6001,1979,Graduation,Married,56775,0,1,02-01-2013,62,10,5
5538,1975,Graduation,Divorced,83829,0,0,08-10-2013,78,6,1
10552,1979,2n Cycle,Married,54210,0,1,20-05-2013,18,7,5
1545,1986,Graduation,Married,38508,1,0,02-08-2013,95,5,8
7409,1970,Graduation,Together,53187,1,0,26-10-2013,66,6,5
4444,1972,Graduation,Married,30023,1,0,24-03-2014,28,3,8
146,1960,PhD,Single,76045,0,0,15-11-2013,78,11,2
6271,1952,PhD,Married,50870,0,1,19-06-2014,13,3,5
10065,1970,2n Cycle,Married,15315,0,0,03-08-2013,27,4,5
4741,1974,2n Cycle,Married,65463,1,0,30-01-2014,17,9,5
246,1965,Graduation,Married,66480,1,1,31-05-2014,71,7,4
375,1954,Graduation,Divorced,76773,0,0,25-02-2013,79,11,1
1524,1983,2n Cycle,Single,81698,0,0,01-03-2013,1,5,5
10022,1973,PhD,Single,54466,1,1,09-02-2014,78,2,5
7451,1960,Master,Single,98777,0,0,17-02-2014,23,9,1
11010,1984,PhD,Single,16269,1,0,30-08-2013,75,3,8
4356,1971,Graduation,Together,71819,0,1,28-08-2013,70,5,6
3885,1983,PhD,Married,33569,1,0,16-10-2013,10,2,8
1175,1983,Master,Married,36262,0,0,20-09-2013,24,3,6
880,1966,Basic,Together,22634,0,0,16-01-2013,47,2,8
2320,1978,2n Cycle,Married,47025,0,1,12-09-2013,98,6,9
850,1968,Graduation,Single,70566,0,1,06-10-2013,4,9,3
4713,1979,PhD,Married,31605,1,0,22-11-2012,15,4,7
675,1973,Master,Divorced,52034,1,1,17-05-2013,67,5,7
5025,1979,Graduation,Single,48526,1,0,24-12-2013,32,4,3
2308,1954,Graduation,Married,46734,0,1,18-11-2012,40,5,7
5995,1962,Graduation,Divorced,39552,1,1,18-12-2012,54,5,8
6749,1966,Graduation,Single,86358,1,1,08-08-2012,78,6,8
1010,1977,Graduation,Together,46931,2,1,24-04-2014,94,3,3
8977,1985,Basic,Single,16581,0,0,12-01-2013,51,3,4
4756,1952,2n Cycle,Divorced,63998,0,0,20-12-2013,42,11,4
3412,1951,Master,Married,67381,0,1,15-01-2013,67,9,7
606,1967,Graduation,Single,25930,1,1,10-10-2013,87,2,7
5961,1978,Graduation,Married,42693,1,0,07-06-2014,29,3,5
2975,1976,Graduation,Together,85606,0,1,12-11-2012,89,9,3
2894,1985,Graduation,Single,72903,0,0,29-10-2013,74,8,4
7613,1974,2n Cycle,Together,49669,1,0,24-05-2014,97,6,6
10542,1968,PhD,Married,36778,1,1,05-08-2012,63,3,9
8015,1962,PhD,Divorced,85696,0,0,03-05-2013,88,9,1
10617,1989,Master,Divorced,10979,0,0,22-05-2014,34,3,5
11166,1961,Graduation,Married,49678,0,1,02-02-2013,81,4,7
849,1953,Master,Together,56129,0,1,20-06-2013,65,10,4
523,1989,Graduation,Married,37155,1,0,31-01-2013,51,4,5
4066,1978,2n Cycle,Divorced,21282,1,0,11-05-2014,76,2,6
8414,1962,PhD,Single,33419,0,1,17-08-2013,76,4,7
819,1945,Graduation,Widow,63285,0,0,05-11-2013,84,13,3
4961,1974,Master,Together,21255,1,0,21-01-2014,56,4,4
749,1981,Graduation,Together,42162,1,0,19-11-2013,31,3,6
5430,1956,Graduation,Together,54450,1,1,14-09-2012,0,8,8
7755,1954,PhD,Married,57744,0,1,12-11-2013,91,4,8
10525,1986,Graduation,Single,26576,1,0,13-10-2012,40,2,9
1453,1943,PhD,Widow,57513,0,0,06-07-2013,59,13,6
8310,1964,Graduation,Together,68142,0,1,29-08-2012,96,7,6
10710,1979,Graduation,Married,7500,0,1,29-08-2012,61,2,8
5031,1974,Graduation,Together,83145,0,0,22-09-2012,14,11,2
2613,1960,Master,Married,54197,0,1,03-04-2014,16,6,1
213,1963,PhD,Single,23091,1,1,28-05-2014,98,3,7
967,1976,Graduation,Married,46049,1,1,21-07-2013,11,9,7
1077,1974,Graduation,Together,56715,0,0,05-12-2012,52,4,4
7959,1961,Graduation,Married,79410,0,0,29-05-2014,19,5,1
640,1951,Graduation,Married,57304,0,1,11-03-2013,61,10,5
4252,1965,Graduation,Married,44375,0,1,23-03-2014,73,6,5
8432,1956,Graduation,Together,54450,1,1,14-09-2012,0,8,8
6218,1965,Graduation,Married,59594,0,1,20-10-2012,74,7,7
6905,1994,Graduation,Together,80685,0,0,22-08-2012,55,10,2
5922,1974,PhD,Married,40344,0,1,13-10-2013,48,5,7
3598,1972,Graduation,Married,62710,0,1,23-05-2013,53,12,4
6116,1968,2n Cycle,Married,48985,0,1,05-07-2013,13,3,3
6263,1968,Graduation,Together,35322,1,2,22-08-2012,34,4,8
10486,1948,Graduation,Married,77142,0,0,29-05-2013,54,8,2
2410,1969,Graduation,Single,81657,0,0,22-01-2014,69,8,1
193,1996,Basic,Married,14421,0,0,17-02-2014,81,2,5
3363,1974,2n Cycle,Married,20130,0,0,17-03-2014,99,3,8
8278,1990,PhD,Married,74214,0,0,26-08-2012,3,5,5
10660,1957,Master,Married,66726,1,1,12-01-2014,61,4,7
8686,1979,Basic,Together,23724,1,0,08-01-2013,65,3,8
1604,1960,Master,Married,47353,0,1,13-11-2013,93,6,5
5907,1952,Master,Married,33444,1,1,03-11-2012,24,2,8
10669,1981,Graduation,Married,54386,0,1,17-05-2013,8,10,3
2918,1981,Graduation,Divorced,28510,1,1,13-04-2013,72,4,5
5735,1991,Master,Single,90638,0,0,13-02-2014,29,10,1
359,1950,Graduation,Together,48070,0,1,13-01-2013,33,6,7
8387,1957,Graduation,Married,43140,0,1,05-01-2013,68,5,6
1829,1961,PhD,Divorced,54959,0,1,19-01-2013,55,4,7
3839,1958,Basic,Single,15056,1,1,03-05-2013,76,3,5
9392,1971,Graduation,Single,26954,1,0,08-05-2014,17,2,7
2292,1985,Graduation,Single,22327,1,0,02-08-2013,94,3,5
10466,1965,Graduation,Married,44393,1,1,22-08-2013,86,4,4
9855,1952,PhD,Single,62000,0,1,25-08-2013,25,13,4
4088,1962,PhD,Together,31497,0,1,06-12-2012,22,4,8
5231,1974,2n Cycle,Married,45894,0,2,27-02-2014,15,3,5
590,1970,Master,Divorced,78579,0,0,22-12-2012,35,4,3
8732,1969,Master,Widow,67369,0,1,17-11-2012,81,10,4
2315,1960,Graduation,Divorced,58401,0,1,20-04-2014,55,2,4
3515,1952,Graduation,Single,62307,0,1,17-02-2014,94,4,5
2245,1969,Master,Married,43641,1,1,22-04-2013,50,4,6
6283,1968,Master,Divorced,63841,0,1,21-04-2013,64,9,6
2246,1965,2n Cycle,Married,46891,0,1,01-09-2013,91,4,4
6606,1969,Master,Married,70091,1,0,31-03-2013,11,10,8
5545,1972,PhD,Married,78075,0,0,05-04-2014,72,5,1
7342,1961,2n Cycle,Widow,59184,0,1,09-09-2012,6,12,5
837,1977,Graduation,Married,54809,1,1,11-09-2013,0,5,4
9500,1959,Graduation,Married,58113,0,1,25-01-2013,66,8,7
3602,1958,Master,Married,51412,0,1,31-12-2013,42,4,4
234,1979,Graduation,Divorced,15287,1,0,10-10-2012,60,2,7
2995,1957,Master,Together,66636,0,0,17-08-2013,64,9,1
1118,1956,Master,Married,50965,0,1,20-02-2013,87,5,8
7789,1965,PhD,Married,84618,0,0,22-11-2013,96,10,2
3068,1990,Graduation,Married,18351,0,0,29-10-2013,1,3,7
8955,1957,PhD,Together,40451,0,2,16-02-2014,54,2,5
945,1965,Graduation,Together,36317,0,1,22-05-2013,53,4,7
5644,1957,Graduation,Together,42213,0,1,12-10-2013,96,7,7
7192,1955,Graduation,Together,65748,0,1,15-04-2013,58,10,1
2324,1972,Graduation,Together,77044,0,1,27-10-2013,12,11,4
697,1969,Graduation,Together,74918,0,0,12-03-2013,78,6,3
3439,1972,Graduation,Married,56721,1,1,31-10-2012,64,5,6
1506,1975,Graduation,Single,42160,1,1,28-06-2013,26,4,6
232,1965,Graduation,Single,61559,0,1,17-07-2013,8,10,3
8876,1963,PhD,Together,33629,1,1,08-08-2012,49,4,9
4500,1991,PhD,Together,68682,0,0,06-10-2013,56,10,2
9739,1963,Graduation,Single,34377,0,1,19-01-2013,55,2,7
10395,1986,Basic,Single,8940,1,0,22-08-2012,25,3,8
1176,1973,Graduation,Married,26228,1,0,22-09-2013,50,2,8
1627,1957,2n Cycle,Divorced,77297,0,0,26-01-2013,84,9,4
938,1981,Graduation,Married,40211,1,1,30-07-2013,30,2,8
2740,1958,PhD,Widow,33438,1,1,22-09-2013,81,4,5
257,1959,PhD,Married,75032,0,1,28-04-2013,74,9,3
4058,1955,PhD,Single,61284,0,0,12-10-2013,76,8,6
7736,1986,Graduation,Married,22518,1,0,22-10-2012,36,2,5
8210,1975,Master,Married,54730,0,1,15-08-2013,64,8,4
833,1955,Master,Married,38452,1,1,30-03-2014,62,3,7
6230,1971,Graduation,Divorced,44421,1,1,15-02-2013,53,4,8
7325,1986,PhD,Together,38197,1,0,29-06-2013,86,3,5
1307,1978,Graduation,Divorced,41986,0,1,09-02-2014,15,4,4
1502,1983,Graduation,Together,28427,1,0,21-03-2013,67,3,8
6211,1976,PhD,Together,37395,1,0,02-05-2014,47,3,6
843,1971,Graduation,Married,64722,1,0,26-05-2014,47,11,6
4174,1956,Master,Together,55249,0,1,17-04-2014,81,4,3
9757,1972,Graduation,Together,84906,0,0,04-10-2013,98,12,2
6918,1989,Graduation,Married,28691,1,0,04-07-2013,56,3,8
286,1952,Graduation,Single,44213,1,1,29-11-2013,48,5,6
11086,1984,Basic,Single,25707,1,0,18-01-2014,18,3,7
1921,1967,PhD,Married,59062,2,1,03-10-2013,74,3,4
4138,1962,Graduation,Single,76624,0,1,24-05-2014,68,7,1
7718,1947,Master,Together,66000,0,0,20-04-2014,36,5,1
1291,1978,PhD,Together,27683,1,0,04-08-2012,90,4,8
6862,1971,Graduation,Divorced,1730,0,0,18-05-2014,65,0,20
4136,1992,Basic,Single,7500,1,0,03-12-2012,63,2,9
803,1968,Graduation,Together,40521,1,1,05-04-2013,82,2,5
4298,1973,PhD,Together,20427,1,0,24-03-2014,63,2,8
10833,1975,Graduation,Married,65106,0,1,24-05-2014,55,13,6
9606,1965,PhD,Married,69969,0,0,27-08-2013,64,6,3
8534,1952,Graduation,Married,67433,0,2,16-07-2013,51,13,4
5153,1967,PhD,Married,77766,0,1,22-02-2013,97,11,6
961,1972,Graduation,Married,74716,0,1,12-09-2013,92,5,4
5011,1963,Graduation,Divorced,68118,0,1,18-10-2013,51,4,6
6653,1970,PhD,Married,55158,1,1,30-07-2012,72,5,7
9094,1955,2n Cycle,Married,62972,0,1,03-08-2012,39,3,6
810,1975,Graduation,Married,74190,0,1,12-05-2014,49,11,2
5493,1976,Graduation,Married,39356,1,1,19-03-2014,21,2,6
2147,1969,Graduation,Together,76653,0,0,16-08-2013,91,11,2
5107,1973,PhD,Divorced,35860,1,1,19-05-2014,37,2,5
3979,1983,PhD,Divorced,90687,0,0,22-05-2013,98,8,2
6049,1982,Master,Together,73450,0,0,05-12-2013,85,11,3
8147,1960,Graduation,Married,31454,1,1,06-07-2013,40,3,8
1857,1952,Graduation,Single,47139,1,1,06-03-2014,2,2,7
3910,1975,Graduation,Divorced,83829,0,0,08-10-2013,78,6,1
5207,1963,PhD,Married,53378,1,1,24-09-2012,41,6,8
11114,1970,Graduation,Together,19656,1,0,08-02-2013,94,3,7
5429,1948,PhD,Married,45579,0,1,20-08-2013,10,4,6
9400,1958,2n Cycle,Single,85485,0,0,21-06-2014,73,6,2
1740,1944,Graduation,Married,55956,0,0,07-04-2014,22,4,4
7488,1963,Master,Single,64191,0,1,22-01-2013,30,13,3
195,1972,Graduation,Single,38808,1,0,26-08-2012,21,4,8
635,1966,Master,Married,57183,1,1,19-03-2013,51,7,8
7527,1968,Master,Divorced,23748,1,0,21-11-2012,97,3,8
10319,1971,Graduation,Married,66303,0,1,26-02-2013,56,11,8
2296,1975,Master,Married,37368,1,0,16-12-2013,4,2,6
10637,1964,Graduation,Married,40800,1,2,01-01-2013,77,3,7
2931,1978,Graduation,Divorced,71847,0,0,21-09-2012,95,9,3
907,1975,Graduation,Married,46149,0,1,29-11-2013,36,7,5
3698,1983,Graduation,Together,78687,0,0,09-08-2012,13,8,2
9516,1971,2n Cycle,Divorced,49118,0,0,18-08-2012,90,10,7
679,1957,PhD,Married,37633,1,1,20-09-2012,49,3,9
7384,1951,Master,Together,39767,0,0,21-07-2013,18,7,8
5043,1951,Basic,Married,26997,0,0,05-11-2012,89,5,7
5267,1970,Graduation,Divorced,33986,1,0,14-03-2013,43,3,7
339,1972,PhD,Married,57091,0,1,23-11-2012,82,5,7
2516,1969,2n Cycle,Married,46831,1,1,08-06-2013,84,2,4
9010,1972,Master,Married,83151,0,0,10-02-2013,80,10,2
378,1971,Graduation,Married,52531,0,0,30-12-2012,68,10,6
4808,1956,Graduation,Married,15759,0,0,05-09-2013,12,2,7
5068,1971,Graduation,Single,22804,1,0,31-07-2013,75,2,9
7628,1973,2n Cycle,Married,43050,1,0,18-03-2014,10,4,5
7128,1977,PhD,Single,42997,1,1,07-12-2013,91,2,7
2811,1963,PhD,Single,48918,1,1,12-04-2014,21,4,4
3551,1954,Master,Together,60033,0,1,29-03-2014,28,5,2
1663,1978,PhD,Together,34043,1,0,25-10-2013,97,2,9
5543,1966,Graduation,Together,57811,0,1,24-06-2013,49,11,5
1577,1946,Graduation,Married,78569,0,0,19-02-2014,14,4,1
10641,1978,Graduation,Single,7500,1,1,27-12-2012,5,3,6
5336,1971,Master,Together,157733,1,0,04-06-2013,37,1,1
6024,1953,Graduation,Together,94384,0,0,04-03-2013,62,5,2
1878,1985,2n Cycle,Married,23148,0,0,18-02-2014,83,3,7
3099,1970,Graduation,Divorced,44267,1,1,25-02-2013,48,4,9
6055,1979,Graduation,Married,71626,0,0,01-11-2012,94,8,3
5841,1966,Graduation,Together,60894,0,1,28-06-2013,61,8,7
3972,1976,Graduation,Together,50200,1,1,03-04-2013,70,5,8
4394,1965,PhD,Married,81051,0,0,23-05-2014,43,12,2
5758,1982,Graduation,Married,65169,0,0,14-01-2014,23,13,6
6658,1972,Graduation,Together,59868,0,1,22-07-2013,37,12,6
4603,1960,PhD,Married,65695,0,1,31-01-2014,50,10,4
8427,1956,Master,Single,64857,0,0,23-11-2012,78,10,4
10260,1965,Master,Together,45143,0,1,26-08-2013,74,5,7
7143,1955,2n Cycle,Together,74805,0,1,06-11-2013,14,10,2
8789,1989,2n Cycle,Married,59060,1,0,11-01-2014,77,7,4
6197,1962,PhD,Single,27238,1,1,20-04-2013,39,3,9
4554,1965,Graduation,Together,47009,0,1,01-10-2013,89,8,4
4937,1973,2n Cycle,Married,46094,1,1,10-06-2014,62,3,7
1920,1972,Graduation,Married,40321,1,1,29-07-2013,59,3,7
8749,1984,Graduation,Together,37235,1,0,01-02-2014,68,2,4
1650,1960,Master,Married,81843,0,0,22-04-2013,13,12,3
10377,1958,Master,Together,46692,0,1,06-06-2013,37,5,6
9206,1968,Graduation,Together,77382,0,1,07-01-2014,36,12,1
10971,1977,Graduation,Single,37774,2,0,03-09-2012,28,3,9
6398,1974,Basic,Married,18393,1,0,29-03-2014,2,3,8
9212,1962,Master,Married,72828,0,1,14-02-2013,17,13,7
7937,1982,Graduation,Married,24711,0,0,18-04-2014,86,3,7
839,1975,PhD,Married,45503,1,0,25-09-2013,54,4,5
4246,1982,Master,Single,6560,0,0,12-12-2013,2,1,17
158,1945,PhD,Together,71604,0,0,17-11-2013,3,5,4
4832,1979,Graduation,Married,27244,1,0,07-03-2014,84,2,7
5621,1969,Graduation,Married,48752,1,1,12-12-2012,8,5,9
1945,1962,Graduation,Married,71434,0,1,18-09-2013,4,7,4
5147,1948,Graduation,Single,90842,0,0,29-07-2013,57,13,1
2535,1978,Master,Married,88097,1,0,18-08-2012,24,8,9
11039,1975,Graduation,Married,51948,0,1,17-09-2013,51,4,5
9495,1982,Graduation,Together,71853,0,0,08-05-2013,29,6,1
9635,1983,Master,Married,35876,0,0,20-04-2014,13,3,6
2173,1952,Graduation,Widow,40049,0,1,16-10-2013,23,3,6
942,1982,Graduation,Single,39660,1,0,08-08-2012,36,3,9
9386,1962,Graduation,Together,50127,0,1,29-05-2014,88,6,6
5510,1977,Master,Married,43263,0,1,21-11-2012,2,6,5
873,1949,Master,Married,62845,1,1,01-10-2012,3,10,8
2253,1990,Graduation,Married,18929,0,0,16-02-2013,15,4,6
5181,1982,Basic,Single,24367,1,0,20-03-2013,58,2,9
979,1975,Graduation,Single,33249,1,0,20-02-2013,11,3,6
10390,1959,2n Cycle,Married,26887,0,1,10-02-2013,27,3,6
4698,1983,PhD,Married,50150,0,0,20-06-2013,32,7,5
7793,1976,Graduation,Together,62061,0,1,31-08-2013,12,7,6
1745,1962,PhD,Divorced,85696,0,0,03-05-2013,88,9,1
10590,1956,PhD,Together,76542,0,0,30-03-2013,91,10,2
5080,1993,Graduation,Single,70515,0,0,21-10-2013,12,4,2
8369,1987,Graduation,Together,18227,1,0,08-11-2012,21,2,8
5232,1965,Graduation,Married,69139,0,1,27-01-2014,23,5,4
2407,1982,Graduation,Married,69109,0,0,09-11-2012,10,7,4
3834,1962,Graduation,Single,69627,0,1,17-03-2013,35,11,5
7912,1978,Graduation,Married,38136,1,0,22-04-2013,69,2,8
7712,1946,PhD,Single,62159,0,0,28-04-2014,68,10,4
1065,1963,Graduation,Single,80695,0,0,29-12-2013,85,5,2
7275,1971,Master,Single,33316,1,1,04-10-2013,34,4,6
1343,1968,Graduation,Together,58554,1,1,26-09-2012,55,6,7
1384,1992,Basic,Married,17256,1,0,23-11-2013,10,2,8
9967,1974,Graduation,Divorced,53034,1,1,30-05-2013,30,7,8
6181,1950,2n Cycle,Together,52203,0,0,31-07-2012,36,11,6
10507,1977,2n Cycle,Divorced,59601,0,1,25-07-2013,14,7,8
2674,1958,Master,Single,75154,0,1,04-09-2012,79,6,3
2698,1976,Graduation,Single,47025,0,1,07-11-2013,52,5,6
3231,1973,Graduation,Married,37971,1,0,25-11-2013,97,3,8
4096,1968,Master,Divorced,41335,1,0,26-12-2013,24,4,7
10476,1958,Graduation,Married,67267,0,1,13-05-2014,0,5,2
5948,1975,Graduation,Single,57338,0,1,29-04-2014,96,5,5
9140,1960,2n Cycle,Together,50523,1,1,25-12-2013,89,4,6
10258,1965,Master,Single,35791,2,1,06-05-2013,94,3,8
5675,1960,PhD,Divorced,50611,0,1,04-10-2012,98,7,6
4743,1969,PhD,Married,56242,0,1,03-03-2013,72,11,6
8805,1960,Graduation,Single,48904,0,1,02-12-2012,1,4,8
1542,1975,Graduation,Single,56243,1,2,30-12-2013,26,8,5
6770,1985,Graduation,Married,21355,1,0,20-08-2013,5,2,6
8773,1971,Master,Together,57420,0,1,25-06-2013,22,6,7
10475,1970,Master,Together,,0,1,01-04-2013,39,6,5
10420,1955,Master,Divorced,46390,0,1,05-05-2014,56,3,7
7514,1956,2n Cycle,Together,54342,1,1,03-07-2013,74,4,6
2902,1958,Graduation,Together,,1,1,03-09-2012,87,3,5
4345,1964,2n Cycle,Single,,1,1,12-01-2014,49,2,7
793,1973,Graduation,Married,20895,1,0,06-10-2012,24,3,9
10909,1948,Graduation,Married,92344,0,0,15-01-2014,9,5,1
3769,1972,PhD,Together,,1,0,02-03-2014,17,3,7
8702,1976,2n Cycle,Together,26907,1,1,20-08-2013,10,3,7
4791,1980,Graduation,Together,44964,1,1,16-12-2012,35,3,8
2963,1979,Graduation,Together,75507,0,0,02-05-2014,56,6,3
8216,1972,Master,Married,53761,1,1,11-10-2013,7,3,5
8140,1973,Graduation,Together,22682,1,0,03-10-2013,51,4,4
10146,1972,PhD,Together,38887,1,0,02-03-2014,17,3,7
5289,1975,2n Cycle,Single,41658,1,1,09-11-2012,30,2,4
2587,1972,PhD,Married,29791,1,0,15-05-2014,21,3,5
4405,1956,Master,Married,63915,0,2,30-07-2013,2,12,5
8663,1974,Graduation,Divorced,39996,1,1,22-05-2014,85,2,6
2589,1972,Graduation,Divorced,26759,1,0,07-02-2014,65,3,6
3421,1968,Master,Divorced,63841,0,1,21-04-2013,64,9,6
10490,1969,PhD,Married,51039,1,1,10-12-2012,11,4,7
4094,1961,Graduation,Married,60544,1,1,25-08-2012,92,5,6
9958,1972,Graduation,Married,65685,0,1,29-03-2014,54,9,5
2534,1953,Graduation,Married,37716,0,1,21-04-2014,4,3,7
4188,1957,Graduation,Single,36864,0,1,13-08-2012,53,4,8
6613,1970,Master,Married,44511,1,0,12-10-2012,39,8,8
10827,1967,PhD,Married,36947,1,1,07-08-2012,49,4,9
5491,1951,Master,Together,47352,0,1,11-04-2013,70,5,7
8402,1953,Master,Married,67087,0,1,17-12-2013,40,8,4
8783,1950,Graduation,Married,57045,0,1,08-09-2012,40,9,3
10010,1953,PhD,Divorced,36957,1,1,06-09-2012,43,2,9
618,1977,PhD,Married,69389,0,1,28-09-2012,17,12,4
9121,1972,Graduation,Married,80134,1,0,20-05-2013,40,6,6
361,1969,Master,Married,43142,1,1,18-02-2014,84,2,7
4310,1944,Graduation,Married,80589,0,0,22-01-2014,25,5,1
2678,1990,Graduation,Single,34412,1,0,13-02-2013,62,3,9
6376,1979,Graduation,Single,57537,1,0,10-06-2013,83,8,4
524,1966,Basic,Together,22634,0,0,16-01-2013,47,2,8
10341,1948,Graduation,Together,51315,0,0,23-02-2014,45,5,2
5654,1972,Graduation,Married,36026,2,1,16-03-2014,34,3,6
4098,1973,Graduation,Married,24639,1,1,28-01-2014,3,4,6
5824,1972,PhD,Together,34578,2,1,11-04-2014,1,2,6
7000,1972,2n Cycle,Single,65704,0,0,13-10-2013,18,10,1
2561,1966,Graduation,Single,63810,0,1,11-11-2012,45,12,8
5229,1969,PhD,Together,54132,0,1,16-02-2014,81,3,7
4086,1959,Graduation,Married,18690,0,0,28-12-2012,77,2,8
2428,1970,Graduation,Married,28164,1,0,04-05-2013,23,4,7
8254,1974,PhD,Married,34596,1,0,13-04-2013,48,2,8
2836,1972,PhD,Married,43269,1,0,16-09-2013,61,2,8
8418,1958,2n Cycle,Single,38741,1,1,30-03-2014,60,3,7
1362,1972,Graduation,Single,31907,0,0,04-03-2013,75,6,7
7152,1983,Master,Married,27100,1,0,05-04-2013,64,3,7
10033,1973,2n Cycle,Divorced,31163,1,0,13-02-2014,54,3,6
9349,1985,Graduation,Married,92533,0,0,19-12-2013,84,11,2
274,1973,Graduation,Single,34853,1,1,23-12-2013,75,3,6
3388,1967,Graduation,Divorced,70844,1,1,30-10-2013,16,5,7
922,1979,2n Cycle,Married,31086,1,1,04-05-2013,79,2,8
8588,1961,Graduation,Married,60544,1,1,25-08-2012,92,5,6
2518,1986,2n Cycle,Together,20491,0,0,25-01-2013,16,2,7
574,1964,Graduation,Married,42523,0,0,23-04-2014,96,4,2
3220,1983,Graduation,Married,39922,1,0,14-02-2013,30,4,8
5967,1952,Graduation,Together,33402,1,1,18-07-2013,60,3,8
1183,1949,Master,Married,36408,1,1,21-09-2013,11,2,6
6856,1979,Graduation,Together,21645,1,0,03-09-2012,75,3,9
4530,1948,Master,Widow,78427,0,0,24-10-2012,36,10,3
1553,1946,Graduation,Together,82657,0,0,27-09-2013,71,10,4
4682,1958,Graduation,Married,51876,0,0,15-10-2013,88,8,1
8204,1971,2n Cycle,Married,78041,0,0,16-12-2012,93,9,2
5221,1957,Graduation,Married,52852,0,1,01-12-2012,93,5,8
1232,1982,PhD,Together,70038,0,0,25-10-2013,54,8,2
1927,1973,2n Cycle,Together,69401,0,1,23-03-2014,41,5,2
5788,1972,Graduation,Together,46053,1,0,17-02-2013,46,4,5
6652,1965,Graduation,Married,77343,0,0,09-06-2014,28,9,1
6246,1953,Graduation,Single,73892,0,0,13-11-2013,40,8,1
5975,1967,PhD,Single,40304,1,0,30-09-2013,82,3,7
6875,1965,PhD,Together,32727,0,0,28-08-2012,38,5,8
4399,1969,Graduation,Together,68695,0,0,25-06-2014,3,7,2
4042,1971,Graduation,Divorced,43300,0,1,13-10-2012,87,4,8
2157,1972,Graduation,Together,26290,1,1,12-01-2013,49,4,6
10133,1970,Graduation,Single,93790,0,0,12-02-2014,16,12,2
2525,1974,PhD,Married,38410,0,0,14-09-2012,65,9,6
8233,1950,Master,Widow,64866,0,1,26-01-2014,9,7,5
9483,1959,Graduation,Together,57957,0,1,19-08-2013,24,8,3
2945,1955,PhD,Together,46015,1,1,13-04-2014,25,3,7
10403,1978,Graduation,Together,16531,1,0,18-06-2014,43,3,7
5074,1986,Master,Married,28072,1,0,08-07-2013,10,3,7
10524,1963,Master,Divorced,49476,0,1,20-06-2013,29,5,2
4690,1953,Graduation,Married,50725,0,1,13-02-2013,45,8,8
7521,1952,Graduation,Together,83844,0,0,12-05-2013,57,11,1
7196,1950,PhD,Married,41145,1,1,08-02-2014,20,3,3
4406,1970,Graduation,Together,67419,0,1,16-01-2013,29,8,5
9672,1970,2n Cycle,Married,23162,1,1,21-12-2013,82,3,6
4864,1977,Graduation,Married,34380,1,0,02-05-2013,68,3,8
4706,1966,Graduation,Single,34704,0,1,27-04-2013,65,3,5
4070,1969,PhD,Married,94871,0,2,01-09-2012,99,4,7
25,1958,Graduation,Married,65148,0,1,16-11-2012,9,7,4
3697,1954,Graduation,Together,39898,0,1,12-02-2013,20,4,7
217,1956,Master,Single,64857,0,0,23-11-2012,78,10,4
4220,1970,PhD,Married,59892,0,1,02-11-2013,26,3,3
5286,1987,Master,Single,41020,0,0,28-10-2013,68,4,3
9559,1961,PhD,Married,57072,0,1,24-01-2014,79,13,5
2849,1979,Graduation,Single,60474,0,1,01-04-2013,25,12,7
7787,1960,Graduation,Together,62807,0,1,31-08-2012,83,12,5
3102,1981,2n Cycle,Together,19414,1,0,16-10-2013,32,3,8
5868,1980,Graduation,Married,19107,1,0,22-08-2013,49,3,7
8370,1976,2n Cycle,Together,75484,0,1,02-08-2012,50,6,4
9988,1976,Master,Single,70379,0,1,03-03-2013,84,13,4
2939,1970,Master,Together,79419,0,0,22-06-2014,96,4,2
5529,1946,PhD,Together,64014,2,1,10-06-2014,56,5,7
9743,1955,Graduation,Married,76998,0,1,11-01-2013,85,8,6
5763,1972,Master,Together,49854,1,0,10-11-2013,63,5,6
3478,1971,PhD,Married,60585,1,1,24-06-2013,17,9,5
7494,1950,PhD,Divorced,42873,1,1,21-01-2013,11,4,8
1763,1988,Graduation,Together,87679,0,0,27-07-2013,62,10,4
7250,1978,Graduation,Together,57867,1,0,01-10-2013,48,9,6
2005,1990,Graduation,Married,35765,1,0,11-12-2013,86,4,6
10770,1959,Graduation,Married,65492,0,0,26-01-2014,73,13,2
6885,1977,Graduation,Divorced,32952,1,0,01-12-2013,36,3,7
2072,1969,PhD,Together,53374,0,1,16-08-2012,34,9,9
9463,1959,Graduation,Together,71706,0,1,13-11-2012,16,7,5
6318,1988,Graduation,Married,68487,0,0,13-01-2013,48,13,4
4093,1975,Master,Together,53253,1,1,11-02-2013,61,5,5
5751,1973,2n Cycle,Divorced,31163,1,0,13-02-2014,54,3,6
3340,1977,Graduation,Married,42014,1,0,17-08-2012,56,6,8
3594,1973,Master,Married,54108,1,1,05-11-2012,74,9,8
3584,1955,PhD,Single,49667,0,0,20-08-2012,35,5,8
3643,1974,Master,Married,63206,0,0,20-03-2014,65,6,2
851,1972,Master,Married,57136,1,1,09-07-2013,48,10,6
7706,1975,2n Cycle,Together,46772,0,1,07-11-2012,88,5,8
3967,1971,PhD,Married,78931,0,0,25-10-2013,19,13,1
10128,1958,Graduation,Together,53977,0,1,08-06-2013,21,12,5
486,1988,Graduation,Married,84219,0,0,02-02-2014,27,10,1
9,1975,Master,Single,46098,1,1,18-08-2012,86,2,8
9451,1965,Graduation,Married,73538,0,1,25-11-2012,92,9,7
9264,1986,Graduation,Married,79529,0,0,27-04-2014,1,9,2
3865,1977,2n Cycle,Together,20981,0,0,30-04-2013,14,2,8
2853,1980,Graduation,Single,51766,1,0,11-03-2014,74,4,5
1490,1962,Graduation,Married,55759,0,1,28-11-2012,84,8,8
6310,1978,Graduation,Married,33039,1,0,09-09-2013,4,4,5
10380,1972,Master,Married,37787,1,0,20-09-2013,50,3,8
3887,1970,Graduation,Single,27242,1,0,11-11-2012,2,3,9
4278,1983,PhD,Single,87188,0,0,03-06-2013,73,6,3
8643,1971,Graduation,Together,69930,0,0,26-05-2013,21,12,3
1998,1976,Graduation,Single,37697,1,0,07-02-2014,82,3,6
10795,1973,PhD,Married,37401,1,0,06-05-2014,14,3,7
11110,1973,Graduation,Single,3502,1,0,13-04-2013,56,0,14
2408,1976,Graduation,Married,58597,1,1,20-11-2012,20,9,7
202,1948,PhD,Widow,82032,0,0,05-04-2014,54,7,1
7998,1958,Graduation,Together,28087,1,1,11-12-2012,77,2,7
830,1987,PhD,Single,74004,0,0,24-02-2014,5,4,3
3536,1960,Graduation,Together,19740,0,1,24-03-2013,65,3,5
6050,1975,2n Cycle,Married,57036,0,1,11-12-2012,33,13,9
125,1958,2n Cycle,Together,53083,1,1,15-05-2013,65,5,7
3463,1975,PhD,Married,69283,0,1,14-06-2014,41,13,5
2804,1975,Master,Single,46098,1,1,18-08-2012,86,2,8
3745,1988,2n Cycle,Married,23331,1,0,04-09-2012,92,3,8
9771,1988,2n Cycle,Single,23331,1,0,05-10-2012,97,5,9
451,1989,Graduation,Single,9255,1,0,20-12-2013,91,2,8
10530,1959,PhD,Widow,67786,0,0,07-12-2013,0,6,1
1079,1971,PhD,Married,71969,0,1,16-10-2012,59,9,8
8920,1967,Master,Single,59235,1,0,12-01-2013,4,12,7
6678,1989,Graduation,Together,31928,1,0,28-03-2014,5,4,7
3852,1961,Master,Together,74881,1,1,08-03-2013,48,12,5
528,1978,Graduation,Married,65819,0,0,29-11-2012,99,10,3
73,1953,PhD,Single,51411,1,2,26-05-2013,81,3,5
5589,1964,Graduation,Divorced,51983,0,1,31-08-2012,95,10,7
10212,1986,Master,Together,42386,1,0,13-01-2013,43,3,8
6365,1987,2n Cycle,Married,30390,0,0,02-09-2013,5,3,6
5636,1963,Graduation,Single,30983,0,0,09-11-2012,50,3,8
591,1957,Graduation,Widow,66033,0,1,20-01-2013,76,7,7
2217,1975,2n Cycle,Married,37284,1,1,29-03-2013,46,3,6
2544,1951,Master,Divorced,57530,0,1,12-10-2013,68,4,1
7725,1965,2n Cycle,Married,76800,0,0,08-03-2014,33,7,1
8091,1956,Graduation,Married,63943,0,1,02-09-2012,50,6,5
7321,1962,Graduation,Together,76081,0,0,23-05-2014,85,4,2
5462,1974,Graduation,Married,67445,0,1,12-08-2012,63,12,6
7791,1967,Master,Married,37054,1,1,15-09-2013,89,3,7
955,1962,Master,Together,47175,1,1,28-10-2012,81,4,8
4037,1976,Graduation,Divorced,31859,1,0,14-06-2013,77,2,7
6642,1961,Graduation,Divorced,27215,2,1,23-01-2013,50,4,6
2793,1976,PhD,Divorced,70179,0,1,21-07-2013,10,13,5
5424,1983,Graduation,Married,39922,1,0,14-02-2013,30,4,8
879,1976,Master,Married,49681,0,2,04-11-2013,66,7,7
9530,1988,Graduation,Married,24645,1,0,01-11-2012,16,2,8
4828,1954,Graduation,Divorced,79865,0,1,18-06-2014,12,5,1
10699,1985,Graduation,Married,44322,1,0,16-06-2014,30,3,8
1497,1952,Graduation,Single,47958,0,1,19-01-2013,8,5,5
7476,1964,Master,Single,63972,0,1,02-12-2012,93,10,4
4390,1954,Graduation,Together,75315,0,1,15-04-2014,14,12,2
10478,1950,PhD,Married,55517,1,1,27-09-2012,53,6,9
1081,1957,PhD,Married,75283,1,2,27-03-2013,26,5,4
4261,1946,PhD,Single,82800,0,0,24-11-2012,23,12,3
9916,1954,Graduation,Married,38998,1,1,03-11-2012,92,3,8
5350,1991,Master,Single,90638,0,0,13-02-2014,29,10,1
8135,1986,Master,Married,27161,1,0,28-10-2013,41,3,7
8685,1977,Graduation,Married,42014,1,0,17-08-2012,56,6,8
4967,1960,PhD,Together,38201,0,1,29-03-2013,19,5,8
2130,1982,Graduation,Together,45203,2,0,23-03-2014,4,3,6
9298,1947,PhD,Together,81574,0,0,28-04-2014,89,8,1
8175,1992,Graduation,Married,34935,0,0,21-06-2013,71,4,7
6257,1976,Master,Single,60482,0,1,23-01-2013,81,7,7
3790,1956,Graduation,Together,34633,2,1,23-01-2014,31,2,6
9952,1947,Master,Together,78093,0,0,11-12-2013,53,5,1
3503,1950,Graduation,Divorced,82460,0,0,02-12-2013,78,6,1
5223,1966,Master,Together,45903,0,1,23-04-2014,80,3,4
4608,1987,Graduation,Divorced,81361,0,0,25-02-2014,18,13,1
1626,1973,PhD,Divorced,35860,1,1,19-05-2014,37,2,5
4764,1952,Master,Together,40442,1,1,19-08-2012,52,4,7
2471,1965,Graduation,Married,61482,0,0,27-06-2014,39,6,2
5892,1980,Graduation,Married,34968,1,0,10-04-2013,11,5,7
2612,1987,Graduation,Married,75794,0,0,24-12-2013,33,12,3
4971,1962,PhD,Together,31497,0,1,06-12-2012,22,4,8
5185,1955,Graduation,Married,74268,0,0,14-02-2013,83,5,2
10069,1988,Basic,Together,13724,1,0,31-08-2012,43,2,9
2262,1965,Master,Together,45143,0,1,26-08-2013,74,5,7
1131,1967,PhD,Single,52569,0,1,05-04-2014,54,4,3
1041,1973,PhD,Single,48432,0,1,18-10-2012,3,6,8
24,1960,Master,Together,17144,1,1,15-02-2014,96,4,7
3409,1984,Graduation,Single,36108,1,0,15-10-2013,68,4,9
7022,1971,Graduation,Married,76445,1,0,28-09-2012,2,13,6
7943,1975,PhD,Married,36663,1,0,25-04-2014,40,3,2
5272,1965,Master,Married,53843,0,1,27-06-2013,64,3,7
5453,1956,Master,Married,90226,0,0,26-09-2012,26,12,2
2565,1955,Master,Divorced,70638,0,0,01-06-2013,69,10,3
800,1960,Graduation,Together,44512,1,1,30-08-2013,57,3,4
11092,1961,Graduation,Married,27116,1,1,02-03-2014,78,3,7
5062,1963,PhD,Married,54072,1,1,27-07-2013,71,2,8
8969,1977,Graduation,Married,71855,0,1,16-01-2013,59,11,3
4656,1990,2n Cycle,Single,51250,1,0,30-03-2013,28,4,9
4480,1973,Master,Married,60432,0,1,09-03-2014,61,5,6
9971,1964,PhD,Married,65526,0,1,11-04-2014,22,8,2
6729,1988,Graduation,Single,68655,0,0,10-08-2012,95,11,3
1773,1978,2n Cycle,Married,12393,0,0,04-12-2012,38,3,9
9242,1990,Graduation,Single,64509,0,0,17-08-2013,19,9,4
1764,1975,Graduation,Single,33955,1,0,09-08-2013,92,5,8
6215,1977,Graduation,Married,31353,1,1,29-12-2013,24,2,8
10099,1984,Graduation,Married,55434,1,0,05-10-2013,21,13,4
5423,1983,Graduation,Together,28359,1,0,27-10-2013,35,2,7
940,1987,Graduation,Single,57100,1,0,18-05-2014,9,7,3
3011,1965,Graduation,Married,69139,0,1,27-01-2014,23,5,4
3298,1956,Master,Married,52973,0,1,08-11-2012,92,9,8
8286,1965,PhD,Together,51717,0,1,20-08-2013,55,4,7
9668,1971,Graduation,Married,18793,1,0,12-01-2013,14,4,8
5120,1982,2n Cycle,Together,66664,0,0,25-09-2012,78,6,3
6097,1959,Graduation,Single,50664,1,1,16-01-2013,64,6,9
7019,1963,Graduation,Together,54414,1,1,23-01-2013,49,5,4
7408,1952,PhD,Married,54549,0,1,03-03-2014,8,4,7
8041,1971,PhD,Widow,47111,0,1,08-09-2012,35,10,9
252,1963,PhD,Divorced,41003,0,0,17-03-2013,11,8,6
9986,1982,Graduation,Together,19444,1,0,22-02-2014,8,2,7
3276,1976,2n Cycle,Together,36301,1,0,25-10-2013,53,3,7
3859,1947,PhD,Together,73059,0,1,31-08-2013,36,13,4
3570,1969,PhD,Together,42731,1,0,21-10-2013,64,5,5
3783,1959,PhD,Married,52854,1,1,24-03-2014,43,4,5
10207,1978,Graduation,Together,22775,1,0,19-06-2013,40,2,8
10906,1948,PhD,Together,46681,0,2,08-10-2013,52,4,5
3427,1955,PhD,Married,59821,0,1,12-04-2013,11,7,8
5209,1954,Graduation,Divorced,50002,0,1,17-06-2013,21,7,7
10711,1945,Graduation,Married,69755,0,0,02-10-2013,23,12,1
10785,1969,Graduation,Married,44078,1,1,19-06-2014,17,3,5
2814,1976,Master,Together,30560,1,0,27-06-2013,6,3,7
6866,1969,Master,Together,35924,1,1,23-03-2014,56,3,5
1665,1964,PhD,Divorced,64140,0,2,23-09-2013,71,6,5
6575,1981,Graduation,Together,56386,1,1,27-10-2012,51,7,9
3829,1979,Basic,Together,24594,1,0,10-12-2013,94,3,5
3091,1981,2n Cycle,Together,75774,1,0,02-05-2014,27,8,4
10141,1960,Master,Divorced,39228,0,0,10-05-2013,1,3,4
5177,1974,Master,Married,58494,0,1,12-12-2013,56,6,6
7005,1981,Graduation,Single,58684,0,0,16-06-2014,71,12,2
6409,1967,Graduation,Divorced,57136,0,0,18-05-2013,18,7,6
7485,1950,PhD,Widow,56551,1,1,07-05-2014,48,4,4
8079,1982,Graduation,Married,22448,1,0,26-02-2014,86,3,3
8395,1961,Graduation,Single,82014,0,0,20-08-2012,48,12,6
10352,1963,Graduation,Widow,34213,1,1,07-09-2012,2,2,9
4931,1977,Graduation,Together,157146,0,0,29-04-2013,13,0,1
13,1947,PhD,Widow,25358,0,1,22-07-2013,57,3,6
1834,1978,Master,Single,35544,1,0,08-03-2014,77,3,7
2285,1954,Master,Together,36634,0,1,28-05-2013,0,5,7
2295,1954,PhD,Married,62670,0,1,02-02-2014,57,13,3
1378,1972,2n Cycle,Together,50334,0,1,24-07-2013,24,6,6
2781,1981,Graduation,Single,72066,0,0,23-06-2014,55,6,2
1165,1958,PhD,Single,50729,1,1,02-05-2013,62,7,6
1404,1968,Graduation,Together,34916,2,0,15-05-2013,89,3,9
6457,1976,Graduation,Divorced,64892,0,1,29-05-2014,77,12,4
2639,1966,Graduation,Single,43602,1,1,10-01-2014,45,2,6
8299,1989,PhD,Single,33996,0,0,11-09-2013,46,3,4
6437,1985,2n Cycle,Single,41473,1,0,19-06-2013,80,3,7
6912,1967,PhD,Married,63246,0,2,20-08-2013,60,12,4
7327,1959,PhD,Married,36732,1,1,29-12-2013,71,4,2
5299,1970,PhD,Married,69084,1,0,19-11-2013,43,13,8
4127,1967,PhD,Married,77766,0,1,22-02-2013,97,11,6
8143,1985,PhD,Single,37929,0,0,30-07-2013,49,5,7
1964,1951,Graduation,Together,86610,0,0,05-09-2013,66,6,2
3690,1986,Master,Married,80141,0,0,11-01-2013,20,10,6
3433,1955,2n Cycle,Married,72635,0,0,03-06-2013,54,6,3
3389,1970,Graduation,Married,69016,0,1,22-11-2012,61,13,5
4712,1991,2n Cycle,Together,20193,0,0,28-11-2012,18,4,4
1170,1975,Graduation,Married,27573,1,0,25-03-2013,45,4,8
6347,1979,Basic,Single,15862,1,0,27-06-2013,26,3,8
4065,1976,PhD,Married,49544,1,0,12-02-2013,0,8,7
8230,1980,Graduation,Married,33228,1,0,23-01-2014,28,3,7
1215,1978,Graduation,Together,70440,0,0,08-10-2013,49,7,3
5939,1971,Graduation,Together,38232,1,1,17-01-2014,84,3,5
2156,1955,PhD,Married,22554,1,1,03-11-2012,38,4,5
7788,1983,PhD,Married,23536,1,0,04-06-2014,53,3,3
10323,1952,Graduation,Married,49413,0,1,25-10-2013,88,5,5
7947,1969,Graduation,Married,42231,1,1,25-03-2014,99,3,5
1891,1980,Master,Divorced,78789,0,0,08-08-2012,12,5,2
2570,1968,Graduation,Together,56534,0,1,23-07-2013,35,7,8
9256,1971,Graduation,Single,58350,0,1,04-01-2013,5,12,6
295,1989,Graduation,Single,81217,0,0,19-07-2013,77,11,1
7397,1951,Graduation,Single,49090,0,1,19-07-2013,45,9,7
6349,1987,Master,Divorced,61787,0,0,06-07-2013,71,6,5
10790,1985,PhD,Married,18169,1,0,19-02-2013,40,2,8
10398,1981,2n Cycle,Single,24336,1,0,27-08-2012,82,2,7
2431,1990,Graduation,Married,18222,0,0,31-12-2012,70,3,8
550,1952,Graduation,Divorced,62335,0,1,23-05-2013,87,13,2
1890,1971,2n Cycle,Together,42033,1,1,19-09-2012,95,2,7
10742,1983,PhD,Married,86580,0,0,27-02-2013,72,5,1
10356,1957,PhD,Divorced,41437,1,1,22-09-2012,5,3,7
4676,1951,Master,Widow,73705,0,2,05-03-2014,86,8,5
8852,1976,Graduation,Married,61064,0,1,31-08-2012,80,11,6
3565,1955,Master,Married,38452,1,1,30-03-2014,62,3,7
5294,1989,Graduation,Single,18358,1,0,20-11-2013,49,4,7
1958,1973,PhD,Together,55012,0,1,21-03-2014,85,9,5
7349,1973,Basic,Together,9722,1,0,02-10-2012,7,3,8
8799,1984,PhD,Married,38175,1,0,23-09-2013,6,4,7
1351,1956,Master,Together,58656,0,1,20-09-2012,25,13,6
1045,1965,Graduation,Together,52117,0,1,16-08-2012,55,4,7
7732,1978,Graduation,Married,64813,1,0,02-01-2014,81,10,5
8070,1973,PhD,Married,54222,0,1,01-03-2014,98,5,3
477,1986,Graduation,Married,83512,0,0,17-06-2014,31,10,1
7832,1959,Master,Married,77520,0,1,28-08-2013,30,7,4
2202,1978,Graduation,Together,41154,0,1,09-04-2013,98,4,5
7396,1966,Graduation,Married,80398,0,0,10-11-2012,92,12,3
4055,1992,Basic,Single,18746,1,0,29-05-2014,41,3,6
10340,1984,Graduation,Together,35196,1,0,13-11-2012,68,5,8
10091,1956,Graduation,Single,60230,0,1,20-05-2013,78,6,5
7629,1977,Graduation,Married,22108,1,1,08-05-2014,46,3,7
10640,1974,Graduation,Together,44392,1,1,05-09-2013,71,4,7
3498,1976,PhD,Married,55424,0,1,25-11-2012,6,9,6
6742,1979,Graduation,Married,17688,1,0,13-01-2013,82,2,8
1172,1983,PhD,Married,92491,0,0,01-05-2013,71,12,3
569,1991,Graduation,Single,90273,0,0,14-12-2013,32,7,2
4686,1962,PhD,Widow,82571,0,0,02-04-2014,28,13,2
1381,1982,PhD,Single,38513,1,0,28-01-2014,20,5,8
2634,1979,Master,Single,16653,1,0,18-04-2014,10,3,6
10905,1955,Graduation,Together,42586,1,1,29-10-2012,7,6,8
1744,1965,Basic,Single,23529,0,1,07-01-2013,67,2,6
1000,1961,Master,Together,74881,1,1,08-03-2013,48,12,5
3828,1951,Graduation,Married,71107,0,1,17-02-2013,61,13,4
8605,1964,PhD,Together,46910,1,1,23-03-2014,36,3,6
10304,1959,Graduation,Married,18690,0,0,28-12-2012,77,2,8
4351,1955,Graduation,Divorced,37244,1,1,27-04-2013,90,2,7
10129,1966,Graduation,Together,82427,0,0,12-03-2014,35,12,1
2499,1958,2n Cycle,Single,75342,0,1,06-05-2013,38,10,4
10092,1954,Graduation,Divorced,70044,0,1,18-02-2013,46,5,5
7500,1967,Graduation,Single,79146,1,1,24-04-2014,33,8,6
5796,1963,Graduation,Married,77437,0,0,26-11-2013,70,13,1
10556,1959,Graduation,Married,54984,0,1,24-05-2014,51,6,7
1064,1971,PhD,Married,42403,1,0,11-12-2013,18,3,8
48,1964,Graduation,Together,55761,0,1,24-04-2014,97,3,6
7610,1983,Graduation,Together,37292,1,0,18-04-2013,32,5,8
263,1945,PhD,Single,45576,0,0,28-05-2014,9,3,8
10814,1947,Graduation,Together,70321,0,0,16-01-2013,6,13,4
9710,1969,PhD,Divorced,58086,0,1,20-01-2013,80,7,8
9292,1952,Graduation,Married,81795,0,0,26-10-2012,74,7,2
10250,1947,Basic,Together,28389,0,0,20-11-2012,49,2,7
7881,1946,Master,Married,66835,0,0,28-09-2013,21,13,2
5847,1969,Graduation,Divorced,69901,0,1,29-05-2013,95,10,5
737,1949,PhD,Married,80360,0,0,03-03-2013,56,5,2
3571,1961,PhD,Together,63342,0,1,16-10-2012,48,5,6
7807,1974,Graduation,Married,44989,0,1,12-09-2012,26,5,6
3878,1980,2n Cycle,Single,31859,1,0,27-02-2014,3,3,7
5092,1949,PhD,Widow,51569,0,1,12-02-2013,39,7,8
2154,1971,Graduation,Widow,30372,1,1,25-12-2012,33,3,7
5394,1979,Basic,Single,16014,1,1,17-03-2013,42,4,3
3798,1968,Graduation,Married,41120,1,1,06-11-2013,80,3,6
3524,1971,Master,Single,39763,1,0,04-08-2013,9,2,9
5247,1955,PhD,Married,38725,1,1,10-05-2014,52,4,4
5883,1972,Graduation,Married,77981,1,0,26-05-2013,78,7,5
2118,1964,2n Cycle,Married,62905,0,1,10-09-2013,68,8,4
8812,1979,2n Cycle,Divorced,13533,1,0,10-03-2013,45,3,7
6616,1975,Graduation,Together,59481,0,1,23-10-2013,47,8,2
2797,1977,Graduation,Married,72117,0,1,20-08-2013,34,9,5
4328,1986,2n Cycle,Married,21955,1,0,07-09-2013,81,3,6
9167,1956,Graduation,Married,67131,0,1,26-03-2013,72,12,6
10560,1980,PhD,Single,36802,1,0,16-06-2014,23,3,5
2631,1982,Graduation,Together,71853,0,0,08-05-2013,29,6,1
8312,1961,Basic,Married,28249,0,0,15-06-2014,80,3,6
5534,1975,Master,Married,47808,0,1,20-10-2013,30,3,7
5093,1974,PhD,Divorced,25509,1,0,18-09-2012,15,3,9
7592,1946,PhD,Married,51012,0,0,18-04-2013,86,4,6
8895,1985,Graduation,Single,70596,0,0,05-10-2012,68,12,2
8584,1952,PhD,Together,85431,0,0,08-06-2013,54,7,0
2694,1967,Graduation,Married,42664,0,1,18-03-2014,44,3,6
8910,1955,Graduation,Together,42586,1,1,29-10-2012,7,6,8
7433,1985,Graduation,Single,29760,1,0,29-08-2012,87,4,8
164,1977,PhD,Married,28973,0,0,13-10-2012,59,5,8
10477,1973,PhD,Together,39435,1,0,06-08-2013,16,2,7
2681,1984,2n Cycle,Married,65370,0,0,01-08-2013,1,13,1
5150,1979,Basic,Single,20194,1,0,17-12-2012,64,3,6
5283,1976,PhD,Single,42473,1,1,17-02-2014,72,4,5
9645,1968,Graduation,Married,64590,0,0,14-10-2012,98,10,6
10678,1959,Graduation,Together,71232,0,1,28-11-2013,91,10,7
7261,1971,Graduation,Together,34600,1,1,01-01-2013,8,5,8
9648,1967,Graduation,Single,46904,1,1,03-11-2012,20,4,8
2870,1973,Graduation,Married,49094,0,1,21-09-2012,6,6,6
8008,1983,Graduation,Together,36075,1,0,09-12-2013,54,4,6
1513,1979,2n Cycle,Together,60839,1,1,28-08-2012,72,12,8
6173,1979,Graduation,Together,77298,0,1,02-11-2013,46,11,3
1419,1950,Graduation,Together,34026,1,1,05-08-2013,11,3,5
9150,1963,PhD,Single,48918,1,1,12-04-2014,21,4,4
7960,1962,2n Cycle,Together,82122,0,0,15-08-2013,89,13,1
1250,1976,Graduation,Single,37697,1,0,07-02-2014,82,3,6
9905,1952,Graduation,Together,34074,1,1,13-07-2013,69,3,6
10691,1960,Master,Married,28520,1,1,14-06-2013,55,2,6
7002,1955,Graduation,Single,62535,0,1,03-10-2013,13,8,3
2952,1977,Master,Single,36273,1,0,16-04-2014,80,3,6
8439,1964,Graduation,Together,63404,0,2,06-06-2014,97,4,4
762,1981,2n Cycle,Together,75774,1,0,02-05-2014,27,8,4
2831,1976,Graduation,Together,78416,0,1,27-06-2014,99,10,3
6977,1974,Graduation,Together,75702,0,1,14-10-2012,87,13,6
6289,1951,Master,Together,59385,1,1,28-04-2013,85,4,5
4168,1966,Graduation,Single,37070,1,1,20-03-2013,30,8,7
8397,1951,Graduation,Married,44689,1,1,10-01-2014,82,2,7
9284,1958,Graduation,Together,53977,0,1,08-06-2013,21,12,5
6237,1966,PhD,Single,7144,0,2,07-12-2013,92,1,0
3130,1964,Graduation,Single,18701,1,1,04-06-2013,95,4,5
1619,1956,Graduation,Married,90369,0,0,28-04-2014,2,6,1
1990,1974,PhD,Single,63159,0,0,05-11-2012,74,8,3
5513,1966,Graduation,Together,37758,1,1,04-10-2012,49,3,8
269,1963,PhD,Single,46757,0,1,16-11-2012,71,7,9
8093,1969,Master,Married,79734,0,0,28-06-2014,72,6,1
10513,1992,Graduation,Together,63207,0,0,20-01-2013,68,6,7
10177,1954,Graduation,Divorced,72071,0,1,14-02-2013,4,8,2
2549,1983,PhD,Together,21840,1,0,21-07-2013,80,3,9
5782,1982,2n Cycle,Together,58582,0,1,28-09-2013,15,9,5
10057,1951,Graduation,Single,72282,0,0,19-07-2013,70,9,7
10307,1956,Graduation,Married,50387,0,2,31-08-2013,91,8,5
8566,1961,PhD,Together,32583,1,1,15-06-2014,10,2,7
2415,1962,Graduation,Together,62568,0,1,07-04-2014,99,5,4
5684,1971,Master,Divorced,44635,1,1,11-10-2013,25,3,7
8334,1971,Master,Single,33316,1,1,04-10-2013,34,4,6
9166,1968,Graduation,Married,63967,0,1,09-08-2013,57,12,2
1440,1978,2n Cycle,Together,52513,0,0,04-09-2012,84,9,7
78,1969,Graduation,Married,25293,1,0,15-09-2013,51,2,8
5441,1965,PhD,Widow,54111,0,1,25-08-2013,97,6,5
5302,1986,Graduation,Together,78394,0,0,15-02-2013,13,5,2
4687,1958,Master,Married,80739,0,0,23-05-2013,92,9,1
1087,1975,Master,Together,22669,1,0,22-05-2013,30,2,9
6859,1987,Graduation,Single,29236,1,0,08-10-2013,30,3,9
9860,1959,Graduation,Together,44911,0,1,15-03-2013,11,4,7
7129,1962,PhD,Married,54693,0,1,17-02-2013,72,13,6
5866,1974,Graduation,Together,48186,1,0,20-03-2014,39,4,7
10521,1977,Graduation,Married,54809,1,1,11-09-2013,0,5,4
7393,1978,Graduation,Together,41580,1,1,10-12-2012,15,3,5
7849,1970,PhD,Married,80336,0,0,09-09-2013,12,13,1
332,1957,Graduation,Married,47743,0,1,22-03-2013,56,6,6
9847,1955,2n Cycle,Married,62972,0,1,03-08-2012,39,3,6
531,1954,PhD,Divorced,57333,0,1,22-09-2012,55,9,6
9576,1982,PhD,Together,32313,1,0,11-02-2013,60,4,9
6906,1953,Master,Widow,84953,0,0,03-06-2013,73,4,2
7419,1968,Master,Divorced,27071,1,0,23-04-2014,90,3,6
3170,1957,Master,Together,68148,0,0,31-08-2013,86,6,2
8527,1965,Master,Together,65735,1,1,07-12-2013,37,6,7
7872,1975,PhD,Married,86836,0,0,12-09-2012,7,6,5
9931,1963,PhD,Married,4023,1,1,23-06-2014,29,0,19
10595,1990,Graduation,Married,30093,0,0,08-07-2013,19,3,7
4609,1966,PhD,Married,57705,0,1,11-01-2014,14,6,6
5010,1988,Graduation,Single,25008,1,0,02-02-2014,72,3,8
4427,1995,2n Cycle,Single,83257,0,0,18-09-2012,56,12,6
11148,1975,Graduation,Together,22280,1,0,19-05-2013,85,2,8
1168,1978,PhD,Married,72159,0,0,29-10-2012,62,10,2
9595,1961,Graduation,Together,64260,0,0,11-01-2013,1,4,3
10163,1984,PhD,Single,82733,0,0,10-09-2013,28,7,4
2886,1971,Master,Divorced,74290,0,1,12-08-2013,70,10,6
6710,1951,Master,Single,58217,2,1,17-11-2012,84,4,6
5316,1976,Master,Together,21024,0,0,04-07-2013,89,4,7
9029,1972,PhD,Married,70116,0,0,26-01-2013,73,12,1
521,1985,Graduation,Together,54006,1,0,18-09-2012,42,7,7
1459,1966,PhD,Married,69063,0,1,07-11-2012,16,5,3
10241,1975,2n Cycle,Divorced,11448,0,0,15-12-2013,16,2,6
1630,1979,Graduation,Single,61825,0,1,07-08-2013,56,8,4
3254,1971,Graduation,Married,70886,1,0,14-10-2013,65,4,2
9064,1982,Graduation,Married,69109,0,0,09-11-2012,10,7,4
3678,1973,Graduation,Widow,60208,1,1,07-10-2012,13,7,7
4227,1968,Master,Together,32889,1,1,06-09-2013,78,3,5
9467,1984,Graduation,Single,34738,1,0,11-05-2014,51,3,6
8486,1971,Master,Together,30538,1,0,01-10-2012,27,4,10
2186,1977,2n Cycle,Together,82326,0,0,10-03-2014,30,6,2
3286,1967,PhD,Divorced,26642,1,0,01-03-2014,71,3,6
8602,1964,Graduation,Divorced,69932,0,1,12-06-2013,97,11,4
3722,1972,Graduation,Single,44503,1,1,16-04-2014,83,3,6
6715,1948,PhD,Single,60200,0,1,02-01-2013,3,11,6
4796,1952,Graduation,Divorced,49638,0,1,19-04-2014,71,3,2
9612,1987,2n Cycle,Single,23830,0,0,07-02-2014,3,3,7
3766,1959,Master,Widow,33051,0,0,16-08-2012,15,8,9
1399,1958,Graduation,Married,72905,0,0,21-01-2014,52,9,1
1570,1951,PhD,Together,69702,0,1,19-02-2013,8,10,4
3426,1975,Graduation,Divorced,70300,1,0,15-07-2013,89,13,8
3074,1984,PhD,Married,70643,0,0,15-10-2012,66,4,6
8341,1969,PhD,Married,30396,1,0,30-04-2014,22,2,7
5180,1968,PhD,Divorced,50616,0,1,18-04-2014,56,4,7
6461,1969,Master,Single,62772,0,1,19-05-2013,74,11,2
7679,1985,PhD,Single,30298,0,0,19-05-2014,48,3,3
10702,1984,Graduation,Single,52413,1,0,03-11-2012,67,7,7
7505,1957,PhD,Married,44155,1,1,19-01-2014,24,2,4
5113,1971,PhD,Divorced,86979,0,0,07-11-2013,67,5,2
10858,1975,Graduation,Together,76532,1,1,09-09-2013,38,7,5
2961,1982,Graduation,Married,42081,1,0,26-02-2013,86,4,6
2747,1988,PhD,Married,67546,0,0,31-08-2012,90,5,3
3010,1989,Master,Together,88420,0,0,02-05-2014,87,8,1
5790,1985,Graduation,Married,31158,1,0,27-01-2013,62,3,8
6892,1968,Graduation,Divorced,61671,0,1,03-06-2014,23,6,8
1743,1974,Graduation,Single,69719,0,0,26-05-2014,99,5,1
3578,1949,Graduation,Divorced,49160,0,1,20-10-2013,29,6,6
8462,1978,Basic,Together,24882,1,0,09-09-2012,52,2,6
5558,1954,PhD,Single,90933,0,0,31-03-2014,90,4,1
4619,1945,PhD,Single,113734,0,0,28-05-2014,9,0,1
8780,1950,PhD,Together,59292,0,1,13-06-2013,71,8,3
10789,1964,PhD,Married,45759,1,1,23-02-2013,13,3,7
10779,1983,Graduation,Single,22148,0,0,13-04-2014,16,3,7
5896,1987,Master,Married,73395,0,0,18-03-2014,94,6,2
2337,1971,Graduation,Divorced,29819,1,0,24-10-2013,77,3,6
10951,1968,Graduation,Married,45688,0,1,25-01-2014,20,8,4
544,1954,Graduation,Married,62820,0,0,11-05-2013,51,6,1
17,1971,PhD,Married,60491,0,1,06-09-2013,81,7,5
10680,1986,Graduation,Together,33235,1,0,05-02-2014,71,3,7
3265,1959,Graduation,Married,35701,0,0,19-03-2013,36,3,6
5623,1980,Master,Married,31535,1,0,26-09-2013,95,2,7
5832,1960,2n Cycle,Together,92556,0,0,20-04-2014,32,13,0
5544,1970,Graduation,Single,67384,0,1,10-11-2012,32,5,5
6417,1971,Master,Together,80573,0,0,14-10-2012,85,13,2
5831,1967,Graduation,Married,77870,0,1,22-08-2012,93,5,8
7101,1963,PhD,Widow,52278,0,1,25-01-2013,24,10,8
10176,1968,Graduation,Single,57107,0,1,24-08-2012,44,8,8
2326,1990,Graduation,Married,18929,0,0,16-02-2013,15,4,6
4385,1981,PhD,Single,36038,1,0,31-05-2013,82,3,6
2929,1976,Graduation,Single,20180,0,0,20-02-2013,27,4,7
10686,1965,PhD,Together,34230,1,1,26-12-2012,72,2,7
2546,1977,2n Cycle,Single,31878,0,1,22-06-2014,7,4,3
3283,1972,2n Cycle,Married,70932,0,1,19-01-2014,57,12,3
3138,1956,Graduation,Single,91249,0,0,20-10-2012,84,6,4
4994,1943,Master,Single,77598,0,0,01-10-2013,53,13,3
7966,1959,Graduation,Single,80982,1,1,08-01-2013,48,11,5
3112,1977,Master,Married,22701,1,0,05-09-2013,2,3,5
10872,1969,PhD,Married,55212,0,1,23-11-2012,65,11,8
2181,1970,Graduation,Married,70617,0,0,23-06-2013,45,7,2
1867,1957,Graduation,Single,64849,0,0,13-11-2012,42,6,5
1518,1965,Master,Married,62694,1,1,17-06-2013,29,7,7
5734,1974,PhD,Married,61917,1,1,20-11-2013,83,4,5
2878,1947,PhD,Married,67472,0,1,28-09-2013,93,7,3
1458,1982,Master,Married,21059,1,0,07-01-2014,40,3,6
7007,1968,Master,Married,29543,2,0,01-04-2014,47,2,7
6200,1951,Graduation,Married,75903,0,1,08-04-2013,50,9,3
1403,1975,2n Cycle,Together,34984,1,1,06-09-2012,40,3,7
4827,1956,PhD,Single,54998,0,1,10-03-2013,3,9,4
6250,1949,PhD,Widow,54356,0,1,19-11-2012,62,8,8
9291,1959,Master,Married,34242,0,1,23-03-2014,25,3,5
2478,1973,Graduation,Married,25410,1,0,31-08-2013,48,4,4
1139,1984,PhD,Married,73356,0,0,06-02-2014,56,5,2
5138,1950,Graduation,Together,28320,0,1,14-01-2013,68,3,8
5393,1977,Graduation,Single,23763,1,0,07-08-2012,64,3,7
10413,1984,Graduation,Married,72570,0,0,25-04-2014,67,12,1
5015,1976,Master,Married,34529,1,0,14-09-2012,94,3,7
10868,1951,Graduation,Widow,70792,0,0,06-02-2013,82,10,3
10676,1982,Graduation,Married,63211,0,0,02-11-2012,3,7,2
2495,1974,Master,Married,83891,0,1,20-06-2014,24,10,1
7842,1968,Graduation,Single,36065,1,1,31-03-2013,54,3,8
9955,1954,Graduation,Together,39898,0,1,12-02-2013,20,4,7
6663,1940,PhD,Single,51141,0,0,08-07-2013,96,4,5
2162,1976,Graduation,Married,56939,0,1,18-09-2013,19,10,3
3434,1951,Graduation,Single,80872,0,0,12-05-2014,60,10,1
7919,1976,PhD,Together,72335,0,0,13-08-2012,2,8,8
5626,1964,PhD,Single,61798,0,0,23-11-2013,13,9,4
6428,1950,PhD,Widow,76842,0,0,03-05-2014,37,7,0
8514,1976,Graduation,Together,29478,1,0,17-01-2014,59,3,6
10448,1956,Graduation,Single,46998,0,1,22-10-2012,55,5,7
2109,1990,Graduation,Single,96843,0,0,23-04-2013,60,10,2
7530,1950,PhD,Widow,56551,1,1,07-05-2014,48,4,4
8925,1965,Master,Married,70053,0,1,03-07-2013,38,10,5
3009,1962,PhD,Widow,71670,0,0,09-07-2013,8,6,6
6355,1978,Graduation,Married,44359,1,1,17-06-2014,19,4,3
3517,1952,Graduation,Single,40887,1,1,06-05-2013,32,3,9
1158,1966,Graduation,Divorced,48877,0,1,05-01-2014,27,4,7
6203,1947,Graduation,Together,74485,0,0,24-08-2013,58,12,3
7165,1972,Graduation,Together,64474,0,1,22-10-2013,59,10,5
3595,1963,Graduation,Together,77226,0,1,28-02-2014,29,12,3
8537,1949,Graduation,Widow,72643,0,0,27-02-2013,60,7,2
4331,1978,Master,Together,85738,0,0,23-01-2014,41,11,1
6281,1966,Graduation,Divorced,55686,0,1,14-02-2013,27,5,4
4338,1983,Graduation,Single,39062,1,0,25-03-2014,28,3,4
2452,1971,Graduation,Together,34600,1,1,01-01-2013,8,5,8
9507,1975,Graduation,Married,40794,0,1,07-04-2013,18,5,7
8360,1971,2n Cycle,Married,54690,1,1,07-11-2013,76,5,3
10311,1969,Graduation,Married,4428,0,1,05-10-2013,0,0,1
5117,1963,2n Cycle,Married,32632,0,0,02-08-2012,32,8,5
4867,1968,PhD,Single,38236,1,1,20-09-2013,2,4,7
9289,1979,Graduation,Married,36781,1,0,10-04-2014,16,2,8
10913,1984,Master,Single,31385,1,0,05-12-2012,56,2,8
3032,1984,Graduation,Married,24570,1,0,27-02-2013,97,4,9
8524,1974,PhD,Divorced,25509,1,0,18-09-2012,15,3,9
3334,1951,Graduation,Married,94642,0,0,12-02-2014,35,9,1
4470,1962,Master,Married,58646,0,1,10-06-2013,3,4,4
1406,1975,Graduation,Single,53201,1,1,12-02-2013,49,5,7
8619,1957,Graduation,Together,21994,0,1,24-12-2012,4,3,5
10821,1978,Graduation,Married,57113,1,1,06-02-2013,45,5,7
4552,1991,Graduation,Married,51373,0,0,22-06-2013,37,3,4
898,1986,Graduation,Married,23477,1,0,21-10-2013,39,4,8
9797,1956,Graduation,Married,58116,0,1,13-04-2014,38,8,2
10949,1963,PhD,Divorced,72968,0,0,16-12-2013,8,8,3
8212,1971,Master,Married,39791,0,1,28-03-2013,89,4,7
6248,1947,Master,Single,91712,0,0,17-10-2013,47,11,3
10164,1958,Graduation,Single,94472,0,1,03-04-2014,75,5,5
4547,1960,Graduation,Together,13672,1,1,17-04-2013,86,3,8
6815,1980,2n Cycle,Married,96547,0,0,23-05-2014,4,8,2
4122,1975,Graduation,Married,79205,0,0,29-08-2012,73,4,4
10841,1975,PhD,Together,56559,0,1,25-12-2012,46,8,4
5370,1973,PhD,Married,32644,1,0,16-01-2013,38,6,8
176,1980,2n Cycle,Single,67506,0,1,02-01-2014,73,6,3
4860,1970,Graduation,Single,24206,1,0,08-03-2013,66,3,6
10757,1967,PhD,Divorced,28420,1,0,24-12-2013,36,2,6
4023,1970,Graduation,Married,22979,1,0,06-09-2012,29,2,8
6679,1966,Graduation,Single,33279,0,0,12-06-2014,29,3,3
9923,1972,Master,Single,46423,1,1,18-09-2013,6,4,7
7181,1977,Graduation,Married,30368,0,1,07-11-2013,97,3,8
3599,1970,Graduation,Married,63684,0,1,26-11-2012,61,8,5
405,1964,Graduation,Divorced,41638,0,1,13-02-2013,68,3,8
6870,1959,PhD,Divorced,68805,0,1,17-09-2013,73,7,2
832,1966,PhD,Together,65814,0,1,02-03-2014,90,10,5
2002,1958,Graduation,Divorced,71964,0,0,20-05-2013,81,5,3
3657,1986,Graduation,Single,39146,1,0,14-02-2013,1,4,8
500,1977,Graduation,Together,96876,0,0,06-08-2013,79,9,2
1951,1981,Basic,Married,34445,0,0,27-01-2013,92,8,9
3262,1958,Graduation,Single,68281,0,0,07-08-2012,31,13,5
4102,1975,2n Cycle,Married,37284,1,1,29-03-2013,46,3,6
7042,1983,Graduation,Married,36790,0,0,01-03-2013,14,2,9
10598,1967,Graduation,Together,27943,1,1,15-04-2013,89,3,8
255,1951,Graduation,Divorced,22263,1,1,30-03-2014,31,3,6
2375,1972,Graduation,Together,30261,1,2,25-09-2012,75,3,8
9829,1978,Graduation,Together,28587,1,0,12-02-2014,42,4,6
6214,1982,Master,Married,43815,1,0,05-04-2013,53,3,6
4954,1956,Graduation,Married,48195,1,1,21-01-2014,53,5,6
7861,1952,Master,Married,77027,0,1,05-02-2014,23,6,4
4837,1965,PhD,Married,71322,0,1,16-02-2013,57,13,4
9423,1979,Master,Married,32765,1,0,23-02-2014,49,4,5
4198,1965,Graduation,Together,29672,1,1,12-03-2013,6,3,6
153,1953,Graduation,Divorced,23272,0,0,17-10-2013,29,3,4
9323,1949,Master,Together,49912,0,1,07-09-2012,5,7,8
10001,1985,2n Cycle,Together,7500,1,0,01-08-2012,98,3,9
3945,1947,PhD,Widow,68117,0,1,10-03-2013,80,4,6
3799,1955,Graduation,Married,67225,0,1,26-11-2013,4,11,5
8625,1976,Graduation,Married,17649,1,0,12-11-2013,70,3,8
3491,1975,Graduation,Together,55914,0,1,29-04-2013,32,8,7
983,1984,Graduation,Married,40059,1,0,28-09-2013,82,3,8
9119,1950,Graduation,Together,60905,0,1,05-12-2013,27,7,2
4786,1977,Graduation,Married,75330,1,1,04-10-2012,94,12,6
5872,1951,Graduation,Single,60689,0,1,01-06-2013,23,10,3
6568,1984,Graduation,Married,38680,1,0,28-03-2013,97,3,7
5628,1982,Graduation,Together,61416,0,0,08-02-2013,25,10,6
5631,1991,Graduation,Single,49767,0,0,02-05-2013,92,8,4
4974,1970,Graduation,Single,83273,1,2,25-09-2012,98,9,7
8416,1981,Graduation,Married,29009,1,0,29-11-2013,19,3,6
5454,1979,Master,Married,45057,1,0,01-12-2013,80,3,5
4095,1971,Graduation,Married,37150,1,0,11-09-2012,80,6,7
5474,1970,Graduation,Single,43020,1,0,30-11-2013,79,4,6
4268,1959,Graduation,Married,53154,0,1,09-06-2014,50,4,4
10701,1973,Graduation,Married,65308,0,0,11-09-2013,60,12,4
3507,1970,Graduation,Single,76467,1,0,17-08-2012,44,5,6
2079,1947,2n Cycle,Married,81044,0,0,27-12-2013,0,10,1
626,1951,Graduation,Married,32871,1,1,09-03-2013,28,3,4
4426,1975,Graduation,Single,55801,1,1,22-09-2013,35,6,7
2591,1959,Graduation,Widow,76320,0,1,22-06-2014,49,4,2
10509,1955,Master,Single,36927,1,1,02-06-2014,46,3,8
6382,1953,Graduation,Together,48794,1,1,26-06-2014,97,3,4
6673,1965,Graduation,Single,23478,0,0,19-03-2013,51,3,8
7441,1973,Graduation,Divorced,71128,1,0,06-10-2012,80,12,7
1071,1976,PhD,Divorced,70179,0,1,21-07-2013,10,13,5
10061,1950,Graduation,Married,59462,0,1,05-01-2013,29,12,7
7187,1969,Master,Together,,1,1,18-05-2013,52,4,3
8775,1969,Graduation,Together,38361,1,0,27-12-2013,74,3,7
1612,1981,PhD,Single,,1,0,31-05-2013,82,3,6
2345,1982,PhD,Together,70038,0,0,25-10-2013,54,8,2
322,1978,Graduation,Together,42554,1,1,12-01-2013,93,3,4
10897,1974,Graduation,Married,67445,0,1,12-08-2012,63,12,6
123,1951,Graduation,Widow,67046,0,1,06-01-2013,92,4,2
6103,1948,Graduation,Married,42192,0,0,06-09-2013,40,3,4
7899,1952,PhD,Married,77610,0,1,29-10-2012,70,4,7
10500,1984,Graduation,Married,31761,1,0,05-04-2014,96,4,5
1655,1979,Graduation,Together,34350,1,0,19-10-2013,81,3,7
2406,1949,Graduation,Together,54591,0,1,05-08-2013,63,8,5
2712,1956,Graduation,Married,71866,0,1,25-12-2013,85,10,3
5517,1969,Graduation,Married,25293,1,0,15-09-2013,51,2,8
10643,1987,PhD,Single,42000,0,0,10-01-2013,23,11,5
2254,1983,Graduation,Married,69520,0,0,07-07-2013,95,5,5
10281,1970,Graduation,Divorced,64713,1,0,07-02-2014,11,7,4
6958,1977,Master,Married,27889,1,0,05-07-2013,42,2,6
954,1960,Basic,Widow,22123,0,0,27-03-2014,77,3,5
5079,1971,Graduation,Married,,1,1,03-03-2013,82,3,8
10339,1954,Master,Together,,0,1,23-06-2013,83,4,6
4643,1973,Graduation,Married,27803,1,0,26-08-2012,40,4,8
3117,1955,Graduation,Single,,0,1,18-10-2013,95,5,7
6497,1960,Graduation,Married,51651,0,1,07-11-2012,32,5,8
5396,1988,Graduation,Married,68487,0,0,13-01-2013,48,13,4
5250,1943,Master,Widow,,0,0,30-10-2013,75,11,1
1052,1969,Graduation,Married,56796,0,1,16-02-2013,24,7,7
2802,1992,2n Cycle,Married,87000,0,0,15-12-2012,61,7,2
6343,1959,Graduation,Married,79823,0,1,31-03-2014,6,7,2
6507,1980,Graduation,Single,30828,1,0,04-10-2013,16,4,3
7901,1971,Master,Married,34109,0,1,06-11-2013,39,3,4
4865,1974,Master,Divorced,53367,1,1,31-08-2013,2,8,7
2686,1969,Basic,Together,22390,0,0,21-10-2013,49,2,7
3107,1976,Graduation,Together,71322,0,1,02-05-2014,31,7,2
7734,1993,Graduation,Absurd,79244,0,0,19-12-2012,58,7,1
1146,1949,Master,Together,49912,0,1,07-09-2012,5,7,8
11031,1950,PhD,Married,48699,1,1,21-05-2013,90,3,5
7428,1975,Graduation,Together,80144,0,0,30-09-2013,47,8,1
975,1956,Graduation,Single,54252,1,1,28-05-2013,25,5,6
1103,1976,Master,Married,81929,1,0,29-09-2012,60,10,6
3422,1975,Graduation,Married,76068,0,1,29-11-2012,67,4,6
1055,1976,Master,Married,53204,1,1,20-03-2014,40,3,4
6544,1949,PhD,Together,67911,0,1,22-05-2014,63,11,3
1241,1984,2n Cycle,Married,14796,1,0,17-09-2012,1,3,9
2909,1974,PhD,Married,78128,0,1,19-02-2014,89,6,3
5802,1972,Basic,Married,14188,0,0,28-02-2013,40,4,6
1407,1986,Basic,Married,20425,1,0,29-10-2012,5,3,7
6183,1962,Master,Married,58646,0,1,10-06-2013,3,4,4
340,1970,Graduation,Divorced,72967,0,1,15-12-2012,1,8,5
5991,1949,Master,Married,48150,0,1,08-06-2013,24,4,7
3104,1961,Graduation,Single,82332,0,0,17-09-2012,89,12,2
9729,1955,Graduation,Widow,58275,1,1,02-06-2013,48,7,7
1008,1981,PhD,Together,44953,0,0,21-12-2012,31,13,6
11091,1953,Graduation,Together,34587,1,1,16-05-2014,68,3,4
3969,1974,Master,Together,43018,0,1,01-11-2013,46,2,5
1916,1954,Master,Married,45736,0,1,24-07-2013,92,6,7
9907,1969,Master,Together,66476,0,1,04-12-2013,80,10,4
87,1981,2n Cycle,Married,27733,1,0,26-08-2013,16,3,7
8659,1952,PhD,Together,69805,0,1,21-01-2014,50,11,2
6262,1962,Master,Single,72217,0,0,10-04-2013,93,8,2
6147,1971,Graduation,Divorced,25818,1,0,18-10-2012,51,2,7
8832,1976,Master,Together,37509,1,0,12-09-2012,24,4,7
10067,1976,2n Cycle,Together,25176,1,1,10-08-2013,79,2,7
7532,1980,Graduation,Married,43586,0,1,30-08-2012,26,4,8
4915,1956,2n Cycle,Married,53230,0,1,03-08-2012,86,12,5
2115,1957,Graduation,Together,50116,1,1,20-06-2014,68,4,5
2088,1972,Graduation,Together,84906,0,0,04-10-2013,98,12,2
2493,1966,Graduation,Married,61286,0,1,02-08-2013,34,8,5
6292,1986,PhD,Married,82333,0,0,30-03-2013,60,10,2
1631,1965,PhD,Together,65220,0,0,03-09-2012,3,7,6
10104,1974,Graduation,Together,33590,2,1,03-11-2013,65,2,7
3006,1976,Graduation,Divorced,30992,1,0,22-04-2013,83,3,7
3919,1976,Master,Single,72309,0,0,11-03-2013,64,8,3
11181,1949,PhD,Married,156924,0,0,29-08-2013,85,0,0
642,1980,Basic,Married,16005,1,0,14-08-2012,69,2,8
4369,1957,Master,Absurd,65487,0,0,10-01-2014,48,6,2
10127,1965,Graduation,Married,58692,0,1,06-04-2014,21,4,7
271,1969,Graduation,Widow,40590,1,1,02-10-2013,30,3,6
4973,1970,Graduation,Single,20587,1,0,11-05-2014,39,2,7
2948,1954,Master,Divorced,62637,0,1,01-03-2014,76,5,2
2715,1966,Master,Divorced,29435,1,1,06-08-2012,11,2,9
10432,1974,Graduation,Divorced,19346,1,0,30-01-2014,26,3,8
9216,1971,Graduation,Married,35788,1,1,23-01-2014,34,3,6
7124,1968,Graduation,Divorced,36997,1,1,01-02-2013,72,4,5
9727,1957,Graduation,Married,23539,0,0,28-02-2014,13,4,6
5136,1973,Graduation,Single,65333,0,1,17-01-2014,58,8,6
9790,1957,Graduation,Single,78499,0,0,23-11-2013,12,4,4
1818,1971,PhD,Together,29732,1,0,25-03-2014,23,2,9
1100,1960,Master,Together,41275,1,2,24-03-2014,33,3,5
7873,1973,PhD,Together,63516,1,1,06-07-2013,30,7,5
10609,1962,PhD,Married,42769,0,1,12-10-2013,15,4,4
6950,1958,Master,Married,49572,1,1,15-12-2013,25,3,7
7233,1972,Graduation,Married,69209,0,0,17-09-2012,4,6,4
9481,1976,Graduation,Married,17148,1,0,28-01-2014,80,3,8
7699,1969,Graduation,Widow,40590,1,1,02-10-2013,30,3,6
2711,1976,Master,Together,30560,1,0,27-06-2013,6,3,7
8933,1983,2n Cycle,Married,32146,1,0,12-05-2014,16,4,6
8726,1964,2n Cycle,Divorced,41713,1,1,29-04-2014,57,4,6
1515,1975,Master,Together,34176,0,1,22-01-2014,9,3,3
5186,1955,PhD,Married,58482,0,1,12-03-2014,59,9,6
10157,1965,Graduation,Single,59686,0,1,25-01-2014,78,6,4
5667,1964,PhD,Married,60896,0,1,11-10-2012,90,4,6
902,1980,Graduation,Together,62994,1,0,04-03-2014,74,4,6
977,1957,Graduation,Together,47320,0,1,01-08-2013,10,8,6
7313,1949,2n Cycle,Widow,74859,0,0,03-06-2013,63,11,3
7600,1992,Basic,Single,15253,1,0,28-10-2013,13,3,7
9706,1974,PhD,Single,31560,1,0,24-06-2013,98,3,8
2429,1954,Graduation,Divorced,72071,0,1,14-02-2013,4,8,2
3520,1990,Master,Single,91172,0,0,27-03-2013,94,7,3
10394,1984,Graduation,Married,90000,0,0,23-12-2013,91,5,1
4548,1981,Graduation,Single,41967,1,1,23-11-2013,66,3,4
9362,1965,Graduation,Single,69263,0,1,05-03-2014,14,7,6
3968,1970,2n Cycle,Divorced,65706,0,0,28-06-2013,77,12,7
4084,1975,Graduation,Together,60934,0,1,17-01-2014,41,11,4
6721,1951,Graduation,Married,71965,0,1,29-07-2013,21,5,3
2829,1955,Graduation,Married,65210,0,1,10-03-2014,25,8,6
1772,1975,PhD,Married,79174,0,0,11-01-2013,2,7,2
1544,1967,Master,Divorced,81380,0,0,22-12-2012,51,10,2
492,1973,PhD,YOLO,48432,0,1,18-10-2012,3,6,8
4377,1971,Graduation,Married,52914,0,1,07-01-2013,32,3,7
4541,1955,Graduation,Together,38946,0,1,24-10-2013,84,6,5
1321,1974,Graduation,Married,26067,1,0,04-11-2013,49,3,8
8858,1972,PhD,Married,44325,0,1,07-03-2013,69,7,8
3266,1964,Graduation,Married,42523,0,0,23-04-2014,96,4,2
11187,1978,Basic,Single,26487,1,0,20-05-2013,23,3,5
8207,1957,2n Cycle,Married,53233,0,1,18-03-2014,18,3,4
9723,1960,Graduation,Married,67716,0,1,10-01-2013,8,13,5
2666,1972,Master,Married,76234,0,1,06-02-2014,21,11,3
5721,1956,PhD,Married,84117,0,0,11-05-2014,60,6,2
10652,1957,Master,Together,65487,0,0,10-01-2014,48,6,2
1646,1972,Basic,Married,25224,1,0,16-03-2014,36,3,3
4418,1983,Master,Single,89616,0,0,25-02-2013,36,12,2
2656,1971,Graduation,Divorced,40851,1,1,21-02-2013,63,2,7
7990,1947,Graduation,Married,27469,0,0,02-08-2012,2,3,6
8722,1957,2n Cycle,Married,82347,0,0,06-11-2012,38,10,3
7118,1957,Graduation,Married,73803,0,1,01-08-2012,61,6,6
2980,1952,Master,Single,8820,1,1,22-03-2013,52,3,8
1839,1974,Graduation,Single,43322,0,0,21-04-2014,25,4,7
10722,1973,Graduation,Together,55593,0,1,21-08-2013,63,3,6
2632,1954,Graduation,Married,50501,1,1,18-06-2013,10,4,6
9014,1975,Graduation,Married,37085,1,1,26-06-2014,65,3,8
7620,1990,Basic,Single,16185,1,0,05-08-2013,71,2,8
10968,1969,Graduation,Single,57731,0,1,23-11-2012,0,6,6
11133,1973,PhD,YOLO,48432,0,1,18-10-2012,3,6,8
2736,1978,Graduation,Married,73807,0,1,02-01-2013,88,11,2
1876,1990,Graduation,Married,18929,0,0,16-02-2013,15,4,6
5959,1968,Graduation,Single,35893,1,1,15-10-2012,80,5,8
1092,1980,Graduation,Married,61014,0,1,11-08-2012,17,4,7
4333,1954,Graduation,Together,32144,1,1,23-03-2014,76,3,7
3850,1963,Basic,Together,14918,0,1,07-12-2012,52,3,6
6168,1963,Graduation,Divorced,45146,1,1,15-07-2013,28,2,4
607,1955,2n Cycle,Divorced,41769,0,1,13-02-2013,31,7,8
10469,1981,Graduation,Together,88325,0,0,05-02-2014,42,9,2
6983,1950,Master,Divorced,38054,1,1,01-05-2014,24,3,7
3661,1995,2n Cycle,Single,80617,0,0,12-10-2012,42,8,2
9303,1976,Graduation,Married,5305,0,1,30-07-2013,12,0,13
692,1954,Graduation,Together,36807,1,1,20-12-2012,88,2,6
736,1983,Graduation,Together,28427,1,0,21-03-2013,67,3,8
9589,1948,PhD,Widow,82032,0,0,05-04-2014,54,7,1
4838,1978,Graduation,Together,22775,1,0,19-06-2013,40,2,8
9246,1985,Master,Together,40101,1,0,14-10-2012,73,6,7
6261,1979,Graduation,Married,58025,0,1,26-11-2013,81,10,4
7366,1982,Master,Single,75777,0,0,04-07-2013,12,11,1
10659,1979,2n Cycle,Together,7500,1,0,07-05-2013,7,2,7
1448,1963,Master,Married,33562,1,2,25-06-2014,33,4,4
4286,1970,PhD,Single,57642,0,1,09-01-2014,24,6,4
4749,1968,Graduation,Together,58554,1,1,26-09-2012,55,6,7
4478,1979,Graduation,Married,63777,1,1,24-03-2013,87,6,8
4201,1962,Graduation,Single,57967,0,1,03-03-2013,39,8,5
8720,1978,2n Cycle,Together,,0,0,12-08-2012,53,1,0
10084,1972,Graduation,Married,24434,2,0,18-05-2014,9,2,7
7004,1984,Graduation,Single,11012,1,0,16-03-2013,82,2,9
9817,1970,Master,Single,44802,0,0,21-08-2012,71,12,8
8080,1986,Graduation,Single,26816,0,0,17-08-2012,50,3,4
9432,1977,Graduation,Together,666666,1,0,02-06-2013,23,3,6
8372,1974,Graduation,Married,34421,1,0,01-07-2013,81,2,7
10870,1967,Graduation,Married,61223,0,1,13-06-2013,46,4,5
4001,1946,PhD,Together,64014,2,1,10-06-2014,56,5,7
7270,1981,Graduation,Divorced,56981,0,0,25-01-2014,91,13,6
8235,1956,Master,Together,69245,0,1,24-01-2014,8,10,3
9405,1954,PhD,Married,52869,1,1,15-10-2012,40,4,7
